476 	 -167.337220000 	 6.591207000 
922 	 -167.659160000 	 6.269267000 
1340 	 -167.886550000 	 6.041877000 
1777 	 -168.109720000 	 5.818707000 
2217 	 -168.279720000 	 5.648707000 
2666 	 -168.348570000 	 5.579857000 
3110 	 -168.453890000 	 5.474537000 
3542 	 -168.552010000 	 5.376417000 
3976 	 -168.601550000 	 5.326877000 
4426 	 -168.677600000 	 5.250827000 
4884 	 -168.816200000 	 5.112227000 
5308 	 -168.919560000 	 5.008867000 
5736 	 -168.953650000 	 4.974777000 
6179 	 -168.984300000 	 4.944127000 
6596 	 -169.005600000 	 4.922827000 
7017 	 -169.079740000 	 4.848687000 
7457 	 -169.157200000 	 4.771227000 
7876 	 -169.194960000 	 4.733467000 
8296 	 -169.235020000 	 4.693407000 
8742 	 -169.254700000 	 4.673727000 
9165 	 -169.335810000 	 4.592617000 
9585 	 -169.372140000 	 4.556287000 
10014 	 -169.428010000 	 4.500417000 
10437 	 -169.511890000 	 4.416537000 
10851 	 -169.516890000 	 4.411537000 
11284 	 -169.544560000 	 4.383867000 
11719 	 -169.549250000 	 4.379177000 
12143 	 -169.564500000 	 4.363927000 
12566 	 -169.615810000 	 4.312617000 
12986 	 -169.712250000 	 4.216177000 
13391 	 -169.720420000 	 4.208007000 
13804 	 -169.781830000 	 4.146597000 
14217 	 -169.807280000 	 4.121147000 
14632 	 -169.831390000 	 4.097037000 
15030 	 -169.851370000 	 4.077057000 
15457 	 -169.882690000 	 4.045737000 
15873 	 -169.927310000 	 4.001117000 
16289 	 -169.933540000 	 3.994887000 
16692 	 -169.945180000 	 3.983247000 
17109 	 -169.969860000 	 3.958567000 
17510 	 -170.067130000 	 3.861297000 
17892 	 -170.105470000 	 3.822957000 
18296 	 -170.179400000 	 3.749027000 
18696 	 -170.192710000 	 3.735717000 
19092 	 -170.244940000 	 3.683487000 
19480 	 -170.273320000 	 3.655107000 
19895 	 -170.318900000 	 3.609527000 
20281 	 -170.326580000 	 3.601847000 
20679 	 -170.380670000 	 3.547757000 
21060 	 -170.389720000 	 3.538707000 
21431 	 -170.519500000 	 3.408927000 
21804 	 -170.567500000 	 3.360927000 
22156 	 -170.570710000 	 3.357717000 
22522 	 -170.625780000 	 3.302647000 
22889 	 -170.626700000 	 3.301727000 
23251 	 -170.642090000 	 3.286337000 
23605 	 -170.688710000 	 3.239717000 
23965 	 -170.726270000 	 3.202157000 
24309 	 -170.758210000 	 3.170217000 
24703 	 -170.782450000 	 3.145977000 
25027 	 -170.817990000 	 3.110437000 
25358 	 -170.824390000 	 3.104037000 
25699 	 -170.858680000 	 3.069747000 
26036 	 -170.861180000 	 3.067247000 
26380 	 -170.955780000 	 2.972647000 
26705 	 -170.983860000 	 2.944567000 
27056 	 -171.030060000 	 2.898367000 
27379 	 -171.047820000 	 2.880607000 
27714 	 -171.106390000 	 2.822037000 
28030 	 -171.134570000 	 2.793857000 
28300 	 -171.227140000 	 2.701287000 
28565 	 -171.274970000 	 2.653457000 
28831 	 -171.327980000 	 2.600447000 
29067 	 -171.340900000 	 2.587527000 
29318 	 -171.379930000 	 2.548497000 
29596 	 -171.404410000 	 2.524017000 
29851 	 -171.418260000 	 2.510167000 
30098 	 -171.424750000 	 2.503677000 
30351 	 -171.444880000 	 2.483547000 
30621 	 -171.460260000 	 2.468167000 
30856 	 -171.461190000 	 2.467237000 
31096 	 -171.464840000 	 2.463587000 
31336 	 -171.483900000 	 2.444527000 
31586 	 -171.493240000 	 2.435187000 
31809 	 -171.523280000 	 2.405147000 
32052 	 -171.555930000 	 2.372497000 
32284 	 -171.622440000 	 2.305987000 
32502 	 -171.656860000 	 2.271567000 
32717 	 -171.676050000 	 2.252377000 
32950 	 -171.676050000 	 2.252377000 
33217 	 -171.696170000 	 2.232257000 
33462 	 -171.705020000 	 2.223407000 
33700 	 -171.709540000 	 2.218887000 
33957 	 -171.727340000 	 2.201087000 
34202 	 -171.745440000 	 2.182987000 
34449 	 -171.779230000 	 2.149197000 
34676 	 -171.789810000 	 2.138617000 
34913 	 -171.794780000 	 2.133647000 
35157 	 -171.797350000 	 2.131077000 
35405 	 -171.846970000 	 2.081457000 
35614 	 -171.870450000 	 2.057977000 
35840 	 -171.885180000 	 2.043247000 
36052 	 -171.896500000 	 2.031927000 
36282 	 -171.896500000 	 2.031927000 
36509 	 -171.949470000 	 1.978957000 
36721 	 -171.964330000 	 1.964097000 
36964 	 -171.974690000 	 1.953737000 
37184 	 -171.977260000 	 1.951167000 
37392 	 -171.978880000 	 1.949547000 
37610 	 -171.978880000 	 1.949547000 
37859 	 -171.979760000 	 1.948667000 
38084 	 -171.994600000 	 1.933827000 
38333 	 -172.027110000 	 1.901317000 
38569 	 -172.027110000 	 1.901317000 
38806 	 -172.042930000 	 1.885497000 
39051 	 -172.049410000 	 1.879017000 
39297 	 -172.053300000 	 1.875127000 
39538 	 -172.055100000 	 1.873327000 
39772 	 -172.078860000 	 1.849567000 
40005 	 -172.110050000 	 1.818377000 
40220 	 -172.110050000 	 1.818377000 
40449 	 -172.110050000 	 1.818377000 
40664 	 -172.110050000 	 1.818377000 
40907 	 -172.110050000 	 1.818377000 
41120 	 -172.112620000 	 1.815807000 
41340 	 -172.127640000 	 1.800787000 
41573 	 -172.127900000 	 1.800527000 
41790 	 -172.127900000 	 1.800527000 
42017 	 -172.156810000 	 1.771617000 
42251 	 -172.156810000 	 1.771617000 
42481 	 -172.157990000 	 1.770437000 
42708 	 -172.158040000 	 1.770387000 
42942 	 -172.180940000 	 1.747487000 
43164 	 -172.186170000 	 1.742257000 
43373 	 -172.187190000 	 1.741237000 
43614 	 -172.187190000 	 1.741237000 
43840 	 -172.193960000 	 1.734467000 
44068 	 -172.194240000 	 1.734187000 
44317 	 -172.206940000 	 1.721487000 
44541 	 -172.210580000 	 1.717847000 
44756 	 -172.210580000 	 1.717847000 
44979 	 -172.210580000 	 1.717847000 
45202 	 -172.214330000 	 1.714097000 
45416 	 -172.214330000 	 1.714097000 
45643 	 -172.214330000 	 1.714097000 
45850 	 -172.215990000 	 1.712437000 
46081 	 -172.215990000 	 1.712437000 
46299 	 -172.215990000 	 1.712437000 
46532 	 -172.215990000 	 1.712437000 
46747 	 -172.215990000 	 1.712437000 
46962 	 -172.215990000 	 1.712437000 
47198 	 -172.215990000 	 1.712437000 
47425 	 -172.215990000 	 1.712437000 
47643 	 -172.221940000 	 1.706487000 
47867 	 -172.221940000 	 1.706487000 
48091 	 -172.236650000 	 1.691777000 
48304 	 -172.248290000 	 1.680137000 
48534 	 -172.254760000 	 1.673667000 
48751 	 -172.254830000 	 1.673597000 
48964 	 -172.264250000 	 1.664177000 
49201 	 -172.269550000 	 1.658877000 
49452 	 -172.270270000 	 1.658157000 
49691 	 -172.277910000 	 1.650517000 
49939 	 -172.300150000 	 1.628277000 
50174 	 -172.300150000 	 1.628277000 
50402 	 -172.302720000 	 1.625707000 
50646 	 -172.302720000 	 1.625707000 
50888 	 -172.314310000 	 1.614117000 
51142 	 -172.314310000 	 1.614117000 
51385 	 -172.314310000 	 1.614117000 
51596 	 -172.314310000 	 1.614117000 
51824 	 -172.314420000 	 1.614007000 
52044 	 -172.335140000 	 1.593287000 
52255 	 -172.335140000 	 1.593287000 
52466 	 -172.335140000 	 1.593287000 
52675 	 -172.335140000 	 1.593287000 
52887 	 -172.347310000 	 1.581117000 
53099 	 -172.347310000 	 1.581117000 
53333 	 -172.363050000 	 1.565377000 
53549 	 -172.363050000 	 1.565377000 
53780 	 -172.366910000 	 1.561517000 
54022 	 -172.369480000 	 1.558947000 
54258 	 -172.379540000 	 1.548887000 
54503 	 -172.379540000 	 1.548887000 
54749 	 -172.379540000 	 1.548887000 
54993 	 -172.380720000 	 1.547707000 
55235 	 -172.399810000 	 1.528617000 
55473 	 -172.399810000 	 1.528617000 
55707 	 -172.399810000 	 1.528617000 
55947 	 -172.399810000 	 1.528617000 
56152 	 -172.399810000 	 1.528617000 
56373 	 -172.403560000 	 1.524867000 
56571 	 -172.403560000 	 1.524867000 
56766 	 -172.403560000 	 1.524867000 
56983 	 -172.403560000 	 1.524867000 
57183 	 -172.407630000 	 1.520797000 
57389 	 -172.407630000 	 1.520797000 
57613 	 -172.423370000 	 1.505057000 
57830 	 -172.428640000 	 1.499787000 
58043 	 -172.428640000 	 1.499787000 
58298 	 -172.428680000 	 1.499747000 
58550 	 -172.428680000 	 1.499747000 
58789 	 -172.428680000 	 1.499747000 
59037 	 -172.428760000 	 1.499667000 
59299 	 -172.428760000 	 1.499667000 
59547 	 -172.428760000 	 1.499667000 
59772 	 -172.428760000 	 1.499667000 
60019 	 -172.430310000 	 1.498117000 
60281 	 -172.440180000 	 1.488247000 
60532 	 -172.441990000 	 1.486437000 
60733 	 -172.441990000 	 1.486437000 
60941 	 -172.441990000 	 1.486437000 
61154 	 -172.464100000 	 1.464327000 
61366 	 -172.464100000 	 1.464327000 
61585 	 -172.464100000 	 1.464327000 
61779 	 -172.471910000 	 1.456517000 
61970 	 -172.478380000 	 1.450047000 
62175 	 -172.478380000 	 1.450047000 
62375 	 -172.478380000 	 1.450047000 
62571 	 -172.478970000 	 1.449457000 
62817 	 -172.480220000 	 1.448207000 
63080 	 -172.480220000 	 1.448207000 
63331 	 -172.480220000 	 1.448207000 
63577 	 -172.495960000 	 1.432467000 
63836 	 -172.501590000 	 1.426837000 
64082 	 -172.513530000 	 1.414897000 
64348 	 -172.513530000 	 1.414897000 
64592 	 -172.519950000 	 1.408477000 
64854 	 -172.519950000 	 1.408477000 
65122 	 -172.520510000 	 1.407917000 
65321 	 -172.520510000 	 1.407917000 
65528 	 -172.536260000 	 1.392167000 
65728 	 -172.536260000 	 1.392167000 
65927 	 -172.536260000 	 1.392167000 
66125 	 -172.542730000 	 1.385697000 
66318 	 -172.543540000 	 1.384887000 
66535 	 -172.564540000 	 1.363887000 
66741 	 -172.564540000 	 1.363887000 
66955 	 -172.565720000 	 1.362707000 
67161 	 -172.572120000 	 1.356307000 
67414 	 -172.572120000 	 1.356307000 
67647 	 -172.578590000 	 1.349837000 
67897 	 -172.582340000 	 1.346087000 
68136 	 -172.584850000 	 1.343577000 
68377 	 -172.584850000 	 1.343577000 
68612 	 -172.602770000 	 1.325657000 
68869 	 -172.607300000 	 1.321127000 
69111 	 -172.625220000 	 1.303207000 
69373 	 -172.626110000 	 1.302317000 
69617 	 -172.626110000 	 1.302317000 
69811 	 -172.626110000 	 1.302317000 
70007 	 -172.628680000 	 1.299747000 
70205 	 -172.631590000 	 1.296837000 
70394 	 -172.639030000 	 1.289397000 
70597 	 -172.639030000 	 1.289397000 
70809 	 -172.639030000 	 1.289397000 
71010 	 -172.660470000 	 1.267957000 
71194 	 -172.669510000 	 1.258917000 
71387 	 -172.678550000 	 1.249877000 
71579 	 -172.678590000 	 1.249837000 
71803 	 -172.681530000 	 1.246897000 
72033 	 -172.689720000 	 1.238707000 
72271 	 -172.693510000 	 1.234917000 
72497 	 -172.694690000 	 1.233737000 
72737 	 -172.694690000 	 1.233737000 
72966 	 -172.703730000 	 1.224697000 
73199 	 -172.704910000 	 1.223517000 
73435 	 -172.704910000 	 1.223517000 
73665 	 -172.704910000 	 1.223517000 
73913 	 -172.706090000 	 1.222337000 
74144 	 -172.706090000 	 1.222337000 
74362 	 -172.714280000 	 1.214147000 
74577 	 -172.714280000 	 1.214147000 
74802 	 -172.721560000 	 1.206867000 
75043 	 -172.721560000 	 1.206867000 
75274 	 -172.721560000 	 1.206867000 
75495 	 -172.721560000 	 1.206867000 
75708 	 -172.721560000 	 1.206867000 
75933 	 -172.721560000 	 1.206867000 
76165 	 -172.721560000 	 1.206867000 
76405 	 -172.722410000 	 1.206017000 
76617 	 -172.723590000 	 1.204837000 
76845 	 -172.723590000 	 1.204837000 
77077 	 -172.731980000 	 1.196447000 
77307 	 -172.731980000 	 1.196447000 
77554 	 -172.731980000 	 1.196447000 
77800 	 -172.739560000 	 1.188867000 
78040 	 -172.739560000 	 1.188867000 
78267 	 -172.739560000 	 1.188867000 
78489 	 -172.758320000 	 1.170107000 
78707 	 -172.760890000 	 1.167537000 
78916 	 -172.760890000 	 1.167537000 
79144 	 -172.760890000 	 1.167537000 
79361 	 -172.761260000 	 1.167167000 
79587 	 -172.761260000 	 1.167167000 
79820 	 -172.761260000 	 1.167167000 
80040 	 -172.761260000 	 1.167167000 
80254 	 -172.761260000 	 1.167167000 
80469 	 -172.761260000 	 1.167167000 
80693 	 -172.761260000 	 1.167167000 
80925 	 -172.761820000 	 1.166607000 
81175 	 -172.761820000 	 1.166607000 
81433 	 -172.761820000 	 1.166607000 
81657 	 -172.783050000 	 1.145377000 
81882 	 -172.783050000 	 1.145377000 
82108 	 -172.811050000 	 1.117377000 
82331 	 -172.811050000 	 1.117377000 
82551 	 -172.825170000 	 1.103257000 
82779 	 -172.825980000 	 1.102447000 
83001 	 -172.825980000 	 1.102447000 
83207 	 -172.825980000 	 1.102447000 
83426 	 -172.825980000 	 1.102447000 
83652 	 -172.843750000 	 1.084677000 
83859 	 -172.843750000 	 1.084677000 
84076 	 -172.852790000 	 1.075637000 
84284 	 -172.861520000 	 1.066907000 
84497 	 -172.861520000 	 1.066907000 
84707 	 -172.868320000 	 1.060107000 
84909 	 -172.868320000 	 1.060107000 
85122 	 -172.868320000 	 1.060107000 
85349 	 -172.873830000 	 1.054597000 
85563 	 -172.873830000 	 1.054597000 
85805 	 -172.873920000 	 1.054507000 
86034 	 -172.880340000 	 1.048087000 
86250 	 -172.880340000 	 1.048087000 
86465 	 -172.880340000 	 1.048087000 
86683 	 -172.889380000 	 1.039047000 
86896 	 -172.889380000 	 1.039047000 
87122 	 -172.889380000 	 1.039047000 
87347 	 -172.889380000 	 1.039047000 
87564 	 -172.892320000 	 1.036107000 
87799 	 -172.892320000 	 1.036107000 
88018 	 -172.892320000 	 1.036107000 
88229 	 -172.894080000 	 1.034347000 
88449 	 -172.894080000 	 1.034347000 
88669 	 -172.894080000 	 1.034347000 
88878 	 -172.894080000 	 1.034347000 
89095 	 -172.894080000 	 1.034347000 
89322 	 -172.894080000 	 1.034347000 
89550 	 -172.894080000 	 1.034347000 
89767 	 -172.894080000 	 1.034347000 
89992 	 -172.911710000 	 1.016717000 
90196 	 -172.911710000 	 1.016717000 
90413 	 -172.912890000 	 1.015537000 
90613 	 -172.912890000 	 1.015537000 
90823 	 -172.912890000 	 1.015537000 
91061 	 -172.912890000 	 1.015537000 
91289 	 -172.912890000 	 1.015537000 
91522 	 -172.912890000 	 1.015537000 
91738 	 -172.912890000 	 1.015537000 
91978 	 -172.912890000 	 1.015537000 
92219 	 -172.912890000 	 1.015537000 
92459 	 -172.912890000 	 1.015537000 
92673 	 -172.912890000 	 1.015537000 
92934 	 -172.912890000 	 1.015537000 
93157 	 -172.912890000 	 1.015537000 
93387 	 -172.915460000 	 1.012967000 
93621 	 -172.915460000 	 1.012967000 
93854 	 -172.915460000 	 1.012967000 
94080 	 -172.915460000 	 1.012967000 
94293 	 -172.915460000 	 1.012967000 
94523 	 -172.915460000 	 1.012967000 
94746 	 -172.916650000 	 1.011777000 
94959 	 -172.916650000 	 1.011777000 
95164 	 -172.916650000 	 1.011777000 
95387 	 -172.916650000 	 1.011777000 
95598 	 -172.916650000 	 1.011777000 
95803 	 -172.916650000 	 1.011777000 
96008 	 -172.916650000 	 1.011777000 
96229 	 -172.916650000 	 1.011777000 
96485 	 -172.916650000 	 1.011777000 
96726 	 -172.916650000 	 1.011777000 
96962 	 -172.916650000 	 1.011777000 
97191 	 -172.916650000 	 1.011777000 
97430 	 -172.916650000 	 1.011777000 
97675 	 -172.916650000 	 1.011777000 
97911 	 -172.916650000 	 1.011777000 
98161 	 -172.916650000 	 1.011777000 
98411 	 -172.916650000 	 1.011777000 
98647 	 -172.916650000 	 1.011777000 
98852 	 -172.916650000 	 1.011777000 
99076 	 -172.916650000 	 1.011777000 
99280 	 -172.916650000 	 1.011777000 
99476 	 -172.916650000 	 1.011777000 
99671 	 -172.916650000 	 1.011777000 
99879 	 -172.916650000 	 1.011777000 
100081 	 -172.916650000 	 1.011777000 
100277 	 -172.916650000 	 1.011777000 
100473 	 -172.916650000 	 1.011777000 
100670 	 -172.916650000 	 1.011777000 
100915 	 -172.916650000 	 1.011777000 
101151 	 -172.925690000 	 1.002737000 
101420 	 -172.925690000 	 1.002737000 
101642 	 -172.925690000 	 1.002737000 
101889 	 -172.926870000 	 1.001557000 
102137 	 -172.926870000 	 1.001557000 
102375 	 -172.934550000 	 0.993877000 
102613 	 -172.934550000 	 0.993877000 
102866 	 -172.934550000 	 0.993877000 
103104 	 -172.934550000 	 0.993877000 
103303 	 -172.934550000 	 0.993877000 
103507 	 -172.938300000 	 0.990127000 
103716 	 -172.938300000 	 0.990127000 
103921 	 -172.938300000 	 0.990127000 
104124 	 -172.938300000 	 0.990127000 
104346 	 -172.938300000 	 0.990127000 
104556 	 -172.938300000 	 0.990127000 
104769 	 -172.950840000 	 0.977587000 
104967 	 -172.952020000 	 0.976407000 
105179 	 -172.952020000 	 0.976407000 
105424 	 -172.952020000 	 0.976407000 
105678 	 -172.952020000 	 0.976407000 
105933 	 -172.952020000 	 0.976407000 
106188 	 -172.953200000 	 0.975227000 
106451 	 -172.953200000 	 0.975227000 
106708 	 -172.953200000 	 0.975227000 
106951 	 -172.954380000 	 0.974047000 
107225 	 -172.954380000 	 0.974047000 
107475 	 -172.954380000 	 0.974047000 
107722 	 -172.954380000 	 0.974047000 
107906 	 -172.954380000 	 0.974047000 
108102 	 -172.954380000 	 0.974047000 
108307 	 -172.954380000 	 0.974047000 
108507 	 -172.954380000 	 0.974047000 
108710 	 -172.954380000 	 0.974047000 
108911 	 -172.954380000 	 0.974047000 
109108 	 -172.954380000 	 0.974047000 
109324 	 -172.954380000 	 0.974047000 
109519 	 -172.954380000 	 0.974047000 
109711 	 -172.954380000 	 0.974047000 
109960 	 -172.954380000 	 0.974047000 
110213 	 -172.954380000 	 0.974047000 
110467 	 -172.954380000 	 0.974047000 
110702 	 -172.954380000 	 0.974047000 
110952 	 -172.954380000 	 0.974047000 
111189 	 -172.954380000 	 0.974047000 
111424 	 -172.954380000 	 0.974047000 
111640 	 -172.954380000 	 0.974047000 
111876 	 -172.954380000 	 0.974047000 
112149 	 -172.954380000 	 0.974047000 
112348 	 -172.962570000 	 0.965857000 
112566 	 -172.962570000 	 0.965857000 
112766 	 -172.962570000 	 0.965857000 
112985 	 -172.962570000 	 0.965857000 
113205 	 -172.962570000 	 0.965857000 
113411 	 -172.962570000 	 0.965857000 
113631 	 -172.962570000 	 0.965857000 
113863 	 -172.962570000 	 0.965857000 
114092 	 -172.962570000 	 0.965857000 
114296 	 -172.962570000 	 0.965857000 
114530 	 -172.962570000 	 0.965857000 
114761 	 -172.962570000 	 0.965857000 
114985 	 -172.963750000 	 0.964677000 
115223 	 -172.963750000 	 0.964677000 
115447 	 -172.963750000 	 0.964677000 
115682 	 -172.963750000 	 0.964677000 
115920 	 -172.963750000 	 0.964677000 
116176 	 -172.963750000 	 0.964677000 
116403 	 -172.963750000 	 0.964677000 
116654 	 -172.963750000 	 0.964677000 
116863 	 -172.963750000 	 0.964677000 
117074 	 -172.963750000 	 0.964677000 
117293 	 -172.963750000 	 0.964677000 
117513 	 -172.963750000 	 0.964677000 
117735 	 -172.963750000 	 0.964677000 
117947 	 -172.963750000 	 0.964677000 
118158 	 -172.963750000 	 0.964677000 
118377 	 -172.963750000 	 0.964677000 
118617 	 -172.963750000 	 0.964677000 
118830 	 -172.963750000 	 0.964677000 
119070 	 -172.967690000 	 0.960737000 
119290 	 -172.967690000 	 0.960737000 
119529 	 -172.985460000 	 0.942967000 
119765 	 -172.985460000 	 0.942967000 
119990 	 -172.985460000 	 0.942967000 
120243 	 -172.985460000 	 0.942967000 
120474 	 -172.985460000 	 0.942967000 
120690 	 -172.985460000 	 0.942967000 
120930 	 -172.985460000 	 0.942967000 
121169 	 -172.985460000 	 0.942967000 
121372 	 -172.985460000 	 0.942967000 
121593 	 -172.985460000 	 0.942967000 
121798 	 -172.985460000 	 0.942967000 
122017 	 -172.985460000 	 0.942967000 
122217 	 -172.985460000 	 0.942967000 
122417 	 -172.985460000 	 0.942967000 
122623 	 -172.985460000 	 0.942967000 
122831 	 -172.986640000 	 0.941787000 
123049 	 -172.986640000 	 0.941787000 
123263 	 -172.986640000 	 0.941787000 
123506 	 -172.995680000 	 0.932747000 
123740 	 -173.001150000 	 0.927277000 
123967 	 -173.002330000 	 0.926097000 
124186 	 -173.002350000 	 0.926077000 
124413 	 -173.002350000 	 0.926077000 
124631 	 -173.002350000 	 0.926077000 
124859 	 -173.002350000 	 0.926077000 
125094 	 -173.002350000 	 0.926077000 
125308 	 -173.021200000 	 0.907227000 
125537 	 -173.023560000 	 0.904867000 
125783 	 -173.023560000 	 0.904867000 
126022 	 -173.023560000 	 0.904867000 
126258 	 -173.023560000 	 0.904867000 
126478 	 -173.023560000 	 0.904867000 
126709 	 -173.023560000 	 0.904867000 
126940 	 -173.023560000 	 0.904867000 
127173 	 -173.023560000 	 0.904867000 
127397 	 -173.024740000 	 0.903687000 
127632 	 -173.024740000 	 0.903687000 
127867 	 -173.024740000 	 0.903687000 
128085 	 -173.024740000 	 0.903687000 
128307 	 -173.024740000 	 0.903687000 
128509 	 -173.030530000 	 0.897897000 
128725 	 -173.033100000 	 0.895327000 
128938 	 -173.033100000 	 0.895327000 
129168 	 -173.033100000 	 0.895327000 
129386 	 -173.033100000 	 0.895327000 
129615 	 -173.033100000 	 0.895327000 
129825 	 -173.033100000 	 0.895327000 
130039 	 -173.043760000 	 0.884667000 
130257 	 -173.043760000 	 0.884667000 
130490 	 -173.043760000 	 0.884667000 
130726 	 -173.043760000 	 0.884667000 
130951 	 -173.043760000 	 0.884667000 
131196 	 -173.043760000 	 0.884667000 
131437 	 -173.043760000 	 0.884667000 
131680 	 -173.043760000 	 0.884667000 
131904 	 -173.043760000 	 0.884667000 
132151 	 -173.043760000 	 0.884667000 
132379 	 -173.043760000 	 0.884667000 
132583 	 -173.043760000 	 0.884667000 
132791 	 -173.043760000 	 0.884667000 
132998 	 -173.043760000 	 0.884667000 
133206 	 -173.043760000 	 0.884667000 
133419 	 -173.043760000 	 0.884667000 
133627 	 -173.043760000 	 0.884667000 
133861 	 -173.044940000 	 0.883487000 
134091 	 -173.044940000 	 0.883487000 
134308 	 -173.048510000 	 0.879917000 
134512 	 -173.048510000 	 0.879917000 
134730 	 -173.048510000 	 0.879917000 
134963 	 -173.048510000 	 0.879917000 
135192 	 -173.052150000 	 0.876277000 
135439 	 -173.052150000 	 0.876277000 
135672 	 -173.052150000 	 0.876277000 
135892 	 -173.052150000 	 0.876277000 
136118 	 -173.052150000 	 0.876277000 
136345 	 -173.052150000 	 0.876277000 
136575 	 -173.052150000 	 0.876277000 
136827 	 -173.052150000 	 0.876277000 
137038 	 -173.052150000 	 0.876277000 
137255 	 -173.052150000 	 0.876277000 
137468 	 -173.052150000 	 0.876277000 
137685 	 -173.052150000 	 0.876277000 
137893 	 -173.052150000 	 0.876277000 
138111 	 -173.052150000 	 0.876277000 
138321 	 -173.052150000 	 0.876277000 
138544 	 -173.052150000 	 0.876277000 
138760 	 -173.052150000 	 0.876277000 
138967 	 -173.052150000 	 0.876277000 
139204 	 -173.052150000 	 0.876277000 
139442 	 -173.052150000 	 0.876277000 
139660 	 -173.053330000 	 0.875097000 
139877 	 -173.053330000 	 0.875097000 
140105 	 -173.053330000 	 0.875097000 
140340 	 -173.053330000 	 0.875097000 
140561 	 -173.053330000 	 0.875097000 
140785 	 -173.053330000 	 0.875097000 
141000 	 -173.053330000 	 0.875097000 
141233 	 -173.053330000 	 0.875097000 
141433 	 -173.053330000 	 0.875097000 
141638 	 -173.053330000 	 0.875097000 
141850 	 -173.053330000 	 0.875097000 
142052 	 -173.053330000 	 0.875097000 
142256 	 -173.053330000 	 0.875097000 
142453 	 -173.053330000 	 0.875097000 
142658 	 -173.053330000 	 0.875097000 
142875 	 -173.053330000 	 0.875097000 
143073 	 -173.053330000 	 0.875097000 
143280 	 -173.054510000 	 0.873917000 
143525 	 -173.055690000 	 0.872737000 
143771 	 -173.055690000 	 0.872737000 
144006 	 -173.055690000 	 0.872737000 
144262 	 -173.055690000 	 0.872737000 
144510 	 -173.056870000 	 0.871557000 
144755 	 -173.065860000 	 0.862567000 
144992 	 -173.065860000 	 0.862567000 
145238 	 -173.065860000 	 0.862567000 
145474 	 -173.065860000 	 0.862567000 
145729 	 -173.065860000 	 0.862567000 
145931 	 -173.065860000 	 0.862567000 
146124 	 -173.065860000 	 0.862567000 
146323 	 -173.067040000 	 0.861387000 
146533 	 -173.067040000 	 0.861387000 
146726 	 -173.067040000 	 0.861387000 
146918 	 -173.074350000 	 0.854077000 
147109 	 -173.074350000 	 0.854077000 
147313 	 -173.074350000 	 0.854077000 
147507 	 -173.074350000 	 0.854077000 
147732 	 -173.074350000 	 0.854077000 
147970 	 -173.083390000 	 0.845037000 
148202 	 -173.083390000 	 0.845037000 
148445 	 -173.083390000 	 0.845037000 
148708 	 -173.101160000 	 0.827267000 
148971 	 -173.101160000 	 0.827267000 
149204 	 -173.101160000 	 0.827267000 
149460 	 -173.101160000 	 0.827267000 
149703 	 -173.101160000 	 0.827267000 
149953 	 -173.101160000 	 0.827267000 
150207 	 -173.101160000 	 0.827267000 
150427 	 -173.101160000 	 0.827267000 
150642 	 -173.101160000 	 0.827267000 
150852 	 -173.101160000 	 0.827267000 
151058 	 -173.101160000 	 0.827267000 
151274 	 -173.101160000 	 0.827267000 
151483 	 -173.101160000 	 0.827267000 
151682 	 -173.101160000 	 0.827267000 
151877 	 -173.101160000 	 0.827267000 
152085 	 -173.101160000 	 0.827267000 
152312 	 -173.101160000 	 0.827267000 
152562 	 -173.101160000 	 0.827267000 
152786 	 -173.101160000 	 0.827267000 
153034 	 -173.101160000 	 0.827267000 
153288 	 -173.101160000 	 0.827267000 
153513 	 -173.106820000 	 0.821607000 
153764 	 -173.106820000 	 0.821607000 
153998 	 -173.106820000 	 0.821607000 
154228 	 -173.106820000 	 0.821607000 
154488 	 -173.106820000 	 0.821607000 
154745 	 -173.106820000 	 0.821607000 
154959 	 -173.106820000 	 0.821607000 
155187 	 -173.109390000 	 0.819037000 
155398 	 -173.109390000 	 0.819037000 
155610 	 -173.109390000 	 0.819037000 
155809 	 -173.110570000 	 0.817857000 
156011 	 -173.110570000 	 0.817857000 
156216 	 -173.110570000 	 0.817857000 
156414 	 -173.110570000 	 0.817857000 
156620 	 -173.110570000 	 0.817857000 
156829 	 -173.110570000 	 0.817857000 
157060 	 -173.110570000 	 0.817857000 
157278 	 -173.110570000 	 0.817857000 
157522 	 -173.110570000 	 0.817857000 
157760 	 -173.110570000 	 0.817857000 
157987 	 -173.110570000 	 0.817857000 
158228 	 -173.110570000 	 0.817857000 
158453 	 -173.110570000 	 0.817857000 
158692 	 -173.110570000 	 0.817857000 
158943 	 -173.110570000 	 0.817857000 
159176 	 -173.110570000 	 0.817857000 
159399 	 -173.110570000 	 0.817857000 
159606 	 -173.110570000 	 0.817857000 
159835 	 -173.119610000 	 0.808817000 
160057 	 -173.119610000 	 0.808817000 
160278 	 -173.119610000 	 0.808817000 
160486 	 -173.119610000 	 0.808817000 
160716 	 -173.119610000 	 0.808817000 
160933 	 -173.122180000 	 0.806247000 
161142 	 -173.122180000 	 0.806247000 
161357 	 -173.122180000 	 0.806247000 
161569 	 -173.122180000 	 0.806247000 
161781 	 -173.139950000 	 0.788477000 
162010 	 -173.139950000 	 0.788477000 
162227 	 -173.141130000 	 0.787297000 
162460 	 -173.141130000 	 0.787297000 
162692 	 -173.141130000 	 0.787297000 
162934 	 -173.141130000 	 0.787297000 
163182 	 -173.141130000 	 0.787297000 
163440 	 -173.141130000 	 0.787297000 
163673 	 -173.141130000 	 0.787297000 
163919 	 -173.141130000 	 0.787297000 
164140 	 -173.141130000 	 0.787297000 
164350 	 -173.141130000 	 0.787297000 
164561 	 -173.141130000 	 0.787297000 
164793 	 -173.141130000 	 0.787297000 
165013 	 -173.142310000 	 0.786117000 
165256 	 -173.142310000 	 0.786117000 
165475 	 -173.142310000 	 0.786117000 
165702 	 -173.142310000 	 0.786117000 
165920 	 -173.142310000 	 0.786117000 
166160 	 -173.142310000 	 0.786117000 
166402 	 -173.150250000 	 0.778177000 
166619 	 -173.151430000 	 0.776997000 
166858 	 -173.152610000 	 0.775817000 
167074 	 -173.152610000 	 0.775817000 
167294 	 -173.152610000 	 0.775817000 
167519 	 -173.152610000 	 0.775817000 
167734 	 -173.152610000 	 0.775817000 
167961 	 -173.152610000 	 0.775817000 
168196 	 -173.152610000 	 0.775817000 
168423 	 -173.152610000 	 0.775817000 
168635 	 -173.152610000 	 0.775817000 
168843 	 -173.152610000 	 0.775817000 
169081 	 -173.152610000 	 0.775817000 
169289 	 -173.159540000 	 0.768887000 
169500 	 -173.159540000 	 0.768887000 
169718 	 -173.159540000 	 0.768887000 
169924 	 -173.159540000 	 0.768887000 
170136 	 -173.159540000 	 0.768887000 
170355 	 -173.159540000 	 0.768887000 
170580 	 -173.159540000 	 0.768887000 
170803 	 -173.159540000 	 0.768887000 
171056 	 -173.160720000 	 0.767707000 
171285 	 -173.160720000 	 0.767707000 
171506 	 -173.160720000 	 0.767707000 
171719 	 -173.160720000 	 0.767707000 
171939 	 -173.160720000 	 0.767707000 
172154 	 -173.160720000 	 0.767707000 
172366 	 -173.160720000 	 0.767707000 
172577 	 -173.160720000 	 0.767707000 
172817 	 -173.160720000 	 0.767707000 
173049 	 -173.160720000 	 0.767707000 
173272 	 -173.160720000 	 0.767707000 
173509 	 -173.160720000 	 0.767707000 
173743 	 -173.160720000 	 0.767707000 
173975 	 -173.160720000 	 0.767707000 
174196 	 -173.160720000 	 0.767707000 
174427 	 -173.160720000 	 0.767707000 
174648 	 -173.160720000 	 0.767707000 
174869 	 -173.160720000 	 0.767707000 
175088 	 -173.160720000 	 0.767707000 
175296 	 -173.160720000 	 0.767707000 
175530 	 -173.160720000 	 0.767707000 
175733 	 -173.160720000 	 0.767707000 
175955 	 -173.160720000 	 0.767707000 
176168 	 -173.160720000 	 0.767707000 
176391 	 -173.160720000 	 0.767707000 
176606 	 -173.160720000 	 0.767707000 
176828 	 -173.160720000 	 0.767707000 
177051 	 -173.160720000 	 0.767707000 
177278 	 -173.160720000 	 0.767707000 
177493 	 -173.160720000 	 0.767707000 
177708 	 -173.160720000 	 0.767707000 
177941 	 -173.160720000 	 0.767707000 
178171 	 -173.160720000 	 0.767707000 
178407 	 -173.160720000 	 0.767707000 
178646 	 -173.168660000 	 0.759767000 
178894 	 -173.168660000 	 0.759767000 
179121 	 -173.169840000 	 0.758587000 
179353 	 -173.169840000 	 0.758587000 
179566 	 -173.169840000 	 0.758587000 
179798 	 -173.169840000 	 0.758587000 
180009 	 -173.169840000 	 0.758587000 
180215 	 -173.169840000 	 0.758587000 
180430 	 -173.169840000 	 0.758587000 
180636 	 -173.169840000 	 0.758587000 
180860 	 -173.169840000 	 0.758587000 
181054 	 -173.169840000 	 0.758587000 
181263 	 -173.169840000 	 0.758587000 
181497 	 -173.169840000 	 0.758587000 
181728 	 -173.169840000 	 0.758587000 
181958 	 -173.169840000 	 0.758587000 
182184 	 -173.169840000 	 0.758587000 
182420 	 -173.169840000 	 0.758587000 
182655 	 -173.169840000 	 0.758587000 
182885 	 -173.169840000 	 0.758587000 
183115 	 -173.169840000 	 0.758587000 
183347 	 -173.169840000 	 0.758587000 
183581 	 -173.169840000 	 0.758587000 
183803 	 -173.169840000 	 0.758587000 
184005 	 -173.169840000 	 0.758587000 
184221 	 -173.171020000 	 0.757407000 
184445 	 -173.171020000 	 0.757407000 
184648 	 -173.171020000 	 0.757407000 
184847 	 -173.171020000 	 0.757407000 
185046 	 -173.171020000 	 0.757407000 
185246 	 -173.171020000 	 0.757407000 
185462 	 -173.171020000 	 0.757407000 
185683 	 -173.171350000 	 0.757077000 
185883 	 -173.171350000 	 0.757077000 
186115 	 -173.171350000 	 0.757077000 
186341 	 -173.171350000 	 0.757077000 
186585 	 -173.171350000 	 0.757077000 
186800 	 -173.171350000 	 0.757077000 
187036 	 -173.171350000 	 0.757077000 
187272 	 -173.171350000 	 0.757077000 
187501 	 -173.171350000 	 0.757077000 
187722 	 -173.171350000 	 0.757077000 
187953 	 -173.171350000 	 0.757077000 
188180 	 -173.171350000 	 0.757077000 
188374 	 -173.171350000 	 0.757077000 
188574 	 -173.171350000 	 0.757077000 
188769 	 -173.171350000 	 0.757077000 
188972 	 -173.171350000 	 0.757077000 
189180 	 -173.171350000 	 0.757077000 
189379 	 -173.171350000 	 0.757077000 
189581 	 -173.172530000 	 0.755897000 
189778 	 -173.172530000 	 0.755897000 
189992 	 -173.173710000 	 0.754717000 
190198 	 -173.173710000 	 0.754717000 
190420 	 -173.173710000 	 0.754717000 
190666 	 -173.173710000 	 0.754717000 
190899 	 -173.173710000 	 0.754717000 
191145 	 -173.173710000 	 0.754717000 
191390 	 -173.173710000 	 0.754717000 
191635 	 -173.173710000 	 0.754717000 
191867 	 -173.173710000 	 0.754717000 
192097 	 -173.173710000 	 0.754717000 
192329 	 -173.173710000 	 0.754717000 
192561 	 -173.173710000 	 0.754717000 
192762 	 -173.173710000 	 0.754717000 
192969 	 -173.173710000 	 0.754717000 
193169 	 -173.173710000 	 0.754717000 
193378 	 -173.173710000 	 0.754717000 
193580 	 -173.173710000 	 0.754717000 
193779 	 -173.173710000 	 0.754717000 
193973 	 -173.173710000 	 0.754717000 
194172 	 -173.173710000 	 0.754717000 
194369 	 -173.173710000 	 0.754717000 
194576 	 -173.173710000 	 0.754717000 
194816 	 -173.173710000 	 0.754717000 
195066 	 -173.173710000 	 0.754717000 
195307 	 -173.173710000 	 0.754717000 
195567 	 -173.173710000 	 0.754717000 
195808 	 -173.173710000 	 0.754717000 
196037 	 -173.173710000 	 0.754717000 
196268 	 -173.173710000 	 0.754717000 
196487 	 -173.173710000 	 0.754717000 
196727 	 -173.173710000 	 0.754717000 
196948 	 -173.173710000 	 0.754717000 
197158 	 -173.173710000 	 0.754717000 
197368 	 -173.173710000 	 0.754717000 
197572 	 -173.173710000 	 0.754717000 
197773 	 -173.173710000 	 0.754717000 
197985 	 -173.173710000 	 0.754717000 
198176 	 -173.173710000 	 0.754717000 
198373 	 -173.173710000 	 0.754717000 
198593 	 -173.174890000 	 0.753537000 
198803 	 -173.174890000 	 0.753537000 
199004 	 -173.174890000 	 0.753537000 
199242 	 -173.174890000 	 0.753537000 
199487 	 -173.174890000 	 0.753537000 
199738 	 -173.174890000 	 0.753537000 
199975 	 -173.174890000 	 0.753537000 
200205 	 -173.174890000 	 0.753537000 
200441 	 -173.174890000 	 0.753537000 
200683 	 -173.174890000 	 0.753537000 
200933 	 -173.174890000 	 0.753537000 
201189 	 -173.174890000 	 0.753537000 
201435 	 -173.174890000 	 0.753537000 
201637 	 -173.174890000 	 0.753537000 
201844 	 -173.174890000 	 0.753537000 
202064 	 -173.174890000 	 0.753537000 
202279 	 -173.174890000 	 0.753537000 
202481 	 -173.174890000 	 0.753537000 
202690 	 -173.174890000 	 0.753537000 
202885 	 -173.176070000 	 0.752357000 
203087 	 -173.176070000 	 0.752357000 
203284 	 -173.176070000 	 0.752357000 
203498 	 -173.176070000 	 0.752357000 
203724 	 -173.176070000 	 0.752357000 
203968 	 -173.176070000 	 0.752357000 
204214 	 -173.176070000 	 0.752357000 
204440 	 -173.176070000 	 0.752357000 
204691 	 -173.176070000 	 0.752357000 
204937 	 -173.176070000 	 0.752357000 
205183 	 -173.176070000 	 0.752357000 
205410 	 -173.176070000 	 0.752357000 
205648 	 -173.176070000 	 0.752357000 
205892 	 -173.176070000 	 0.752357000 
206083 	 -173.176070000 	 0.752357000 
206287 	 -173.176070000 	 0.752357000 
206497 	 -173.176070000 	 0.752357000 
206707 	 -173.176070000 	 0.752357000 
206906 	 -173.176070000 	 0.752357000 
207122 	 -173.176070000 	 0.752357000 
207325 	 -173.176070000 	 0.752357000 
207530 	 -173.176070000 	 0.752357000 
207737 	 -173.176070000 	 0.752357000 
207938 	 -173.176070000 	 0.752357000 
208160 	 -173.176070000 	 0.752357000 
208393 	 -173.176070000 	 0.752357000 
208605 	 -173.176070000 	 0.752357000 
208843 	 -173.176070000 	 0.752357000 
209074 	 -173.176070000 	 0.752357000 
209296 	 -173.176070000 	 0.752357000 
209512 	 -173.176070000 	 0.752357000 
209722 	 -173.176070000 	 0.752357000 
209956 	 -173.176070000 	 0.752357000 
210177 	 -173.176070000 	 0.752357000 
210405 	 -173.176070000 	 0.752357000 
210630 	 -173.176070000 	 0.752357000 
210843 	 -173.176070000 	 0.752357000 
211059 	 -173.176070000 	 0.752357000 
211262 	 -173.176070000 	 0.752357000 
211480 	 -173.177250000 	 0.751177000 
211706 	 -173.177250000 	 0.751177000 
211917 	 -173.177250000 	 0.751177000 
212141 	 -173.177250000 	 0.751177000 
212353 	 -173.177250000 	 0.751177000 
212562 	 -173.177250000 	 0.751177000 
212784 	 -173.177250000 	 0.751177000 
212996 	 -173.177250000 	 0.751177000 
213207 	 -173.177250000 	 0.751177000 
213444 	 -173.177250000 	 0.751177000 
213669 	 -173.177250000 	 0.751177000 
213902 	 -173.177250000 	 0.751177000 
214128 	 -173.177250000 	 0.751177000 
214350 	 -173.177250000 	 0.751177000 
214584 	 -173.177250000 	 0.751177000 
214807 	 -173.177250000 	 0.751177000 
215043 	 -173.177250000 	 0.751177000 
215274 	 -173.177250000 	 0.751177000 
215505 	 -173.177250000 	 0.751177000 
215729 	 -173.177250000 	 0.751177000 
215965 	 -173.177250000 	 0.751177000 
216198 	 -173.177250000 	 0.751177000 
216444 	 -173.177250000 	 0.751177000 
216680 	 -173.177250000 	 0.751177000 
216915 	 -173.177250000 	 0.751177000 
217134 	 -173.177250000 	 0.751177000 
217372 	 -173.177250000 	 0.751177000 
217587 	 -173.177250000 	 0.751177000 
217803 	 -173.177250000 	 0.751177000 
218006 	 -173.177250000 	 0.751177000 
218238 	 -173.177250000 	 0.751177000 
218467 	 -173.177250000 	 0.751177000 
218677 	 -173.177250000 	 0.751177000 
218905 	 -173.177250000 	 0.751177000 
219154 	 -173.177250000 	 0.751177000 
219352 	 -173.177250000 	 0.751177000 
219581 	 -173.177250000 	 0.751177000 
219827 	 -173.177250000 	 0.751177000 
220044 	 -173.177250000 	 0.751177000 
220247 	 -173.177250000 	 0.751177000 
220480 	 -173.178430000 	 0.749997000 
220701 	 -173.178430000 	 0.749997000 
220925 	 -173.178430000 	 0.749997000 
221141 	 -173.178430000 	 0.749997000 
221377 	 -173.178430000 	 0.749997000 
221588 	 -173.178430000 	 0.749997000 
221788 	 -173.178430000 	 0.749997000 
222002 	 -173.178430000 	 0.749997000 
222223 	 -173.178430000 	 0.749997000 
222446 	 -173.178430000 	 0.749997000 
222655 	 -173.178430000 	 0.749997000 
222870 	 -173.178430000 	 0.749997000 
223094 	 -173.178430000 	 0.749997000 
223306 	 -173.178430000 	 0.749997000 
223524 	 -173.178430000 	 0.749997000 
223761 	 -173.178430000 	 0.749997000 
223994 	 -173.178430000 	 0.749997000 
224231 	 -173.178430000 	 0.749997000 
224461 	 -173.178430000 	 0.749997000 
224704 	 -173.178430000 	 0.749997000 
224949 	 -173.178430000 	 0.749997000 
225185 	 -173.178430000 	 0.749997000 
225400 	 -173.178430000 	 0.749997000 
225632 	 -173.178430000 	 0.749997000 
225875 	 -173.178430000 	 0.749997000 
226077 	 -173.178430000 	 0.749997000 
226280 	 -173.178430000 	 0.749997000 
226499 	 -173.178430000 	 0.749997000 
226685 	 -173.178430000 	 0.749997000 
226882 	 -173.178430000 	 0.749997000 
227092 	 -173.178430000 	 0.749997000 
227323 	 -173.178430000 	 0.749997000 
227540 	 -173.178430000 	 0.749997000 
227748 	 -173.178430000 	 0.749997000 
227959 	 -173.178430000 	 0.749997000 
228197 	 -173.178430000 	 0.749997000 
228434 	 -173.178430000 	 0.749997000 
228653 	 -173.178430000 	 0.749997000 
228883 	 -173.178430000 	 0.749997000 
229106 	 -173.178430000 	 0.749997000 
229345 	 -173.178430000 	 0.749997000 
229583 	 -173.178430000 	 0.749997000 
229810 	 -173.178430000 	 0.749997000 
230058 	 -173.178430000 	 0.749997000 
230286 	 -173.178430000 	 0.749997000 
230488 	 -173.179610000 	 0.748817000 
230689 	 -173.179610000 	 0.748817000 
230886 	 -173.179610000 	 0.748817000 
231085 	 -173.179610000 	 0.748817000 
231283 	 -173.179610000 	 0.748817000 
231480 	 -173.179610000 	 0.748817000 
231678 	 -173.179610000 	 0.748817000 
231880 	 -173.179610000 	 0.748817000 
232073 	 -173.179610000 	 0.748817000 
232279 	 -173.180790000 	 0.747637000 
232519 	 -173.180790000 	 0.747637000 
232762 	 -173.180790000 	 0.747637000 
232988 	 -173.180790000 	 0.747637000 
233228 	 -173.180790000 	 0.747637000 
233471 	 -173.180790000 	 0.747637000 
233719 	 -173.180790000 	 0.747637000 
233956 	 -173.180790000 	 0.747637000 
234201 	 -173.180790000 	 0.747637000 
234448 	 -173.180790000 	 0.747637000 
234686 	 -173.180790000 	 0.747637000 
234901 	 -173.180790000 	 0.747637000 
235104 	 -173.181970000 	 0.746457000 
235293 	 -173.181970000 	 0.746457000 
235503 	 -173.181970000 	 0.746457000 
235702 	 -173.181970000 	 0.746457000 
235910 	 -173.181970000 	 0.746457000 
236107 	 -173.181970000 	 0.746457000 
236317 	 -173.181970000 	 0.746457000 
236516 	 -173.181970000 	 0.746457000 
236706 	 -173.181970000 	 0.746457000 
236928 	 -173.181970000 	 0.746457000 
237146 	 -173.181970000 	 0.746457000 
237371 	 -173.181970000 	 0.746457000 
237629 	 -173.181970000 	 0.746457000 
237863 	 -173.181970000 	 0.746457000 
238105 	 -173.183150000 	 0.745277000 
238357 	 -173.183150000 	 0.745277000 
238581 	 -173.183150000 	 0.745277000 
238819 	 -173.183150000 	 0.745277000 
239068 	 -173.183150000 	 0.745277000 
239278 	 -173.183150000 	 0.745277000 
239483 	 -173.184330000 	 0.744097000 
239687 	 -173.184330000 	 0.744097000 
239890 	 -173.184330000 	 0.744097000 
240089 	 -173.184330000 	 0.744097000 
240281 	 -173.184330000 	 0.744097000 
240495 	 -173.184330000 	 0.744097000 
240687 	 -173.184330000 	 0.744097000 
240897 	 -173.190840000 	 0.737587000 
241083 	 -173.190840000 	 0.737587000 
241324 	 -173.193410000 	 0.735017000 
241581 	 -173.193410000 	 0.735017000 
241844 	 -173.193410000 	 0.735017000 
242103 	 -173.193410000 	 0.735017000 
242342 	 -173.193410000 	 0.735017000 
242583 	 -173.193410000 	 0.735017000 
242826 	 -173.193410000 	 0.735017000 
243069 	 -173.193410000 	 0.735017000 
243296 	 -173.194590000 	 0.733837000 
243538 	 -173.195770000 	 0.732657000 
243737 	 -173.195770000 	 0.732657000 
243939 	 -173.195770000 	 0.732657000 
244146 	 -173.195770000 	 0.732657000 
244345 	 -173.195770000 	 0.732657000 
244536 	 -173.195770000 	 0.732657000 
244730 	 -173.195770000 	 0.732657000 
244919 	 -173.195770000 	 0.732657000 
245119 	 -173.195770000 	 0.732657000 
245328 	 -173.195770000 	 0.732657000 
245522 	 -173.195770000 	 0.732657000 
245765 	 -173.195770000 	 0.732657000 
246006 	 -173.195770000 	 0.732657000 
246262 	 -173.195770000 	 0.732657000 
246516 	 -173.195770000 	 0.732657000 
246768 	 -173.195770000 	 0.732657000 
247008 	 -173.196930000 	 0.731497000 
247260 	 -173.196930000 	 0.731497000 
247483 	 -173.196930000 	 0.731497000 
247742 	 -173.196930000 	 0.731497000 
247976 	 -173.198600000 	 0.729827000 
248189 	 -173.198600000 	 0.729827000 
248381 	 -173.198600000 	 0.729827000 
248571 	 -173.221480000 	 0.706947000 
248783 	 -173.221480000 	 0.706947000 
249002 	 -173.221480000 	 0.706947000 
249218 	 -173.221480000 	 0.706947000 
249417 	 -173.221480000 	 0.706947000 
249624 	 -173.221480000 	 0.706947000 
249843 	 -173.221480000 	 0.706947000 
250047 	 -173.221480000 	 0.706947000 
250274 	 -173.221480000 	 0.706947000 
250523 	 -173.221480000 	 0.706947000 
250743 	 -173.221480000 	 0.706947000 
250973 	 -173.221480000 	 0.706947000 
251191 	 -173.221480000 	 0.706947000 
251415 	 -173.222660000 	 0.705767000 
251645 	 -173.222660000 	 0.705767000 
251897 	 -173.222660000 	 0.705767000 
252112 	 -173.222660000 	 0.705767000 
252338 	 -173.222660000 	 0.705767000 
252541 	 -173.222660000 	 0.705767000 
252746 	 -173.222660000 	 0.705767000 
252950 	 -173.222660000 	 0.705767000 
253153 	 -173.222660000 	 0.705767000 
253359 	 -173.223840000 	 0.704587000 
253574 	 -173.223840000 	 0.704587000 
253796 	 -173.223840000 	 0.704587000 
254029 	 -173.223840000 	 0.704587000 
254230 	 -173.223840000 	 0.704587000 
254443 	 -173.223840000 	 0.704587000 
254664 	 -173.224790000 	 0.703637000 
254876 	 -173.224790000 	 0.703637000 
255096 	 -173.224790000 	 0.703637000 
255312 	 -173.224790000 	 0.703637000 
255539 	 -173.224790000 	 0.703637000 
255759 	 -173.225970000 	 0.702457000 
255984 	 -173.225970000 	 0.702457000 
256220 	 -173.225970000 	 0.702457000 
256440 	 -173.225970000 	 0.702457000 
256669 	 -173.225970000 	 0.702457000 
256868 	 -173.225970000 	 0.702457000 
257077 	 -173.225970000 	 0.702457000 
257292 	 -173.225970000 	 0.702457000 
257502 	 -173.225970000 	 0.702457000 
257718 	 -173.225970000 	 0.702457000 
257919 	 -173.225970000 	 0.702457000 
258135 	 -173.225970000 	 0.702457000 
258362 	 -173.225970000 	 0.702457000 
258585 	 -173.225970000 	 0.702457000 
258798 	 -173.225970000 	 0.702457000 
259016 	 -173.225970000 	 0.702457000 
259226 	 -173.225970000 	 0.702457000 
259444 	 -173.225970000 	 0.702457000 
259664 	 -173.225970000 	 0.702457000 
259887 	 -173.226000000 	 0.702427000 
260102 	 -173.226000000 	 0.702427000 
260330 	 -173.226000000 	 0.702427000 
260566 	 -173.226000000 	 0.702427000 
260771 	 -173.226000000 	 0.702427000 
260970 	 -173.226000000 	 0.702427000 
261191 	 -173.226000000 	 0.702427000 
261410 	 -173.226000000 	 0.702427000 
261642 	 -173.226000000 	 0.702427000 
261862 	 -173.226000000 	 0.702427000 
262080 	 -173.226000000 	 0.702427000 
262314 	 -173.226000000 	 0.702427000 
262545 	 -173.226000000 	 0.702427000 
262763 	 -173.226000000 	 0.702427000 
262987 	 -173.226000000 	 0.702427000 
263227 	 -173.226000000 	 0.702427000 
263442 	 -173.226000000 	 0.702427000 
263656 	 -173.226000000 	 0.702427000 
263874 	 -173.226000000 	 0.702427000 
264096 	 -173.226000000 	 0.702427000 
264317 	 -173.226000000 	 0.702427000 
264540 	 -173.226000000 	 0.702427000 
264754 	 -173.226000000 	 0.702427000 
264963 	 -173.226000000 	 0.702427000 
265188 	 -173.226000000 	 0.702427000 
265402 	 -173.226000000 	 0.702427000 
265627 	 -173.226000000 	 0.702427000 
265862 	 -173.226000000 	 0.702427000 
266103 	 -173.226000000 	 0.702427000 
266322 	 -173.226000000 	 0.702427000 
266543 	 -173.226000000 	 0.702427000 
266781 	 -173.226000000 	 0.702427000 
266985 	 -173.226000000 	 0.702427000 
267213 	 -173.226000000 	 0.702427000 
267440 	 -173.226000000 	 0.702427000 
267662 	 -173.226000000 	 0.702427000 
267873 	 -173.226000000 	 0.702427000 
268084 	 -173.250730000 	 0.677697000 
268290 	 -173.250730000 	 0.677697000 
268509 	 -173.250730000 	 0.677697000 
268718 	 -173.250730000 	 0.677697000 
268927 	 -173.250730000 	 0.677697000 
269126 	 -173.250730000 	 0.677697000 
269322 	 -173.250730000 	 0.677697000 
269534 	 -173.250730000 	 0.677697000 
269746 	 -173.250730000 	 0.677697000 
270002 	 -173.250730000 	 0.677697000 
270237 	 -173.250730000 	 0.677697000 
270480 	 -173.250730000 	 0.677697000 
270711 	 -173.250730000 	 0.677697000 
270927 	 -173.250730000 	 0.677697000 
271160 	 -173.250730000 	 0.677697000 
271410 	 -173.250730000 	 0.677697000 
271656 	 -173.250730000 	 0.677697000 
271898 	 -173.250730000 	 0.677697000 
272160 	 -173.250730000 	 0.677697000 
272374 	 -173.250730000 	 0.677697000 
272577 	 -173.250730000 	 0.677697000 
272780 	 -173.250730000 	 0.677697000 
272990 	 -173.250730000 	 0.677697000 
273189 	 -173.250730000 	 0.677697000 
273396 	 -173.250730000 	 0.677697000 
273607 	 -173.250730000 	 0.677697000 
273805 	 -173.250730000 	 0.677697000 
274012 	 -173.250730000 	 0.677697000 
274237 	 -173.250730000 	 0.677697000 
274457 	 -173.250730000 	 0.677697000 
274691 	 -173.250730000 	 0.677697000 
274937 	 -173.250730000 	 0.677697000 
275173 	 -173.250730000 	 0.677697000 
275412 	 -173.250730000 	 0.677697000 
275634 	 -173.251910000 	 0.676517000 
275862 	 -173.251910000 	 0.676517000 
276087 	 -173.251910000 	 0.676517000 
276303 	 -173.251910000 	 0.676517000 
276527 	 -173.251910000 	 0.676517000 
276724 	 -173.251910000 	 0.676517000 
276912 	 -173.251910000 	 0.676517000 
277134 	 -173.251910000 	 0.676517000 
277336 	 -173.251910000 	 0.676517000 
277547 	 -173.251910000 	 0.676517000 
277754 	 -173.251910000 	 0.676517000 
277949 	 -173.251910000 	 0.676517000 
278153 	 -173.251910000 	 0.676517000 
278344 	 -173.251910000 	 0.676517000 
278530 	 -173.251910000 	 0.676517000 
278775 	 -173.251910000 	 0.676517000 
279041 	 -173.251910000 	 0.676517000 
279293 	 -173.251910000 	 0.676517000 
279540 	 -173.251910000 	 0.676517000 
279772 	 -173.251910000 	 0.676517000 
280012 	 -173.251910000 	 0.676517000 
280254 	 -173.251910000 	 0.676517000 
280492 	 -173.251910000 	 0.676517000 
280720 	 -173.251910000 	 0.676517000 
280966 	 -173.251910000 	 0.676517000 
281176 	 -173.251910000 	 0.676517000 
281379 	 -173.251910000 	 0.676517000 
281589 	 -173.251910000 	 0.676517000 
281792 	 -173.251910000 	 0.676517000 
281997 	 -173.251910000 	 0.676517000 
282192 	 -173.251910000 	 0.676517000 
282407 	 -173.251910000 	 0.676517000 
282606 	 -173.251910000 	 0.676517000 
282818 	 -173.251910000 	 0.676517000 
283026 	 -173.251910000 	 0.676517000 
283268 	 -173.251910000 	 0.676517000 
283491 	 -173.251910000 	 0.676517000 
283725 	 -173.251910000 	 0.676517000 
283944 	 -173.251910000 	 0.676517000 
284180 	 -173.251910000 	 0.676517000 
284413 	 -173.253090000 	 0.675337000 
284656 	 -173.253090000 	 0.675337000 
284902 	 -173.253090000 	 0.675337000 
285125 	 -173.253090000 	 0.675337000 
285358 	 -173.253090000 	 0.675337000 
285566 	 -173.253090000 	 0.675337000 
285762 	 -173.253090000 	 0.675337000 
285955 	 -173.253090000 	 0.675337000 
286160 	 -173.253090000 	 0.675337000 
286364 	 -173.253090000 	 0.675337000 
286570 	 -173.253090000 	 0.675337000 
286756 	 -173.253090000 	 0.675337000 
286952 	 -173.253090000 	 0.675337000 
287152 	 -173.253090000 	 0.675337000 
287352 	 -173.253090000 	 0.675337000 
287588 	 -173.253090000 	 0.675337000 
287823 	 -173.253090000 	 0.675337000 
288062 	 -173.253090000 	 0.675337000 
288301 	 -173.253090000 	 0.675337000 
288536 	 -173.253090000 	 0.675337000 
288787 	 -173.253090000 	 0.675337000 
289022 	 -173.253090000 	 0.675337000 
289254 	 -173.253090000 	 0.675337000 
289495 	 -173.253090000 	 0.675337000 
289758 	 -173.254270000 	 0.674157000 
289959 	 -173.254270000 	 0.674157000 
290173 	 -173.254270000 	 0.674157000 
290388 	 -173.254270000 	 0.674157000 
290594 	 -173.254270000 	 0.674157000 
290797 	 -173.254270000 	 0.674157000 
291010 	 -173.254270000 	 0.674157000 
291215 	 -173.254270000 	 0.674157000 
291415 	 -173.254270000 	 0.674157000 
291635 	 -173.254270000 	 0.674157000 
291837 	 -173.254270000 	 0.674157000 
292062 	 -173.254270000 	 0.674157000 
292299 	 -173.254270000 	 0.674157000 
292514 	 -173.254270000 	 0.674157000 
292748 	 -173.254270000 	 0.674157000 
292978 	 -173.254270000 	 0.674157000 
293199 	 -173.254270000 	 0.674157000 
293443 	 -173.254270000 	 0.674157000 
293678 	 -173.254270000 	 0.674157000 
293914 	 -173.254270000 	 0.674157000 
294146 	 -173.254270000 	 0.674157000 
294346 	 -173.254270000 	 0.674157000 
294551 	 -173.254270000 	 0.674157000 
294754 	 -173.254270000 	 0.674157000 
294944 	 -173.254270000 	 0.674157000 
295154 	 -173.254270000 	 0.674157000 
295349 	 -173.254270000 	 0.674157000 
295571 	 -173.254270000 	 0.674157000 
295783 	 -173.254270000 	 0.674157000 
296000 	 -173.254270000 	 0.674157000 
296204 	 -173.254270000 	 0.674157000 
296450 	 -173.254270000 	 0.674157000 
296681 	 -173.254270000 	 0.674157000 
296907 	 -173.254270000 	 0.674157000 
297132 	 -173.254270000 	 0.674157000 
297357 	 -173.254270000 	 0.674157000 
297591 	 -173.254270000 	 0.674157000 
297809 	 -173.254270000 	 0.674157000 
298055 	 -173.254270000 	 0.674157000 
298304 	 -173.254270000 	 0.674157000 
298529 	 -173.254270000 	 0.674157000 
298743 	 -173.254270000 	 0.674157000 
298964 	 -173.254270000 	 0.674157000 
299169 	 -173.254270000 	 0.674157000 
299381 	 -173.254270000 	 0.674157000 
299583 	 -173.254270000 	 0.674157000 
299798 	 -173.254270000 	 0.674157000 
300013 	 -173.254270000 	 0.674157000 
300219 	 -173.254270000 	 0.674157000 
300441 	 -173.254270000 	 0.674157000 
300640 	 -173.254270000 	 0.674157000 
300866 	 -173.254270000 	 0.674157000 
301076 	 -173.254270000 	 0.674157000 
301314 	 -173.254270000 	 0.674157000 
301541 	 -173.254270000 	 0.674157000 
301761 	 -173.254270000 	 0.674157000 
301967 	 -173.254270000 	 0.674157000 
302191 	 -173.254270000 	 0.674157000 
302421 	 -173.254270000 	 0.674157000 
302632 	 -173.254270000 	 0.674157000 
302855 	 -173.254270000 	 0.674157000 
303082 	 -173.254270000 	 0.674157000 
303303 	 -173.254270000 	 0.674157000 
303529 	 -173.254270000 	 0.674157000 
303734 	 -173.254270000 	 0.674157000 
303964 	 -173.254270000 	 0.674157000 
304191 	 -173.254270000 	 0.674157000 
304412 	 -173.254270000 	 0.674157000 
304654 	 -173.254270000 	 0.674157000 
304891 	 -173.254270000 	 0.674157000 
305110 	 -173.254270000 	 0.674157000 
305333 	 -173.254270000 	 0.674157000 
305569 	 -173.254270000 	 0.674157000 
305794 	 -173.254270000 	 0.674157000 
306021 	 -173.254270000 	 0.674157000 
306244 	 -173.254270000 	 0.674157000 
306451 	 -173.254270000 	 0.674157000 
306667 	 -173.254270000 	 0.674157000 
306872 	 -173.254270000 	 0.674157000 
307095 	 -173.254270000 	 0.674157000 
307313 	 -173.254270000 	 0.674157000 
307574 	 -173.254270000 	 0.674157000 
307806 	 -173.254270000 	 0.674157000 
308032 	 -173.254270000 	 0.674157000 
308252 	 -173.254270000 	 0.674157000 
308473 	 -173.254270000 	 0.674157000 
308693 	 -173.254270000 	 0.674157000 
308912 	 -173.254270000 	 0.674157000 
309146 	 -173.254270000 	 0.674157000 
309388 	 -173.254270000 	 0.674157000 
309616 	 -173.254270000 	 0.674157000 
309829 	 -173.254270000 	 0.674157000 
310059 	 -173.254270000 	 0.674157000 
310269 	 -173.254270000 	 0.674157000 
310478 	 -173.254270000 	 0.674157000 
310687 	 -173.254270000 	 0.674157000 
310898 	 -173.254270000 	 0.674157000 
311111 	 -173.254270000 	 0.674157000 
311319 	 -173.254270000 	 0.674157000 
311543 	 -173.254270000 	 0.674157000 
311752 	 -173.254270000 	 0.674157000 
311991 	 -173.254270000 	 0.674157000 
312228 	 -173.254270000 	 0.674157000 
312469 	 -173.254270000 	 0.674157000 
312718 	 -173.255450000 	 0.672977000 
312965 	 -173.255450000 	 0.672977000 
313214 	 -173.255450000 	 0.672977000 
313443 	 -173.255450000 	 0.672977000 
313694 	 -173.255450000 	 0.672977000 
313921 	 -173.255450000 	 0.672977000 
314171 	 -173.255450000 	 0.672977000 
314371 	 -173.255450000 	 0.672977000 
314570 	 -173.255450000 	 0.672977000 
314791 	 -173.255450000 	 0.672977000 
315006 	 -173.255450000 	 0.672977000 
315205 	 -173.255450000 	 0.672977000 
315400 	 -173.255450000 	 0.672977000 
315608 	 -173.255450000 	 0.672977000 
315809 	 -173.255450000 	 0.672977000 
316022 	 -173.255450000 	 0.672977000 
316227 	 -173.255450000 	 0.672977000 
316467 	 -173.255450000 	 0.672977000 
316702 	 -173.255450000 	 0.672977000 
316951 	 -173.255450000 	 0.672977000 
317198 	 -173.255450000 	 0.672977000 
317438 	 -173.255450000 	 0.672977000 
317665 	 -173.255450000 	 0.672977000 
317894 	 -173.255450000 	 0.672977000 
318141 	 -173.255450000 	 0.672977000 
318386 	 -173.255450000 	 0.672977000 
318644 	 -173.255450000 	 0.672977000 
318847 	 -173.255450000 	 0.672977000 
319046 	 -173.255450000 	 0.672977000 
319258 	 -173.255450000 	 0.672977000 
319456 	 -173.255450000 	 0.672977000 
319646 	 -173.255450000 	 0.672977000 
319848 	 -173.255450000 	 0.672977000 
320033 	 -173.255450000 	 0.672977000 
320236 	 -173.255450000 	 0.672977000 
320435 	 -173.255450000 	 0.672977000 
320645 	 -173.255450000 	 0.672977000 
320887 	 -173.255450000 	 0.672977000 
321123 	 -173.255450000 	 0.672977000 
321376 	 -173.255450000 	 0.672977000 
321626 	 -173.255450000 	 0.672977000 
321878 	 -173.255450000 	 0.672977000 
322100 	 -173.255450000 	 0.672977000 
322339 	 -173.255450000 	 0.672977000 
322588 	 -173.255450000 	 0.672977000 
322827 	 -173.255450000 	 0.672977000 
323068 	 -173.256630000 	 0.671797000 
323271 	 -173.256630000 	 0.671797000 
323463 	 -173.256630000 	 0.671797000 
323660 	 -173.256630000 	 0.671797000 
323860 	 -173.256630000 	 0.671797000 
324061 	 -173.256630000 	 0.671797000 
324251 	 -173.256630000 	 0.671797000 
324442 	 -173.256630000 	 0.671797000 
324628 	 -173.256630000 	 0.671797000 
324824 	 -173.256630000 	 0.671797000 
325043 	 -173.256630000 	 0.671797000 
325287 	 -173.256630000 	 0.671797000 
325543 	 -173.256630000 	 0.671797000 
325786 	 -173.256630000 	 0.671797000 
326016 	 -173.256630000 	 0.671797000 
326250 	 -173.256630000 	 0.671797000 
326503 	 -173.256630000 	 0.671797000 
326744 	 -173.256630000 	 0.671797000 
326982 	 -173.256630000 	 0.671797000 
327213 	 -173.256630000 	 0.671797000 
327456 	 -173.256630000 	 0.671797000 
327660 	 -173.256630000 	 0.671797000 
327852 	 -173.256630000 	 0.671797000 
328034 	 -173.256630000 	 0.671797000 
328239 	 -173.256630000 	 0.671797000 
328441 	 -173.256630000 	 0.671797000 
328653 	 -173.256630000 	 0.671797000 
328843 	 -173.256630000 	 0.671797000 
329034 	 -173.256630000 	 0.671797000 
329231 	 -173.256630000 	 0.671797000 
329428 	 -173.256630000 	 0.671797000 
329667 	 -173.256630000 	 0.671797000 
329903 	 -173.256630000 	 0.671797000 
330138 	 -173.256630000 	 0.671797000 
330377 	 -173.256630000 	 0.671797000 
330605 	 -173.256630000 	 0.671797000 
330854 	 -173.256630000 	 0.671797000 
331083 	 -173.256630000 	 0.671797000 
331314 	 -173.256630000 	 0.671797000 
331554 	 -173.256630000 	 0.671797000 
331796 	 -173.256630000 	 0.671797000 
332003 	 -173.256630000 	 0.671797000 
332212 	 -173.256630000 	 0.671797000 
332425 	 -173.256630000 	 0.671797000 
332641 	 -173.256630000 	 0.671797000 
332854 	 -173.256630000 	 0.671797000 
333080 	 -173.256630000 	 0.671797000 
333280 	 -173.256630000 	 0.671797000 
333485 	 -173.256630000 	 0.671797000 
333716 	 -173.256630000 	 0.671797000 
333928 	 -173.256630000 	 0.671797000 
334150 	 -173.256630000 	 0.671797000 
334380 	 -173.256630000 	 0.671797000 
334589 	 -173.256630000 	 0.671797000 
334820 	 -173.256630000 	 0.671797000 
335046 	 -173.256630000 	 0.671797000 
335286 	 -173.256630000 	 0.671797000 
335518 	 -173.256630000 	 0.671797000 
335753 	 -173.256630000 	 0.671797000 
335979 	 -173.256630000 	 0.671797000 
336209 	 -173.256630000 	 0.671797000 
336420 	 -173.256630000 	 0.671797000 
336639 	 -173.256630000 	 0.671797000 
336869 	 -173.256630000 	 0.671797000 
337071 	 -173.256630000 	 0.671797000 
337297 	 -173.256630000 	 0.671797000 
337497 	 -173.256630000 	 0.671797000 
337711 	 -173.256630000 	 0.671797000 
337918 	 -173.256630000 	 0.671797000 
338128 	 -173.256630000 	 0.671797000 
338348 	 -173.256630000 	 0.671797000 
338562 	 -173.256630000 	 0.671797000 
338784 	 -173.256630000 	 0.671797000 
339001 	 -173.256630000 	 0.671797000 
339235 	 -173.256630000 	 0.671797000 
339464 	 -173.256630000 	 0.671797000 
339695 	 -173.256630000 	 0.671797000 
339932 	 -173.256630000 	 0.671797000 
340167 	 -173.256630000 	 0.671797000 
340405 	 -173.256630000 	 0.671797000 
340642 	 -173.256630000 	 0.671797000 
340871 	 -173.256630000 	 0.671797000 
341076 	 -173.256630000 	 0.671797000 
341287 	 -173.256630000 	 0.671797000 
341497 	 -173.256630000 	 0.671797000 
341719 	 -173.256630000 	 0.671797000 
341932 	 -173.256630000 	 0.671797000 
342146 	 -173.256630000 	 0.671797000 
342358 	 -173.256630000 	 0.671797000 
342584 	 -173.256630000 	 0.671797000 
342796 	 -173.257810000 	 0.670617000 
343032 	 -173.257810000 	 0.670617000 
343250 	 -173.257810000 	 0.670617000 
343483 	 -173.257810000 	 0.670617000 
343693 	 -173.257810000 	 0.670617000 
343914 	 -173.257810000 	 0.670617000 
344137 	 -173.257810000 	 0.670617000 
344368 	 -173.257810000 	 0.670617000 
344601 	 -173.257810000 	 0.670617000 
344826 	 -173.257810000 	 0.670617000 
345053 	 -173.257810000 	 0.670617000 
345290 	 -173.257810000 	 0.670617000 
345517 	 -173.257810000 	 0.670617000 
345749 	 -173.257810000 	 0.670617000 
345985 	 -173.257810000 	 0.670617000 
346206 	 -173.257810000 	 0.670617000 
346436 	 -173.257810000 	 0.670617000 
346649 	 -173.257810000 	 0.670617000 
346874 	 -173.257810000 	 0.670617000 
347094 	 -173.257810000 	 0.670617000 
347302 	 -173.264570000 	 0.663857000 
347514 	 -173.264570000 	 0.663857000 
347724 	 -173.264570000 	 0.663857000 
347944 	 -173.264570000 	 0.663857000 
348187 	 -173.264570000 	 0.663857000 
348400 	 -173.264570000 	 0.663857000 
348623 	 -173.264570000 	 0.663857000 
348858 	 -173.264570000 	 0.663857000 
349095 	 -173.264570000 	 0.663857000 
349315 	 -173.264570000 	 0.663857000 
349533 	 -173.264570000 	 0.663857000 
349770 	 -173.264570000 	 0.663857000 
349995 	 -173.264570000 	 0.663857000 
350228 	 -173.264570000 	 0.663857000 
350471 	 -173.264570000 	 0.663857000 
350695 	 -173.264570000 	 0.663857000 
350932 	 -173.264570000 	 0.663857000 
351169 	 -173.264570000 	 0.663857000 
351406 	 -173.264570000 	 0.663857000 
351619 	 -173.264570000 	 0.663857000 
351844 	 -173.264570000 	 0.663857000 
352046 	 -173.264570000 	 0.663857000 
352235 	 -173.264570000 	 0.663857000 
352458 	 -173.264570000 	 0.663857000 
352674 	 -173.264570000 	 0.663857000 
352887 	 -173.264570000 	 0.663857000 
353105 	 -173.264570000 	 0.663857000 
353320 	 -173.264570000 	 0.663857000 
353543 	 -173.264570000 	 0.663857000 
353739 	 -173.264570000 	 0.663857000 
353958 	 -173.264570000 	 0.663857000 
354187 	 -173.264570000 	 0.663857000 
354424 	 -173.264570000 	 0.663857000 
354663 	 -173.264570000 	 0.663857000 
354873 	 -173.264570000 	 0.663857000 
355093 	 -173.264570000 	 0.663857000 
355307 	 -173.264570000 	 0.663857000 
355522 	 -173.264570000 	 0.663857000 
355755 	 -173.264570000 	 0.663857000 
355984 	 -173.264570000 	 0.663857000 
356197 	 -173.264570000 	 0.663857000 
356409 	 -173.264570000 	 0.663857000 
356636 	 -173.264570000 	 0.663857000 
356823 	 -173.264570000 	 0.663857000 
357039 	 -173.264570000 	 0.663857000 
357245 	 -173.264570000 	 0.663857000 
357447 	 -173.264570000 	 0.663857000 
357639 	 -173.264570000 	 0.663857000 
357863 	 -173.264570000 	 0.663857000 
358067 	 -173.264570000 	 0.663857000 
358277 	 -173.264570000 	 0.663857000 
358509 	 -173.264570000 	 0.663857000 
358749 	 -173.264570000 	 0.663857000 
358967 	 -173.264570000 	 0.663857000 
359218 	 -173.264570000 	 0.663857000 
359459 	 -173.264570000 	 0.663857000 
359685 	 -173.264570000 	 0.663857000 
359926 	 -173.264570000 	 0.663857000 
360176 	 -173.264570000 	 0.663857000 
360407 	 -173.264570000 	 0.663857000 
360644 	 -173.264570000 	 0.663857000 
360857 	 -173.264570000 	 0.663857000 
361055 	 -173.264570000 	 0.663857000 
361261 	 -173.264570000 	 0.663857000 
361471 	 -173.264570000 	 0.663857000 
361679 	 -173.264570000 	 0.663857000 
361884 	 -173.264570000 	 0.663857000 
362075 	 -173.264570000 	 0.663857000 
362286 	 -173.264570000 	 0.663857000 
362491 	 -173.264570000 	 0.663857000 
362709 	 -173.265750000 	 0.662677000 
362948 	 -173.265750000 	 0.662677000 
363190 	 -173.280950000 	 0.647477000 
363425 	 -173.280950000 	 0.647477000 
363663 	 -173.280950000 	 0.647477000 
363887 	 -173.280950000 	 0.647477000 
364126 	 -173.280950000 	 0.647477000 
364360 	 -173.280950000 	 0.647477000 
364604 	 -173.280950000 	 0.647477000 
364850 	 -173.280950000 	 0.647477000 
365077 	 -173.280950000 	 0.647477000 
365285 	 -173.280950000 	 0.647477000 
365503 	 -173.280950000 	 0.647477000 
365703 	 -173.280950000 	 0.647477000 
365896 	 -173.280950000 	 0.647477000 
366098 	 -173.280950000 	 0.647477000 
366320 	 -173.280950000 	 0.647477000 
366527 	 -173.280950000 	 0.647477000 
366731 	 -173.280950000 	 0.647477000 
366927 	 -173.280950000 	 0.647477000 
367122 	 -173.280950000 	 0.647477000 
367375 	 -173.280950000 	 0.647477000 
367602 	 -173.280950000 	 0.647477000 
367827 	 -173.280950000 	 0.647477000 
368075 	 -173.280950000 	 0.647477000 
368307 	 -173.280950000 	 0.647477000 
368558 	 -173.280950000 	 0.647477000 
368809 	 -173.280950000 	 0.647477000 
369047 	 -173.280950000 	 0.647477000 
369287 	 -173.280950000 	 0.647477000 
369529 	 -173.280950000 	 0.647477000 
369725 	 -173.280950000 	 0.647477000 
369920 	 -173.280950000 	 0.647477000 
370121 	 -173.280950000 	 0.647477000 
370296 	 -173.280950000 	 0.647477000 
370484 	 -173.280950000 	 0.647477000 
370689 	 -173.280950000 	 0.647477000 
370889 	 -173.280950000 	 0.647477000 
371076 	 -173.280950000 	 0.647477000 
371278 	 -173.280950000 	 0.647477000 
371488 	 -173.280950000 	 0.647477000 
371731 	 -173.280950000 	 0.647477000 
371968 	 -173.280950000 	 0.647477000 
372220 	 -173.280950000 	 0.647477000 
372461 	 -173.280950000 	 0.647477000 
372715 	 -173.280950000 	 0.647477000 
372960 	 -173.283520000 	 0.644907000 
373187 	 -173.283520000 	 0.644907000 
373426 	 -173.283520000 	 0.644907000 
373670 	 -173.283520000 	 0.644907000 
373889 	 -173.283520000 	 0.644907000 
374081 	 -173.283520000 	 0.644907000 
374287 	 -173.283520000 	 0.644907000 
374476 	 -173.283520000 	 0.644907000 
374666 	 -173.283520000 	 0.644907000 
374852 	 -173.283520000 	 0.644907000 
375056 	 -173.283520000 	 0.644907000 
375259 	 -173.283520000 	 0.644907000 
375455 	 -173.283520000 	 0.644907000 
375651 	 -173.283520000 	 0.644907000 
375841 	 -173.283520000 	 0.644907000 
376065 	 -173.283520000 	 0.644907000 
376310 	 -173.283520000 	 0.644907000 
376552 	 -173.283520000 	 0.644907000 
376806 	 -173.283520000 	 0.644907000 
377024 	 -173.283520000 	 0.644907000 
377267 	 -173.283520000 	 0.644907000 
377522 	 -173.283520000 	 0.644907000 
377759 	 -173.283520000 	 0.644907000 
378005 	 -173.283520000 	 0.644907000 
378230 	 -173.283520000 	 0.644907000 
378450 	 -173.283520000 	 0.644907000 
378642 	 -173.283520000 	 0.644907000 
378840 	 -173.283520000 	 0.644907000 
379049 	 -173.283520000 	 0.644907000 
379254 	 -173.283520000 	 0.644907000 
379444 	 -173.283520000 	 0.644907000 
379650 	 -173.283520000 	 0.644907000 
379849 	 -173.283520000 	 0.644907000 
380036 	 -173.290280000 	 0.638147000 
380247 	 -173.290280000 	 0.638147000 
380486 	 -173.290280000 	 0.638147000 
380722 	 -173.290280000 	 0.638147000 
380965 	 -173.290280000 	 0.638147000 
381209 	 -173.290280000 	 0.638147000 
381458 	 -173.290280000 	 0.638147000 
381700 	 -173.290280000 	 0.638147000 
381933 	 -173.290280000 	 0.638147000 
382162 	 -173.290280000 	 0.638147000 
382392 	 -173.290280000 	 0.638147000 
382636 	 -173.290280000 	 0.638147000 
382822 	 -173.290280000 	 0.638147000 
383028 	 -173.290280000 	 0.638147000 
383231 	 -173.290280000 	 0.638147000 
383432 	 -173.290280000 	 0.638147000 
383616 	 -173.290280000 	 0.638147000 
383837 	 -173.290280000 	 0.638147000 
384055 	 -173.290280000 	 0.638147000 
384238 	 -173.290280000 	 0.638147000 
384441 	 -173.290280000 	 0.638147000 
384644 	 -173.290280000 	 0.638147000 
384874 	 -173.290280000 	 0.638147000 
385106 	 -173.290280000 	 0.638147000 
385351 	 -173.290280000 	 0.638147000 
385570 	 -173.290280000 	 0.638147000 
385803 	 -173.290280000 	 0.638147000 
386032 	 -173.290280000 	 0.638147000 
386242 	 -173.290280000 	 0.638147000 
386476 	 -173.290280000 	 0.638147000 
386699 	 -173.290280000 	 0.638147000 
386935 	 -173.290280000 	 0.638147000 
387154 	 -173.290280000 	 0.638147000 
387364 	 -173.290280000 	 0.638147000 
387577 	 -173.290280000 	 0.638147000 
387788 	 -173.290280000 	 0.638147000 
387986 	 -173.290280000 	 0.638147000 
388199 	 -173.290280000 	 0.638147000 
388405 	 -173.290280000 	 0.638147000 
388599 	 -173.290280000 	 0.638147000 
388817 	 -173.290280000 	 0.638147000 
389031 	 -173.290280000 	 0.638147000 
389262 	 -173.290280000 	 0.638147000 
389488 	 -173.290280000 	 0.638147000 
389725 	 -173.290280000 	 0.638147000 
389944 	 -173.290280000 	 0.638147000 
390179 	 -173.290280000 	 0.638147000 
390410 	 -173.290280000 	 0.638147000 
390645 	 -173.290280000 	 0.638147000 
390872 	 -173.290280000 	 0.638147000 
391099 	 -173.290280000 	 0.638147000 
391330 	 -173.290280000 	 0.638147000 
391547 	 -173.290280000 	 0.638147000 
391764 	 -173.290280000 	 0.638147000 
391981 	 -173.290280000 	 0.638147000 
392198 	 -173.290280000 	 0.638147000 
392431 	 -173.290280000 	 0.638147000 
392650 	 -173.290280000 	 0.638147000 
392864 	 -173.290280000 	 0.638147000 
393075 	 -173.290280000 	 0.638147000 
393297 	 -173.290280000 	 0.638147000 
393524 	 -173.290280000 	 0.638147000 
393739 	 -173.290280000 	 0.638147000 
393968 	 -173.290280000 	 0.638147000 
394185 	 -173.290280000 	 0.638147000 
394409 	 -173.290280000 	 0.638147000 
394631 	 -173.290280000 	 0.638147000 
394855 	 -173.290280000 	 0.638147000 
395068 	 -173.290280000 	 0.638147000 
395282 	 -173.296530000 	 0.631897000 
395515 	 -173.296530000 	 0.631897000 
395746 	 -173.296530000 	 0.631897000 
395973 	 -173.296530000 	 0.631897000 
396183 	 -173.296530000 	 0.631897000 
396385 	 -173.296530000 	 0.631897000 
396611 	 -173.296530000 	 0.631897000 
396842 	 -173.306620000 	 0.621807000 
397068 	 -173.306620000 	 0.621807000 
397301 	 -173.306620000 	 0.621807000 
397536 	 -173.306620000 	 0.621807000 
397765 	 -173.306620000 	 0.621807000 
397983 	 -173.306620000 	 0.621807000 
398184 	 -173.306620000 	 0.621807000 
398414 	 -173.306620000 	 0.621807000 
398622 	 -173.306620000 	 0.621807000 
398834 	 -173.306620000 	 0.621807000 
399032 	 -173.306620000 	 0.621807000 
399247 	 -173.306620000 	 0.621807000 
399474 	 -173.306620000 	 0.621807000 
399680 	 -173.306620000 	 0.621807000 
399882 	 -173.306620000 	 0.621807000 
400072 	 -173.306620000 	 0.621807000 
400294 	 -173.306620000 	 0.621807000 
400516 	 -173.306620000 	 0.621807000 
400735 	 -173.306620000 	 0.621807000 
400967 	 -173.306620000 	 0.621807000 
401188 	 -173.306620000 	 0.621807000 
401410 	 -173.306620000 	 0.621807000 
401622 	 -173.306620000 	 0.621807000 
401849 	 -173.306620000 	 0.621807000 
402094 	 -173.306620000 	 0.621807000 
402313 	 -173.306620000 	 0.621807000 
402529 	 -173.306620000 	 0.621807000 
402726 	 -173.306620000 	 0.621807000 
402927 	 -173.306620000 	 0.621807000 
403117 	 -173.306620000 	 0.621807000 
403292 	 -173.306620000 	 0.621807000 
403503 	 -173.306620000 	 0.621807000 
403703 	 -173.306620000 	 0.621807000 
403911 	 -173.306620000 	 0.621807000 
404114 	 -173.306620000 	 0.621807000 
404320 	 -173.306620000 	 0.621807000 
404569 	 -173.306620000 	 0.621807000 
404803 	 -173.306620000 	 0.621807000 
405051 	 -173.306620000 	 0.621807000 
405287 	 -173.306620000 	 0.621807000 
405518 	 -173.306620000 	 0.621807000 
405768 	 -173.306620000 	 0.621807000 
406000 	 -173.306620000 	 0.621807000 
406241 	 -173.306620000 	 0.621807000 
406479 	 -173.306620000 	 0.621807000 
406723 	 -173.306620000 	 0.621807000 
406928 	 -173.306620000 	 0.621807000 
407118 	 -173.306620000 	 0.621807000 
407303 	 -173.306620000 	 0.621807000 
407508 	 -173.306620000 	 0.621807000 
407711 	 -173.306620000 	 0.621807000 
407914 	 -173.306620000 	 0.621807000 
408131 	 -173.306620000 	 0.621807000 
408330 	 -173.306620000 	 0.621807000 
408522 	 -173.306620000 	 0.621807000 
408719 	 -173.306620000 	 0.621807000 
408984 	 -173.313380000 	 0.615047000 
409235 	 -173.313380000 	 0.615047000 
409489 	 -173.313380000 	 0.615047000 
409745 	 -173.313380000 	 0.615047000 
409999 	 -173.313380000 	 0.615047000 
410236 	 -173.313380000 	 0.615047000 
410497 	 -173.313380000 	 0.615047000 
410747 	 -173.313380000 	 0.615047000 
411004 	 -173.313380000 	 0.615047000 
411253 	 -173.313380000 	 0.615047000 
411457 	 -173.313380000 	 0.615047000 
411648 	 -173.313380000 	 0.615047000 
411863 	 -173.313380000 	 0.615047000 
412081 	 -173.313380000 	 0.615047000 
412280 	 -173.313380000 	 0.615047000 
412482 	 -173.313380000 	 0.615047000 
412677 	 -173.313380000 	 0.615047000 
412869 	 -173.313380000 	 0.615047000 
413062 	 -173.313380000 	 0.615047000 
413271 	 -173.313380000 	 0.615047000 
413503 	 -173.313380000 	 0.615047000 
413754 	 -173.314560000 	 0.613867000 
413971 	 -173.314560000 	 0.613867000 
414198 	 -173.314560000 	 0.613867000 
414439 	 -173.314560000 	 0.613867000 
414680 	 -173.314560000 	 0.613867000 
414915 	 -173.314560000 	 0.613867000 
415144 	 -173.314560000 	 0.613867000 
415378 	 -173.314560000 	 0.613867000 
415608 	 -173.314560000 	 0.613867000 
415822 	 -173.314560000 	 0.613867000 
416018 	 -173.314560000 	 0.613867000 
416236 	 -173.314560000 	 0.613867000 
416429 	 -173.314560000 	 0.613867000 
416623 	 -173.314560000 	 0.613867000 
416830 	 -173.314560000 	 0.613867000 
417022 	 -173.314560000 	 0.613867000 
417231 	 -173.314560000 	 0.613867000 
417425 	 -173.314560000 	 0.613867000 
417634 	 -173.314560000 	 0.613867000 
417891 	 -173.314560000 	 0.613867000 
418123 	 -173.314560000 	 0.613867000 
418352 	 -173.314560000 	 0.613867000 
418575 	 -173.314560000 	 0.613867000 
418814 	 -173.314560000 	 0.613867000 
419052 	 -173.314560000 	 0.613867000 
419298 	 -173.314560000 	 0.613867000 
419558 	 -173.314560000 	 0.613867000 
419802 	 -173.314560000 	 0.613867000 
420034 	 -173.314560000 	 0.613867000 
420236 	 -173.314560000 	 0.613867000 
420441 	 -173.314560000 	 0.613867000 
420644 	 -173.314560000 	 0.613867000 
420846 	 -173.314560000 	 0.613867000 
421039 	 -173.314560000 	 0.613867000 
421231 	 -173.314560000 	 0.613867000 
421432 	 -173.314560000 	 0.613867000 
421627 	 -173.314560000 	 0.613867000 
421812 	 -173.314560000 	 0.613867000 
422005 	 -173.314560000 	 0.613867000 
422241 	 -173.314560000 	 0.613867000 
422477 	 -173.314560000 	 0.613867000 
422709 	 -173.314560000 	 0.613867000 
422934 	 -173.314560000 	 0.613867000 
423163 	 -173.314560000 	 0.613867000 
423385 	 -173.314560000 	 0.613867000 
423609 	 -173.314560000 	 0.613867000 
423846 	 -173.314560000 	 0.613867000 
424096 	 -173.314560000 	 0.613867000 
424325 	 -173.314560000 	 0.613867000 
424529 	 -173.314560000 	 0.613867000 
424732 	 -173.314560000 	 0.613867000 
424938 	 -173.315740000 	 0.612687000 
425152 	 -173.315740000 	 0.612687000 
425348 	 -173.315740000 	 0.612687000 
425538 	 -173.315740000 	 0.612687000 
425751 	 -173.315740000 	 0.612687000 
425959 	 -173.315740000 	 0.612687000 
426161 	 -173.315740000 	 0.612687000 
426365 	 -173.315740000 	 0.612687000 
426581 	 -173.315740000 	 0.612687000 
426797 	 -173.315740000 	 0.612687000 
427033 	 -173.315740000 	 0.612687000 
427257 	 -173.315740000 	 0.612687000 
427494 	 -173.315740000 	 0.612687000 
427728 	 -173.315740000 	 0.612687000 
427980 	 -173.315740000 	 0.612687000 
428205 	 -173.315740000 	 0.612687000 
428439 	 -173.315740000 	 0.612687000 
428677 	 -173.315740000 	 0.612687000 
428876 	 -173.315740000 	 0.612687000 
429077 	 -173.315740000 	 0.612687000 
429266 	 -173.315740000 	 0.612687000 
429472 	 -173.315740000 	 0.612687000 
429668 	 -173.315740000 	 0.612687000 
429855 	 -173.315740000 	 0.612687000 
430052 	 -173.315740000 	 0.612687000 
430248 	 -173.315740000 	 0.612687000 
430449 	 -173.315740000 	 0.612687000 
430637 	 -173.315740000 	 0.612687000 
430879 	 -173.315740000 	 0.612687000 
431093 	 -173.315740000 	 0.612687000 
431324 	 -173.315740000 	 0.612687000 
431556 	 -173.315740000 	 0.612687000 
431778 	 -173.315740000 	 0.612687000 
431998 	 -173.315740000 	 0.612687000 
432236 	 -173.315740000 	 0.612687000 
432459 	 -173.315740000 	 0.612687000 
432687 	 -173.315740000 	 0.612687000 
432924 	 -173.315740000 	 0.612687000 
433141 	 -173.315740000 	 0.612687000 
433344 	 -173.315740000 	 0.612687000 
433570 	 -173.315740000 	 0.612687000 
433772 	 -173.315740000 	 0.612687000 
434006 	 -173.315740000 	 0.612687000 
434216 	 -173.315740000 	 0.612687000 
434435 	 -173.315740000 	 0.612687000 
434655 	 -173.315740000 	 0.612687000 
434869 	 -173.315740000 	 0.612687000 
435095 	 -173.315740000 	 0.612687000 
435318 	 -173.315740000 	 0.612687000 
435538 	 -173.315740000 	 0.612687000 
435750 	 -173.315740000 	 0.612687000 
435960 	 -173.315740000 	 0.612687000 
436175 	 -173.315740000 	 0.612687000 
436405 	 -173.315740000 	 0.612687000 
436622 	 -173.315740000 	 0.612687000 
436843 	 -173.315740000 	 0.612687000 
437055 	 -173.315740000 	 0.612687000 
437282 	 -173.315740000 	 0.612687000 
437498 	 -173.315740000 	 0.612687000 
437726 	 -173.315740000 	 0.612687000 
437938 	 -173.315740000 	 0.612687000 
438144 	 -173.315740000 	 0.612687000 
438368 	 -173.315740000 	 0.612687000 
438589 	 -173.315740000 	 0.612687000 
438818 	 -173.315740000 	 0.612687000 
439027 	 -173.315740000 	 0.612687000 
439244 	 -173.315740000 	 0.612687000 
439447 	 -173.315740000 	 0.612687000 
439659 	 -173.315740000 	 0.612687000 
439884 	 -173.315740000 	 0.612687000 
440108 	 -173.315740000 	 0.612687000 
440334 	 -173.315740000 	 0.612687000 
440552 	 -173.315740000 	 0.612687000 
440775 	 -173.315740000 	 0.612687000 
440972 	 -173.315740000 	 0.612687000 
441186 	 -173.316920000 	 0.611507000 
441392 	 -173.316920000 	 0.611507000 
441603 	 -173.316920000 	 0.611507000 
441823 	 -173.316920000 	 0.611507000 
442038 	 -173.316920000 	 0.611507000 
442244 	 -173.316920000 	 0.611507000 
442473 	 -173.316920000 	 0.611507000 
442686 	 -173.316920000 	 0.611507000 
442902 	 -173.316920000 	 0.611507000 
443120 	 -173.316920000 	 0.611507000 
443343 	 -173.316920000 	 0.611507000 
443560 	 -173.316920000 	 0.611507000 
443753 	 -173.316920000 	 0.611507000 
443986 	 -173.316920000 	 0.611507000 
444201 	 -173.316920000 	 0.611507000 
444405 	 -173.316920000 	 0.611507000 
444612 	 -173.316920000 	 0.611507000 
444814 	 -173.316920000 	 0.611507000 
445006 	 -173.316920000 	 0.611507000 
445214 	 -173.316920000 	 0.611507000 
445430 	 -173.316920000 	 0.611507000 
445634 	 -173.316920000 	 0.611507000 
445850 	 -173.316920000 	 0.611507000 
446078 	 -173.316920000 	 0.611507000 
446311 	 -173.316920000 	 0.611507000 
446556 	 -173.316920000 	 0.611507000 
446771 	 -173.316920000 	 0.611507000 
447009 	 -173.316920000 	 0.611507000 
447242 	 -173.318100000 	 0.610327000 
447482 	 -173.318100000 	 0.610327000 
447708 	 -173.318100000 	 0.610327000 
447927 	 -173.318100000 	 0.610327000 
448155 	 -173.318100000 	 0.610327000 
448365 	 -173.318100000 	 0.610327000 
448583 	 -173.318100000 	 0.610327000 
448789 	 -173.318100000 	 0.610327000 
448983 	 -173.318100000 	 0.610327000 
449189 	 -173.318100000 	 0.610327000 
449389 	 -173.318100000 	 0.610327000 
449592 	 -173.318100000 	 0.610327000 
449796 	 -173.318100000 	 0.610327000 
450001 	 -173.318100000 	 0.610327000 
450209 	 -173.318100000 	 0.610327000 
450454 	 -173.318100000 	 0.610327000 
450693 	 -173.318100000 	 0.610327000 
450923 	 -173.318100000 	 0.610327000 
451154 	 -173.318100000 	 0.610327000 
451403 	 -173.318100000 	 0.610327000 
451630 	 -173.318100000 	 0.610327000 
451856 	 -173.318100000 	 0.610327000 
452094 	 -173.318100000 	 0.610327000 
452327 	 -173.318100000 	 0.610327000 
452573 	 -173.318100000 	 0.610327000 
452780 	 -173.318100000 	 0.610327000 
452991 	 -173.318100000 	 0.610327000 
453215 	 -173.318100000 	 0.610327000 
453427 	 -173.318100000 	 0.610327000 
453627 	 -173.318100000 	 0.610327000 
453842 	 -173.319280000 	 0.609147000 
454028 	 -173.319280000 	 0.609147000 
454244 	 -173.319280000 	 0.609147000 
454439 	 -173.319280000 	 0.609147000 
454637 	 -173.319280000 	 0.609147000 
454873 	 -173.319280000 	 0.609147000 
455115 	 -173.319280000 	 0.609147000 
455337 	 -173.319280000 	 0.609147000 
455575 	 -173.319280000 	 0.609147000 
455813 	 -173.319280000 	 0.609147000 
456043 	 -173.319280000 	 0.609147000 
456266 	 -173.319280000 	 0.609147000 
456495 	 -173.319280000 	 0.609147000 
456725 	 -173.319280000 	 0.609147000 
456948 	 -173.319280000 	 0.609147000 
457166 	 -173.326040000 	 0.602387000 
457362 	 -173.326040000 	 0.602387000 
457558 	 -173.326040000 	 0.602387000 
457753 	 -173.326040000 	 0.602387000 
457952 	 -173.326040000 	 0.602387000 
458156 	 -173.326040000 	 0.602387000 
458351 	 -173.326040000 	 0.602387000 
458561 	 -173.326040000 	 0.602387000 
458746 	 -173.326040000 	 0.602387000 
458945 	 -173.326040000 	 0.602387000 
459190 	 -173.326040000 	 0.602387000 
459434 	 -173.326040000 	 0.602387000 
459680 	 -173.326040000 	 0.602387000 
459925 	 -173.326040000 	 0.602387000 
460171 	 -173.326040000 	 0.602387000 
460411 	 -173.326040000 	 0.602387000 
460648 	 -173.326040000 	 0.602387000 
460878 	 -173.326040000 	 0.602387000 
461118 	 -173.326040000 	 0.602387000 
461366 	 -173.326040000 	 0.602387000 
461572 	 -173.326040000 	 0.602387000 
461783 	 -173.326040000 	 0.602387000 
461991 	 -173.326040000 	 0.602387000 
462193 	 -173.326040000 	 0.602387000 
462399 	 -173.326040000 	 0.602387000 
462618 	 -173.326040000 	 0.602387000 
462816 	 -173.326040000 	 0.602387000 
463032 	 -173.326040000 	 0.602387000 
463242 	 -173.326040000 	 0.602387000 
463454 	 -173.326040000 	 0.602387000 
463685 	 -173.326040000 	 0.602387000 
463910 	 -173.326040000 	 0.602387000 
464167 	 -173.326040000 	 0.602387000 
464405 	 -173.326040000 	 0.602387000 
464653 	 -173.326040000 	 0.602387000 
464892 	 -173.326040000 	 0.602387000 
465129 	 -173.326040000 	 0.602387000 
465375 	 -173.326040000 	 0.602387000 
465609 	 -173.326040000 	 0.602387000 
465838 	 -173.326040000 	 0.602387000 
466037 	 -173.326040000 	 0.602387000 
466232 	 -173.326040000 	 0.602387000 
466442 	 -173.326040000 	 0.602387000 
466648 	 -173.326040000 	 0.602387000 
466852 	 -173.326040000 	 0.602387000 
467078 	 -173.326040000 	 0.602387000 
467285 	 -173.326040000 	 0.602387000 
467487 	 -173.326040000 	 0.602387000 
467700 	 -173.326040000 	 0.602387000 
467891 	 -173.326040000 	 0.602387000 
468126 	 -173.326040000 	 0.602387000 
468352 	 -173.326040000 	 0.602387000 
468589 	 -173.326040000 	 0.602387000 
468813 	 -173.326040000 	 0.602387000 
469043 	 -173.326040000 	 0.602387000 
469286 	 -173.326040000 	 0.602387000 
469487 	 -173.326040000 	 0.602387000 
469710 	 -173.326040000 	 0.602387000 
469933 	 -173.326040000 	 0.602387000 
470156 	 -173.326040000 	 0.602387000 
470375 	 -173.326040000 	 0.602387000 
470584 	 -173.326040000 	 0.602387000 
470798 	 -173.326040000 	 0.602387000 
471018 	 -173.326040000 	 0.602387000 
471224 	 -173.326040000 	 0.602387000 
471435 	 -173.326040000 	 0.602387000 
471646 	 -173.326040000 	 0.602387000 
471860 	 -173.326040000 	 0.602387000 
472082 	 -173.326040000 	 0.602387000 
472300 	 -173.326040000 	 0.602387000 
472533 	 -173.326040000 	 0.602387000 
472759 	 -173.326040000 	 0.602387000 
472985 	 -173.326040000 	 0.602387000 
473221 	 -173.326040000 	 0.602387000 
473449 	 -173.326040000 	 0.602387000 
473664 	 -173.326040000 	 0.602387000 
473913 	 -173.326040000 	 0.602387000 
474135 	 -173.326040000 	 0.602387000 
474351 	 -173.326040000 	 0.602387000 
474584 	 -173.326040000 	 0.602387000 
474796 	 -173.326040000 	 0.602387000 
475006 	 -173.326040000 	 0.602387000 
475216 	 -173.326040000 	 0.602387000 
475416 	 -173.326040000 	 0.602387000 
475629 	 -173.326040000 	 0.602387000 
475835 	 -173.326040000 	 0.602387000 
476050 	 -173.326040000 	 0.602387000 
476260 	 -173.326040000 	 0.602387000 
476489 	 -173.326040000 	 0.602387000 
476698 	 -173.326040000 	 0.602387000 
476922 	 -173.326040000 	 0.602387000 
477141 	 -173.326040000 	 0.602387000 
477360 	 -173.326040000 	 0.602387000 
477568 	 -173.326040000 	 0.602387000 
477791 	 -173.326040000 	 0.602387000 
478009 	 -173.326040000 	 0.602387000 
478239 	 -173.326040000 	 0.602387000 
478467 	 -173.326040000 	 0.602387000 
478688 	 -173.326040000 	 0.602387000 
478930 	 -173.326040000 	 0.602387000 
479150 	 -173.326040000 	 0.602387000 
479380 	 -173.326040000 	 0.602387000 
479606 	 -173.326040000 	 0.602387000 
479814 	 -173.326040000 	 0.602387000 
480037 	 -173.326040000 	 0.602387000 
480245 	 -173.326040000 	 0.602387000 
480458 	 -173.326040000 	 0.602387000 
480682 	 -173.326040000 	 0.602387000 
480899 	 -173.326040000 	 0.602387000 
481122 	 -173.326040000 	 0.602387000 
481357 	 -173.326040000 	 0.602387000 
481559 	 -173.326040000 	 0.602387000 
481785 	 -173.326040000 	 0.602387000 
482003 	 -173.326040000 	 0.602387000 
482221 	 -173.326040000 	 0.602387000 
482432 	 -173.326040000 	 0.602387000 
482661 	 -173.326040000 	 0.602387000 
482886 	 -173.326040000 	 0.602387000 
483100 	 -173.326040000 	 0.602387000 
483311 	 -173.326040000 	 0.602387000 
483534 	 -173.326040000 	 0.602387000 
483760 	 -173.326040000 	 0.602387000 
483989 	 -173.326040000 	 0.602387000 
484213 	 -173.326040000 	 0.602387000 
484448 	 -173.326040000 	 0.602387000 
484658 	 -173.327220000 	 0.601207000 
484874 	 -173.327220000 	 0.601207000 
485090 	 -173.327220000 	 0.601207000 
485313 	 -173.327220000 	 0.601207000 
485509 	 -173.327220000 	 0.601207000 
485719 	 -173.327220000 	 0.601207000 
485926 	 -173.327220000 	 0.601207000 
486145 	 -173.327220000 	 0.601207000 
486363 	 -173.327220000 	 0.601207000 
486573 	 -173.327220000 	 0.601207000 
486790 	 -173.327220000 	 0.601207000 
487013 	 -173.327220000 	 0.601207000 
487228 	 -173.327220000 	 0.601207000 
487425 	 -173.327220000 	 0.601207000 
487625 	 -173.327220000 	 0.601207000 
487839 	 -173.327220000 	 0.601207000 
488084 	 -173.327220000 	 0.601207000 
488309 	 -173.327220000 	 0.601207000 
488538 	 -173.327220000 	 0.601207000 
488767 	 -173.327220000 	 0.601207000 
489016 	 -173.327220000 	 0.601207000 
489262 	 -173.327220000 	 0.601207000 
489517 	 -173.327220000 	 0.601207000 
489756 	 -173.327220000 	 0.601207000 
489979 	 -173.327220000 	 0.601207000 
490190 	 -173.327220000 	 0.601207000 
490401 	 -173.327220000 	 0.601207000 
490612 	 -173.327220000 	 0.601207000 
490821 	 -173.327220000 	 0.601207000 
491039 	 -173.327220000 	 0.601207000 
491247 	 -173.327220000 	 0.601207000 
491459 	 -173.327220000 	 0.601207000 
491666 	 -173.327220000 	 0.601207000 
491878 	 -173.327220000 	 0.601207000 
492079 	 -173.327220000 	 0.601207000 
492302 	 -173.327220000 	 0.601207000 
492541 	 -173.327220000 	 0.601207000 
492771 	 -173.327220000 	 0.601207000 
493000 	 -173.327220000 	 0.601207000 
493247 	 -173.327220000 	 0.601207000 
493471 	 -173.327220000 	 0.601207000 
493673 	 -173.327220000 	 0.601207000 
493898 	 -173.327220000 	 0.601207000 
494137 	 -173.327220000 	 0.601207000 
494382 	 -173.327220000 	 0.601207000 
494577 	 -173.327220000 	 0.601207000 
494789 	 -173.327220000 	 0.601207000 
494987 	 -173.327220000 	 0.601207000 
495198 	 -173.327220000 	 0.601207000 
495404 	 -173.327220000 	 0.601207000 
495606 	 -173.327220000 	 0.601207000 
495818 	 -173.327220000 	 0.601207000 
496023 	 -173.327220000 	 0.601207000 
496222 	 -173.327220000 	 0.601207000 
496421 	 -173.327220000 	 0.601207000 
496647 	 -173.327220000 	 0.601207000 
496889 	 -173.327220000 	 0.601207000 
497132 	 -173.327220000 	 0.601207000 
497368 	 -173.327220000 	 0.601207000 
497604 	 -173.327220000 	 0.601207000 
497842 	 -173.327220000 	 0.601207000 
498088 	 -173.327220000 	 0.601207000 
498330 	 -173.327220000 	 0.601207000 
498560 	 -173.327220000 	 0.601207000 
498804 	 -173.327220000 	 0.601207000 
499012 	 -173.327220000 	 0.601207000 
499200 	 -173.327220000 	 0.601207000 
499396 	 -173.327220000 	 0.601207000 
499612 	 -173.327220000 	 0.601207000 
499826 	 -173.327220000 	 0.601207000 
500044 	 -173.327220000 	 0.601207000 
500247 	 -173.327220000 	 0.601207000 
500444 	 -173.327220000 	 0.601207000 
500650 	 -173.327220000 	 0.601207000 
500848 	 -173.327220000 	 0.601207000 
501091 	 -173.327220000 	 0.601207000 
501300 	 -173.327220000 	 0.601207000 
501532 	 -173.327220000 	 0.601207000 
501757 	 -173.327220000 	 0.601207000 
501972 	 -173.327220000 	 0.601207000 
502196 	 -173.327220000 	 0.601207000 
502426 	 -173.327220000 	 0.601207000 
502656 	 -173.327220000 	 0.601207000 
502892 	 -173.327220000 	 0.601207000 
503125 	 -173.327220000 	 0.601207000 
503319 	 -173.327220000 	 0.601207000 
503531 	 -173.327220000 	 0.601207000 
503730 	 -173.327220000 	 0.601207000 
503936 	 -173.327220000 	 0.601207000 
504153 	 -173.327220000 	 0.601207000 
504359 	 -173.327220000 	 0.601207000 
504565 	 -173.327220000 	 0.601207000 
504770 	 -173.327220000 	 0.601207000 
504963 	 -173.327220000 	 0.601207000 
505160 	 -173.327220000 	 0.601207000 
505416 	 -173.327220000 	 0.601207000 
505650 	 -173.327220000 	 0.601207000 
505896 	 -173.327220000 	 0.601207000 
506132 	 -173.327220000 	 0.601207000 
506373 	 -173.327220000 	 0.601207000 
506609 	 -173.327220000 	 0.601207000 
506850 	 -173.327220000 	 0.601207000 
507090 	 -173.327220000 	 0.601207000 
507324 	 -173.327220000 	 0.601207000 
507552 	 -173.327220000 	 0.601207000 
507745 	 -173.327220000 	 0.601207000 
507941 	 -173.327220000 	 0.601207000 
508135 	 -173.327220000 	 0.601207000 
508327 	 -173.327220000 	 0.601207000 
508527 	 -173.327220000 	 0.601207000 
508748 	 -173.327220000 	 0.601207000 
508947 	 -173.327220000 	 0.601207000 
509159 	 -173.327220000 	 0.601207000 
509364 	 -173.327220000 	 0.601207000 
509568 	 -173.327220000 	 0.601207000 
509804 	 -173.327220000 	 0.601207000 
510032 	 -173.327220000 	 0.601207000 
510272 	 -173.327220000 	 0.601207000 
510499 	 -173.327220000 	 0.601207000 
510729 	 -173.327220000 	 0.601207000 
510964 	 -173.327220000 	 0.601207000 
511202 	 -173.327220000 	 0.601207000 
511435 	 -173.328400000 	 0.600027000 
511663 	 -173.328400000 	 0.600027000 
511898 	 -173.328400000 	 0.600027000 
512094 	 -173.328400000 	 0.600027000 
512307 	 -173.328400000 	 0.600027000 
512491 	 -173.328400000 	 0.600027000 
512699 	 -173.328400000 	 0.600027000 
512888 	 -173.328400000 	 0.600027000 
513085 	 -173.328400000 	 0.600027000 
513290 	 -173.328400000 	 0.600027000 
513476 	 -173.328400000 	 0.600027000 
513676 	 -173.328400000 	 0.600027000 
513879 	 -173.328400000 	 0.600027000 
514108 	 -173.328400000 	 0.600027000 
514331 	 -173.328400000 	 0.600027000 
514545 	 -173.328400000 	 0.600027000 
514779 	 -173.328400000 	 0.600027000 
515011 	 -173.328400000 	 0.600027000 
515233 	 -173.328400000 	 0.600027000 
515456 	 -173.328400000 	 0.600027000 
515683 	 -173.328400000 	 0.600027000 
515925 	 -173.328400000 	 0.600027000 
516168 	 -173.328400000 	 0.600027000 
516373 	 -173.328400000 	 0.600027000 
516562 	 -173.328400000 	 0.600027000 
516772 	 -173.328400000 	 0.600027000 
516980 	 -173.328400000 	 0.600027000 
517192 	 -173.328400000 	 0.600027000 
517385 	 -173.328400000 	 0.600027000 
517589 	 -173.328400000 	 0.600027000 
517783 	 -173.328400000 	 0.600027000 
518000 	 -173.328400000 	 0.600027000 
518198 	 -173.328400000 	 0.600027000 
518421 	 -173.328400000 	 0.600027000 
518635 	 -173.328400000 	 0.600027000 
518858 	 -173.328400000 	 0.600027000 
519068 	 -173.328400000 	 0.600027000 
519285 	 -173.328400000 	 0.600027000 
519518 	 -173.328400000 	 0.600027000 
519746 	 -173.328400000 	 0.600027000 
519963 	 -173.328400000 	 0.600027000 
520186 	 -173.328400000 	 0.600027000 
520412 	 -173.328400000 	 0.600027000 
520665 	 -173.328400000 	 0.600027000 
520882 	 -173.328400000 	 0.600027000 
521097 	 -173.328400000 	 0.600027000 
521315 	 -173.328400000 	 0.600027000 
521537 	 -173.328400000 	 0.600027000 
521767 	 -173.328400000 	 0.600027000 
521988 	 -173.328400000 	 0.600027000 
522208 	 -173.328400000 	 0.600027000 
522451 	 -173.328400000 	 0.600027000 
522669 	 -173.328400000 	 0.600027000 
522888 	 -173.328400000 	 0.600027000 
523112 	 -173.328400000 	 0.600027000 
523328 	 -173.328400000 	 0.600027000 
523533 	 -173.328400000 	 0.600027000 
523777 	 -173.328400000 	 0.600027000 
523981 	 -173.328400000 	 0.600027000 
524212 	 -173.328400000 	 0.600027000 
524443 	 -173.328400000 	 0.600027000 
524677 	 -173.328400000 	 0.600027000 
524893 	 -173.328400000 	 0.600027000 
525124 	 -173.328400000 	 0.600027000 
525347 	 -173.328400000 	 0.600027000 
525553 	 -173.329580000 	 0.598847000 
525776 	 -173.329580000 	 0.598847000 
526005 	 -173.329580000 	 0.598847000 
526227 	 -173.329580000 	 0.598847000 
526457 	 -173.329580000 	 0.598847000 
526686 	 -173.329580000 	 0.598847000 
526910 	 -173.329580000 	 0.598847000 
527126 	 -173.329580000 	 0.598847000 
527332 	 -173.329580000 	 0.598847000 
527535 	 -173.329580000 	 0.598847000 
527749 	 -173.329580000 	 0.598847000 
527952 	 -173.329580000 	 0.598847000 
528160 	 -173.329580000 	 0.598847000 
528373 	 -173.329580000 	 0.598847000 
528583 	 -173.329580000 	 0.598847000 
528795 	 -173.329580000 	 0.598847000 
529017 	 -173.329580000 	 0.598847000 
529238 	 -173.329580000 	 0.598847000 
529475 	 -173.329580000 	 0.598847000 
529712 	 -173.329580000 	 0.598847000 
529954 	 -173.329580000 	 0.598847000 
530179 	 -173.329580000 	 0.598847000 
530399 	 -173.329580000 	 0.598847000 
530644 	 -173.329580000 	 0.598847000 
530879 	 -173.329580000 	 0.598847000 
531106 	 -173.329580000 	 0.598847000 
531339 	 -173.329580000 	 0.598847000 
531560 	 -173.329580000 	 0.598847000 
531764 	 -173.329580000 	 0.598847000 
531968 	 -173.329580000 	 0.598847000 
532172 	 -173.329580000 	 0.598847000 
532370 	 -173.329580000 	 0.598847000 
532597 	 -173.329580000 	 0.598847000 
532809 	 -173.329580000 	 0.598847000 
533011 	 -173.329580000 	 0.598847000 
533226 	 -173.329580000 	 0.598847000 
533428 	 -173.329580000 	 0.598847000 
533647 	 -173.329580000 	 0.598847000 
533901 	 -173.329580000 	 0.598847000 
534114 	 -173.329580000 	 0.598847000 
534340 	 -173.329580000 	 0.598847000 
534558 	 -173.329580000 	 0.598847000 
534796 	 -173.329580000 	 0.598847000 
535008 	 -173.329580000 	 0.598847000 
535223 	 -173.329580000 	 0.598847000 
535456 	 -173.329580000 	 0.598847000 
535672 	 -173.329580000 	 0.598847000 
535885 	 -173.329580000 	 0.598847000 
536090 	 -173.329580000 	 0.598847000 
536293 	 -173.329580000 	 0.598847000 
536518 	 -173.329580000 	 0.598847000 
536738 	 -173.329580000 	 0.598847000 
536950 	 -173.329580000 	 0.598847000 
537157 	 -173.329580000 	 0.598847000 
537359 	 -173.329580000 	 0.598847000 
537557 	 -173.329580000 	 0.598847000 
537755 	 -173.329580000 	 0.598847000 
537958 	 -173.329580000 	 0.598847000 
538205 	 -173.329580000 	 0.598847000 
538433 	 -173.329580000 	 0.598847000 
538668 	 -173.329580000 	 0.598847000 
538903 	 -173.329580000 	 0.598847000 
539133 	 -173.329580000 	 0.598847000 
539364 	 -173.329580000 	 0.598847000 
539621 	 -173.329580000 	 0.598847000 
539855 	 -173.329580000 	 0.598847000 
540102 	 -173.329580000 	 0.598847000 
540349 	 -173.329580000 	 0.598847000 
540561 	 -173.329580000 	 0.598847000 
540754 	 -173.329580000 	 0.598847000 
540944 	 -173.329580000 	 0.598847000 
541148 	 -173.329580000 	 0.598847000 
541333 	 -173.329580000 	 0.598847000 
541525 	 -173.329580000 	 0.598847000 
541714 	 -173.329580000 	 0.598847000 
541914 	 -173.329580000 	 0.598847000 
542091 	 -173.329580000 	 0.598847000 
542283 	 -173.329580000 	 0.598847000 
542529 	 -173.329580000 	 0.598847000 
542755 	 -173.329580000 	 0.598847000 
542985 	 -173.329580000 	 0.598847000 
543240 	 -173.329580000 	 0.598847000 
543468 	 -173.329580000 	 0.598847000 
543721 	 -173.329580000 	 0.598847000 
543956 	 -173.329580000 	 0.598847000 
544199 	 -173.329580000 	 0.598847000 
544449 	 -173.329580000 	 0.598847000 
544695 	 -173.329580000 	 0.598847000 
544886 	 -173.329580000 	 0.598847000 
545081 	 -173.329580000 	 0.598847000 
545271 	 -173.329580000 	 0.598847000 
545455 	 -173.329580000 	 0.598847000 
545652 	 -173.329580000 	 0.598847000 
545854 	 -173.329580000 	 0.598847000 
546064 	 -173.329580000 	 0.598847000 
546272 	 -173.329580000 	 0.598847000 
546473 	 -173.329580000 	 0.598847000 
546672 	 -173.329580000 	 0.598847000 
546908 	 -173.329580000 	 0.598847000 
547162 	 -173.329580000 	 0.598847000 
547407 	 -173.329580000 	 0.598847000 
547664 	 -173.329580000 	 0.598847000 
547902 	 -173.329580000 	 0.598847000 
548143 	 -173.329580000 	 0.598847000 
548388 	 -173.329580000 	 0.598847000 
548615 	 -173.329580000 	 0.598847000 
548871 	 -173.329580000 	 0.598847000 
549114 	 -173.329580000 	 0.598847000 
549308 	 -173.329580000 	 0.598847000 
549510 	 -173.329580000 	 0.598847000 
549717 	 -173.329580000 	 0.598847000 
549909 	 -173.329580000 	 0.598847000 
550114 	 -173.329580000 	 0.598847000 
550322 	 -173.329580000 	 0.598847000 
550531 	 -173.329580000 	 0.598847000 
550736 	 -173.329580000 	 0.598847000 
550947 	 -173.329580000 	 0.598847000 
551152 	 -173.329580000 	 0.598847000 
551403 	 -173.329580000 	 0.598847000 
551646 	 -173.329580000 	 0.598847000 
551889 	 -173.329580000 	 0.598847000 
552108 	 -173.329580000 	 0.598847000 
552343 	 -173.329580000 	 0.598847000 
552555 	 -173.329580000 	 0.598847000 
552781 	 -173.329580000 	 0.598847000 
553026 	 -173.329580000 	 0.598847000 
553265 	 -173.329580000 	 0.598847000 
553503 	 -173.329580000 	 0.598847000 
553715 	 -173.329580000 	 0.598847000 
553918 	 -173.329580000 	 0.598847000 
554123 	 -173.329580000 	 0.598847000 
554319 	 -173.329580000 	 0.598847000 
554534 	 -173.329580000 	 0.598847000 
554737 	 -173.329580000 	 0.598847000 
554944 	 -173.329580000 	 0.598847000 
555166 	 -173.329580000 	 0.598847000 
555377 	 -173.329580000 	 0.598847000 
555587 	 -173.329580000 	 0.598847000 
555822 	 -173.329580000 	 0.598847000 
556047 	 -173.329580000 	 0.598847000 
556287 	 -173.329580000 	 0.598847000 
556523 	 -173.329580000 	 0.598847000 
556752 	 -173.329580000 	 0.598847000 
556982 	 -173.329580000 	 0.598847000 
557241 	 -173.329580000 	 0.598847000 
557460 	 -173.336340000 	 0.592087000 
557677 	 -173.336340000 	 0.592087000 
557911 	 -173.336340000 	 0.592087000 
558121 	 -173.336340000 	 0.592087000 
558328 	 -173.336340000 	 0.592087000 
558526 	 -173.336340000 	 0.592087000 
558737 	 -173.336340000 	 0.592087000 
558939 	 -173.336340000 	 0.592087000 
559149 	 -173.336340000 	 0.592087000 
559363 	 -173.336340000 	 0.592087000 
559565 	 -173.336340000 	 0.592087000 
559773 	 -173.336340000 	 0.592087000 
559981 	 -173.336340000 	 0.592087000 
560223 	 -173.336340000 	 0.592087000 
560464 	 -173.336340000 	 0.592087000 
560696 	 -173.336340000 	 0.592087000 
560932 	 -173.336340000 	 0.592087000 
561161 	 -173.336340000 	 0.592087000 
561392 	 -173.336340000 	 0.592087000 
561605 	 -173.336340000 	 0.592087000 
561822 	 -173.336340000 	 0.592087000 
562053 	 -173.336340000 	 0.592087000 
562296 	 -173.336340000 	 0.592087000 
562509 	 -173.336340000 	 0.592087000 
562709 	 -173.336340000 	 0.592087000 
562919 	 -173.336340000 	 0.592087000 
563126 	 -173.336340000 	 0.592087000 
563335 	 -173.336340000 	 0.592087000 
563554 	 -173.336340000 	 0.592087000 
563759 	 -173.336340000 	 0.592087000 
563968 	 -173.336340000 	 0.592087000 
564172 	 -173.336340000 	 0.592087000 
564383 	 -173.336340000 	 0.592087000 
564612 	 -173.336340000 	 0.592087000 
564814 	 -173.336340000 	 0.592087000 
565056 	 -173.336340000 	 0.592087000 
565271 	 -173.336340000 	 0.592087000 
565482 	 -173.336340000 	 0.592087000 
565695 	 -173.336340000 	 0.592087000 
565916 	 -173.336340000 	 0.592087000 
566138 	 -173.336340000 	 0.592087000 
566367 	 -173.336340000 	 0.592087000 
566569 	 -173.336340000 	 0.592087000 
566785 	 -173.336340000 	 0.592087000 
567026 	 -173.336340000 	 0.592087000 
567249 	 -173.336340000 	 0.592087000 
567464 	 -173.336340000 	 0.592087000 
567689 	 -173.336340000 	 0.592087000 
567913 	 -173.336340000 	 0.592087000 
568149 	 -173.336340000 	 0.592087000 
568381 	 -173.336340000 	 0.592087000 
568612 	 -173.336340000 	 0.592087000 
568834 	 -173.336340000 	 0.592087000 
569053 	 -173.336340000 	 0.592087000 
569268 	 -173.336340000 	 0.592087000 
569485 	 -173.336340000 	 0.592087000 
569725 	 -173.336340000 	 0.592087000 
569939 	 -173.336340000 	 0.592087000 
570198 	 -173.336340000 	 0.592087000 
570418 	 -173.336340000 	 0.592087000 
570639 	 -173.336340000 	 0.592087000 
570868 	 -173.336340000 	 0.592087000 
571079 	 -173.336340000 	 0.592087000 
571300 	 -173.336340000 	 0.592087000 
571524 	 -173.336340000 	 0.592087000 
571742 	 -173.336340000 	 0.592087000 
571948 	 -173.336340000 	 0.592087000 
572158 	 -173.336340000 	 0.592087000 
572382 	 -173.336340000 	 0.592087000 
572600 	 -173.336340000 	 0.592087000 
572812 	 -173.336340000 	 0.592087000 
573028 	 -173.336340000 	 0.592087000 
573233 	 -173.336340000 	 0.592087000 
573435 	 -173.336340000 	 0.592087000 
573660 	 -173.336340000 	 0.592087000 
573857 	 -173.336340000 	 0.592087000 
574060 	 -173.336340000 	 0.592087000 
574269 	 -173.336340000 	 0.592087000 
574486 	 -173.336340000 	 0.592087000 
574683 	 -173.336340000 	 0.592087000 
574893 	 -173.336340000 	 0.592087000 
575111 	 -173.336340000 	 0.592087000 
575312 	 -173.336340000 	 0.592087000 
575528 	 -173.336340000 	 0.592087000 
575740 	 -173.336340000 	 0.592087000 
575956 	 -173.336340000 	 0.592087000 
576172 	 -173.337520000 	 0.590907000 
576389 	 -173.337520000 	 0.590907000 
576616 	 -173.337520000 	 0.590907000 
576823 	 -173.337520000 	 0.590907000 
577039 	 -173.337520000 	 0.590907000 
577260 	 -173.337520000 	 0.590907000 
577492 	 -173.337520000 	 0.590907000 
577707 	 -173.337520000 	 0.590907000 
577922 	 -173.337520000 	 0.590907000 
578134 	 -173.337520000 	 0.590907000 
578355 	 -173.337520000 	 0.590907000 
578574 	 -173.337520000 	 0.590907000 
578795 	 -173.337520000 	 0.590907000 
579016 	 -173.337520000 	 0.590907000 
579223 	 -173.337520000 	 0.590907000 
579456 	 -173.337520000 	 0.590907000 
579674 	 -173.337520000 	 0.590907000 
579929 	 -173.337520000 	 0.590907000 
580161 	 -173.337520000 	 0.590907000 
580390 	 -173.337520000 	 0.590907000 
580616 	 -173.337520000 	 0.590907000 
580847 	 -173.337520000 	 0.590907000 
581066 	 -173.337520000 	 0.590907000 
581299 	 -173.337520000 	 0.590907000 
581546 	 -173.337520000 	 0.590907000 
581775 	 -173.337520000 	 0.590907000 
582004 	 -173.337520000 	 0.590907000 
582216 	 -173.337520000 	 0.590907000 
582431 	 -173.337520000 	 0.590907000 
582638 	 -173.337520000 	 0.590907000 
582843 	 -173.337520000 	 0.590907000 
583044 	 -173.337520000 	 0.590907000 
583250 	 -173.337520000 	 0.590907000 
583458 	 -173.337520000 	 0.590907000 
583670 	 -173.337520000 	 0.590907000 
583873 	 -173.337520000 	 0.590907000 
584080 	 -173.337520000 	 0.590907000 
584323 	 -173.337520000 	 0.590907000 
584562 	 -173.337520000 	 0.590907000 
584804 	 -173.337520000 	 0.590907000 
585047 	 -173.337520000 	 0.590907000 
585303 	 -173.337520000 	 0.590907000 
585543 	 -173.337520000 	 0.590907000 
585775 	 -173.337520000 	 0.590907000 
586013 	 -173.337520000 	 0.590907000 
586253 	 -173.337520000 	 0.590907000 
586493 	 -173.337520000 	 0.590907000 
586706 	 -173.337520000 	 0.590907000 
586906 	 -173.337520000 	 0.590907000 
587110 	 -173.337520000 	 0.590907000 
587320 	 -173.337520000 	 0.590907000 
587532 	 -173.337520000 	 0.590907000 
587735 	 -173.337520000 	 0.590907000 
587957 	 -173.337520000 	 0.590907000 
588182 	 -173.337520000 	 0.590907000 
588388 	 -173.337520000 	 0.590907000 
588607 	 -173.337520000 	 0.590907000 
588840 	 -173.337520000 	 0.590907000 
589071 	 -173.337520000 	 0.590907000 
589286 	 -173.337520000 	 0.590907000 
589528 	 -173.337520000 	 0.590907000 
589742 	 -173.337520000 	 0.590907000 
589996 	 -173.337520000 	 0.590907000 
590236 	 -173.337520000 	 0.590907000 
590461 	 -173.337520000 	 0.590907000 
590704 	 -173.337520000 	 0.590907000 
590939 	 -173.344280000 	 0.584147000 
591130 	 -173.344280000 	 0.584147000 
591316 	 -173.344280000 	 0.584147000 
591522 	 -173.344280000 	 0.584147000 
591710 	 -173.344280000 	 0.584147000 
591909 	 -173.344280000 	 0.584147000 
592104 	 -173.344280000 	 0.584147000 
592285 	 -173.344280000 	 0.584147000 
592483 	 -173.344280000 	 0.584147000 
592676 	 -173.344280000 	 0.584147000 
592862 	 -173.344280000 	 0.584147000 
593079 	 -173.344280000 	 0.584147000 
593318 	 -173.344280000 	 0.584147000 
593546 	 -173.344280000 	 0.584147000 
593792 	 -173.344280000 	 0.584147000 
594020 	 -173.344280000 	 0.584147000 
594256 	 -173.344280000 	 0.584147000 
594503 	 -173.344280000 	 0.584147000 
594725 	 -173.344280000 	 0.584147000 
594974 	 -173.344280000 	 0.584147000 
595216 	 -173.344280000 	 0.584147000 
595406 	 -173.344280000 	 0.584147000 
595611 	 -173.344280000 	 0.584147000 
595812 	 -173.344280000 	 0.584147000 
596004 	 -173.344280000 	 0.584147000 
596200 	 -173.344280000 	 0.584147000 
596420 	 -173.344280000 	 0.584147000 
596612 	 -173.344280000 	 0.584147000 
596811 	 -173.344280000 	 0.584147000 
597014 	 -173.344280000 	 0.584147000 
597215 	 -173.344280000 	 0.584147000 
597461 	 -173.344280000 	 0.584147000 
597706 	 -173.344280000 	 0.584147000 
597931 	 -173.344280000 	 0.584147000 
598172 	 -173.344280000 	 0.584147000 
598388 	 -173.344280000 	 0.584147000 
598628 	 -173.344280000 	 0.584147000 
598830 	 -173.344280000 	 0.584147000 
599073 	 -173.344280000 	 0.584147000 
599300 	 -173.344280000 	 0.584147000 
599524 	 -173.344280000 	 0.584147000 
599722 	 -173.344280000 	 0.584147000 
599926 	 -173.344280000 	 0.584147000 
600135 	 -173.344280000 	 0.584147000 
600339 	 -173.344280000 	 0.584147000 
600549 	 -173.344280000 	 0.584147000 
600740 	 -173.344280000 	 0.584147000 
600955 	 -173.344280000 	 0.584147000 
601148 	 -173.344280000 	 0.584147000 
601346 	 -173.344280000 	 0.584147000 
601546 	 -173.344280000 	 0.584147000 
601781 	 -173.344280000 	 0.584147000 
602001 	 -173.344280000 	 0.584147000 
602207 	 -173.344280000 	 0.584147000 
602430 	 -173.344280000 	 0.584147000 
602645 	 -173.344280000 	 0.584147000 
602875 	 -173.344280000 	 0.584147000 
603115 	 -173.344280000 	 0.584147000 
603348 	 -173.344280000 	 0.584147000 
603574 	 -173.344280000 	 0.584147000 
603788 	 -173.344280000 	 0.584147000 
604004 	 -173.344280000 	 0.584147000 
604212 	 -173.344280000 	 0.584147000 
604419 	 -173.344280000 	 0.584147000 
604632 	 -173.344280000 	 0.584147000 
604844 	 -173.344280000 	 0.584147000 
605060 	 -173.344280000 	 0.584147000 
605267 	 -173.344280000 	 0.584147000 
605482 	 -173.344280000 	 0.584147000 
605678 	 -173.344280000 	 0.584147000 
605877 	 -173.344280000 	 0.584147000 
606099 	 -173.344280000 	 0.584147000 
606339 	 -173.344280000 	 0.584147000 
606547 	 -173.344280000 	 0.584147000 
606775 	 -173.344280000 	 0.584147000 
606995 	 -173.344280000 	 0.584147000 
607232 	 -173.344280000 	 0.584147000 
607434 	 -173.344280000 	 0.584147000 
607659 	 -173.344280000 	 0.584147000 
607876 	 -173.344280000 	 0.584147000 
608116 	 -173.344280000 	 0.584147000 
608348 	 -173.344280000 	 0.584147000 
608569 	 -173.344280000 	 0.584147000 
608794 	 -173.344280000 	 0.584147000 
609033 	 -173.344280000 	 0.584147000 
609255 	 -173.344280000 	 0.584147000 
609467 	 -173.344280000 	 0.584147000 
609684 	 -173.344280000 	 0.584147000 
609892 	 -173.344280000 	 0.584147000 
610122 	 -173.344280000 	 0.584147000 
610336 	 -173.344280000 	 0.584147000 
610561 	 -173.344280000 	 0.584147000 
610786 	 -173.344280000 	 0.584147000 
611007 	 -173.344280000 	 0.584147000 
611242 	 -173.344280000 	 0.584147000 
611466 	 -173.344280000 	 0.584147000 
611707 	 -173.344280000 	 0.584147000 
611924 	 -173.344280000 	 0.584147000 
612138 	 -173.344280000 	 0.584147000 
612358 	 -173.344280000 	 0.584147000 
612570 	 -173.344280000 	 0.584147000 
612785 	 -173.344280000 	 0.584147000 
613006 	 -173.344280000 	 0.584147000 
613244 	 -173.344280000 	 0.584147000 
613463 	 -173.344280000 	 0.584147000 
613668 	 -173.344280000 	 0.584147000 
613890 	 -173.344280000 	 0.584147000 
614118 	 -173.344280000 	 0.584147000 
614352 	 -173.344280000 	 0.584147000 
614569 	 -173.344280000 	 0.584147000 
614794 	 -173.344280000 	 0.584147000 
615012 	 -173.344280000 	 0.584147000 
615235 	 -173.344280000 	 0.584147000 
615455 	 -173.344280000 	 0.584147000 
615671 	 -173.344280000 	 0.584147000 
615899 	 -173.344280000 	 0.584147000 
616119 	 -173.344280000 	 0.584147000 
616341 	 -173.344280000 	 0.584147000 
616549 	 -173.344280000 	 0.584147000 
616763 	 -173.344280000 	 0.584147000 
616980 	 -173.344280000 	 0.584147000 
617207 	 -173.344280000 	 0.584147000 
617431 	 -173.344280000 	 0.584147000 
617693 	 -173.344280000 	 0.584147000 
617914 	 -173.344280000 	 0.584147000 
618139 	 -173.344280000 	 0.584147000 
618370 	 -173.344280000 	 0.584147000 
618604 	 -173.344280000 	 0.584147000 
618835 	 -173.344280000 	 0.584147000 
619059 	 -173.344280000 	 0.584147000 
619291 	 -173.344280000 	 0.584147000 
619506 	 -173.344280000 	 0.584147000 
619709 	 -173.344280000 	 0.584147000 
619918 	 -173.344280000 	 0.584147000 
620120 	 -173.344280000 	 0.584147000 
620337 	 -173.344280000 	 0.584147000 
620550 	 -173.344280000 	 0.584147000 
620757 	 -173.344280000 	 0.584147000 
620966 	 -173.344280000 	 0.584147000 
621181 	 -173.344280000 	 0.584147000 
621395 	 -173.344280000 	 0.584147000 
621610 	 -173.344280000 	 0.584147000 
621820 	 -173.344280000 	 0.584147000 
622071 	 -173.344280000 	 0.584147000 
622290 	 -173.344280000 	 0.584147000 
622504 	 -173.344280000 	 0.584147000 
622741 	 -173.344280000 	 0.584147000 
622973 	 -173.344280000 	 0.584147000 
623186 	 -173.344280000 	 0.584147000 
623419 	 -173.344280000 	 0.584147000 
623632 	 -173.344280000 	 0.584147000 
623849 	 -173.344280000 	 0.584147000 
624048 	 -173.344280000 	 0.584147000 
624244 	 -173.344280000 	 0.584147000 
624450 	 -173.344280000 	 0.584147000 
624657 	 -173.344280000 	 0.584147000 
624849 	 -173.344280000 	 0.584147000 
625049 	 -173.344280000 	 0.584147000 
625262 	 -173.344280000 	 0.584147000 
625457 	 -173.344280000 	 0.584147000 
625674 	 -173.344280000 	 0.584147000 
625913 	 -173.344280000 	 0.584147000 
626162 	 -173.344280000 	 0.584147000 
626409 	 -173.344280000 	 0.584147000 
626634 	 -173.344280000 	 0.584147000 
626857 	 -173.344280000 	 0.584147000 
627099 	 -173.344280000 	 0.584147000 
627331 	 -173.344280000 	 0.584147000 
627565 	 -173.344280000 	 0.584147000 
627796 	 -173.344280000 	 0.584147000 
628029 	 -173.344280000 	 0.584147000 
628248 	 -173.344280000 	 0.584147000 
628460 	 -173.344280000 	 0.584147000 
628652 	 -173.344280000 	 0.584147000 
628863 	 -173.344280000 	 0.584147000 
629069 	 -173.344280000 	 0.584147000 
629270 	 -173.344280000 	 0.584147000 
629468 	 -173.344280000 	 0.584147000 
629676 	 -173.344280000 	 0.584147000 
629880 	 -173.344280000 	 0.584147000 
630080 	 -173.344280000 	 0.584147000 
630333 	 -173.344280000 	 0.584147000 
630591 	 -173.344280000 	 0.584147000 
630842 	 -173.344280000 	 0.584147000 
631068 	 -173.344280000 	 0.584147000 
631313 	 -173.344280000 	 0.584147000 
631577 	 -173.344280000 	 0.584147000 
631809 	 -173.344280000 	 0.584147000 
632045 	 -173.344280000 	 0.584147000 
632276 	 -173.344280000 	 0.584147000 
632516 	 -173.344280000 	 0.584147000 
632706 	 -173.344280000 	 0.584147000 
632899 	 -173.344280000 	 0.584147000 
633092 	 -173.344280000 	 0.584147000 
633279 	 -173.344280000 	 0.584147000 
633478 	 -173.344280000 	 0.584147000 
633667 	 -173.344280000 	 0.584147000 
633858 	 -173.344280000 	 0.584147000 
634063 	 -173.344280000 	 0.584147000 
634251 	 -173.344280000 	 0.584147000 
634434 	 -173.344280000 	 0.584147000 
634665 	 -173.344280000 	 0.584147000 
634906 	 -173.344280000 	 0.584147000 
635145 	 -173.344280000 	 0.584147000 
635403 	 -173.344280000 	 0.584147000 
635630 	 -173.344280000 	 0.584147000 
635863 	 -173.344280000 	 0.584147000 
636101 	 -173.344280000 	 0.584147000 
636321 	 -173.344280000 	 0.584147000 
636543 	 -173.344280000 	 0.584147000 
636776 	 -173.344280000 	 0.584147000 
636970 	 -173.344280000 	 0.584147000 
637163 	 -173.344280000 	 0.584147000 
637348 	 -173.344280000 	 0.584147000 
637547 	 -173.344280000 	 0.584147000 
637744 	 -173.344280000 	 0.584147000 
637936 	 -173.344280000 	 0.584147000 
638112 	 -173.344280000 	 0.584147000 
638294 	 -173.344280000 	 0.584147000 
638484 	 -173.344280000 	 0.584147000 
638673 	 -173.344280000 	 0.584147000 
638910 	 -173.344280000 	 0.584147000 
639159 	 -173.344280000 	 0.584147000 
639376 	 -173.344280000 	 0.584147000 
639618 	 -173.344280000 	 0.584147000 
639866 	 -173.344280000 	 0.584147000 
640088 	 -173.344280000 	 0.584147000 
640319 	 -173.344280000 	 0.584147000 
640556 	 -173.344280000 	 0.584147000 
640789 	 -173.344280000 	 0.584147000 
641036 	 -173.344280000 	 0.584147000 
641254 	 -173.344280000 	 0.584147000 
641463 	 -173.344280000 	 0.584147000 
641679 	 -173.344280000 	 0.584147000 
641893 	 -173.344280000 	 0.584147000 
642118 	 -173.344280000 	 0.584147000 
642340 	 -173.344280000 	 0.584147000 
642563 	 -173.344280000 	 0.584147000 
642794 	 -173.344280000 	 0.584147000 
643006 	 -173.344280000 	 0.584147000 
643217 	 -173.344280000 	 0.584147000 
643451 	 -173.344280000 	 0.584147000 
643677 	 -173.344280000 	 0.584147000 
643946 	 -173.344280000 	 0.584147000 
644209 	 -173.344280000 	 0.584147000 
644448 	 -173.344280000 	 0.584147000 
644671 	 -173.344280000 	 0.584147000 
644900 	 -173.344280000 	 0.584147000 
645117 	 -173.344280000 	 0.584147000 
645352 	 -173.344280000 	 0.584147000 
645576 	 -173.344280000 	 0.584147000 
645779 	 -173.344280000 	 0.584147000 
645969 	 -173.344280000 	 0.584147000 
646179 	 -173.344280000 	 0.584147000 
646386 	 -173.344280000 	 0.584147000 
646576 	 -173.344280000 	 0.584147000 
646774 	 -173.344280000 	 0.584147000 
646968 	 -173.344280000 	 0.584147000 
647180 	 -173.344280000 	 0.584147000 
647381 	 -173.344280000 	 0.584147000 
647584 	 -173.344280000 	 0.584147000 
647800 	 -173.344280000 	 0.584147000 
648012 	 -173.344280000 	 0.584147000 
648226 	 -173.344280000 	 0.584147000 
648451 	 -173.344280000 	 0.584147000 
648682 	 -173.344280000 	 0.584147000 
648892 	 -173.344280000 	 0.584147000 
649111 	 -173.344280000 	 0.584147000 
649352 	 -173.344280000 	 0.584147000 
649579 	 -173.344280000 	 0.584147000 
649795 	 -173.344280000 	 0.584147000 
649993 	 -173.344280000 	 0.584147000 
650202 	 -173.344280000 	 0.584147000 
650391 	 -173.344280000 	 0.584147000 
650581 	 -173.344280000 	 0.584147000 
650792 	 -173.344280000 	 0.584147000 
650988 	 -173.344280000 	 0.584147000 
651199 	 -173.344280000 	 0.584147000 
651398 	 -173.344280000 	 0.584147000 
651624 	 -173.344280000 	 0.584147000 
651830 	 -173.344280000 	 0.584147000 
652044 	 -173.344280000 	 0.584147000 
652251 	 -173.344280000 	 0.584147000 
652484 	 -173.344280000 	 0.584147000 
652710 	 -173.351040000 	 0.577387000 
652939 	 -173.351040000 	 0.577387000 
653151 	 -173.351040000 	 0.577387000 
653372 	 -173.351040000 	 0.577387000 
653594 	 -173.351040000 	 0.577387000 
653818 	 -173.351040000 	 0.577387000 
654054 	 -173.351040000 	 0.577387000 
654270 	 -173.351040000 	 0.577387000 
654485 	 -173.351040000 	 0.577387000 
654701 	 -173.351040000 	 0.577387000 
654924 	 -173.351040000 	 0.577387000 
655125 	 -173.351040000 	 0.577387000 
655354 	 -173.351040000 	 0.577387000 
655576 	 -173.351040000 	 0.577387000 
655803 	 -173.351040000 	 0.577387000 
656019 	 -173.351040000 	 0.577387000 
656223 	 -173.351040000 	 0.577387000 
656472 	 -173.351040000 	 0.577387000 
656703 	 -173.351040000 	 0.577387000 
656925 	 -173.351040000 	 0.577387000 
657168 	 -173.351040000 	 0.577387000 
657397 	 -173.351040000 	 0.577387000 
657631 	 -173.351040000 	 0.577387000 
657859 	 -173.351040000 	 0.577387000 
658088 	 -173.351040000 	 0.577387000 
658307 	 -173.351040000 	 0.577387000 
658511 	 -173.351040000 	 0.577387000 
658711 	 -173.351040000 	 0.577387000 
658933 	 -173.351040000 	 0.577387000 
659145 	 -173.351040000 	 0.577387000 
659359 	 -173.351040000 	 0.577387000 
659582 	 -173.351040000 	 0.577387000 
659807 	 -173.351040000 	 0.577387000 
660025 	 -173.351040000 	 0.577387000 
660250 	 -173.351040000 	 0.577387000 
660468 	 -173.351040000 	 0.577387000 
660696 	 -173.351040000 	 0.577387000 
660900 	 -173.351040000 	 0.577387000 
661116 	 -173.351040000 	 0.577387000 
661342 	 -173.351040000 	 0.577387000 
661544 	 -173.351040000 	 0.577387000 
661757 	 -173.351040000 	 0.577387000 
661980 	 -173.351040000 	 0.577387000 
662206 	 -173.351040000 	 0.577387000 
662413 	 -173.351040000 	 0.577387000 
662628 	 -173.351040000 	 0.577387000 
662843 	 -173.351040000 	 0.577387000 
663064 	 -173.351040000 	 0.577387000 
663279 	 -173.351040000 	 0.577387000 
663488 	 -173.351040000 	 0.577387000 
663730 	 -173.351040000 	 0.577387000 
663954 	 -173.351040000 	 0.577387000 
664191 	 -173.351040000 	 0.577387000 
664426 	 -173.351040000 	 0.577387000 
664643 	 -173.351040000 	 0.577387000 
664850 	 -173.351040000 	 0.577387000 
665077 	 -173.351040000 	 0.577387000 
665265 	 -173.351040000 	 0.577387000 
665461 	 -173.351040000 	 0.577387000 
665670 	 -173.351040000 	 0.577387000 
665875 	 -173.351040000 	 0.577387000 
666089 	 -173.351040000 	 0.577387000 
666298 	 -173.351040000 	 0.577387000 
666502 	 -173.351040000 	 0.577387000 
666711 	 -173.351040000 	 0.577387000 
666924 	 -173.351040000 	 0.577387000 
667137 	 -173.351040000 	 0.577387000 
667357 	 -173.351040000 	 0.577387000 
667603 	 -173.351040000 	 0.577387000 
667829 	 -173.351040000 	 0.577387000 
668071 	 -173.351040000 	 0.577387000 
668327 	 -173.351040000 	 0.577387000 
668587 	 -173.351040000 	 0.577387000 
668820 	 -173.351040000 	 0.577387000 
669073 	 -173.351040000 	 0.577387000 
669309 	 -173.351040000 	 0.577387000 
669546 	 -173.351040000 	 0.577387000 
669734 	 -173.351040000 	 0.577387000 
669937 	 -173.351040000 	 0.577387000 
670121 	 -173.351040000 	 0.577387000 
670322 	 -173.351040000 	 0.577387000 
670514 	 -173.351040000 	 0.577387000 
670722 	 -173.351040000 	 0.577387000 
670922 	 -173.351040000 	 0.577387000 
671117 	 -173.351040000 	 0.577387000 
671323 	 -173.351040000 	 0.577387000 
671524 	 -173.351040000 	 0.577387000 
671783 	 -173.351040000 	 0.577387000 
672041 	 -173.351040000 	 0.577387000 
672280 	 -173.351040000 	 0.577387000 
672525 	 -173.351040000 	 0.577387000 
672773 	 -173.351040000 	 0.577387000 
673021 	 -173.351040000 	 0.577387000 
673259 	 -173.351040000 	 0.577387000 
673493 	 -173.351040000 	 0.577387000 
673734 	 -173.351040000 	 0.577387000 
673987 	 -173.351040000 	 0.577387000 
674182 	 -173.351040000 	 0.577387000 
674407 	 -173.351040000 	 0.577387000 
674611 	 -173.351040000 	 0.577387000 
674825 	 -173.351040000 	 0.577387000 
675012 	 -173.351040000 	 0.577387000 
675224 	 -173.351040000 	 0.577387000 
675424 	 -173.351040000 	 0.577387000 
675633 	 -173.351040000 	 0.577387000 
675831 	 -173.351040000 	 0.577387000 
676033 	 -173.351040000 	 0.577387000 
676282 	 -173.351040000 	 0.577387000 
676518 	 -173.351040000 	 0.577387000 
676746 	 -173.351040000 	 0.577387000 
676967 	 -173.351040000 	 0.577387000 
677195 	 -173.351040000 	 0.577387000 
677432 	 -173.351040000 	 0.577387000 
677656 	 -173.351040000 	 0.577387000 
677899 	 -173.351040000 	 0.577387000 
678132 	 -173.351040000 	 0.577387000 
678348 	 -173.351040000 	 0.577387000 
678546 	 -173.351040000 	 0.577387000 
678751 	 -173.351040000 	 0.577387000 
678943 	 -173.351040000 	 0.577387000 
679147 	 -173.351040000 	 0.577387000 
679345 	 -173.351040000 	 0.577387000 
679541 	 -173.351040000 	 0.577387000 
679741 	 -173.351040000 	 0.577387000 
679960 	 -173.351040000 	 0.577387000 
680151 	 -173.351040000 	 0.577387000 
680365 	 -173.351040000 	 0.577387000 
680598 	 -173.351040000 	 0.577387000 
680834 	 -173.351040000 	 0.577387000 
681075 	 -173.351040000 	 0.577387000 
681308 	 -173.351040000 	 0.577387000 
681538 	 -173.351040000 	 0.577387000 
681778 	 -173.351040000 	 0.577387000 
682003 	 -173.351040000 	 0.577387000 
682226 	 -173.351040000 	 0.577387000 
682464 	 -173.351040000 	 0.577387000 
682700 	 -173.351040000 	 0.577387000 
682912 	 -173.351040000 	 0.577387000 
683120 	 -173.351040000 	 0.577387000 
683316 	 -173.357800000 	 0.570627000 
683527 	 -173.357800000 	 0.570627000 
683737 	 -173.357800000 	 0.570627000 
683953 	 -173.357800000 	 0.570627000 
684161 	 -173.357800000 	 0.570627000 
684367 	 -173.357800000 	 0.570627000 
684563 	 -173.357800000 	 0.570627000 
684755 	 -173.357800000 	 0.570627000 
684990 	 -173.357800000 	 0.570627000 
685234 	 -173.357800000 	 0.570627000 
685476 	 -173.357800000 	 0.570627000 
685708 	 -173.357800000 	 0.570627000 
685932 	 -173.357800000 	 0.570627000 
686168 	 -173.357800000 	 0.570627000 
686392 	 -173.357800000 	 0.570627000 
686620 	 -173.357800000 	 0.570627000 
686843 	 -173.357800000 	 0.570627000 
687068 	 -173.357800000 	 0.570627000 
687254 	 -173.357800000 	 0.570627000 
687449 	 -173.357800000 	 0.570627000 
687663 	 -173.357800000 	 0.570627000 
687861 	 -173.357800000 	 0.570627000 
688075 	 -173.357800000 	 0.570627000 
688275 	 -173.357800000 	 0.570627000 
688484 	 -173.357800000 	 0.570627000 
688691 	 -173.357800000 	 0.570627000 
688882 	 -173.357800000 	 0.570627000 
689073 	 -173.357800000 	 0.570627000 
689297 	 -173.357800000 	 0.570627000 
689522 	 -173.357800000 	 0.570627000 
689771 	 -173.357800000 	 0.570627000 
690007 	 -173.357800000 	 0.570627000 
690238 	 -173.357800000 	 0.570627000 
690455 	 -173.357800000 	 0.570627000 
690667 	 -173.357800000 	 0.570627000 
690912 	 -173.357800000 	 0.570627000 
691136 	 -173.357800000 	 0.570627000 
691364 	 -173.357800000 	 0.570627000 
691571 	 -173.357800000 	 0.570627000 
691765 	 -173.357800000 	 0.570627000 
691964 	 -173.357800000 	 0.570627000 
692154 	 -173.357800000 	 0.570627000 
692354 	 -173.357800000 	 0.570627000 
692569 	 -173.357800000 	 0.570627000 
692779 	 -173.357800000 	 0.570627000 
692990 	 -173.357800000 	 0.570627000 
693205 	 -173.357800000 	 0.570627000 
693405 	 -173.357800000 	 0.570627000 
693629 	 -173.357800000 	 0.570627000 
693843 	 -173.357800000 	 0.570627000 
694057 	 -173.357800000 	 0.570627000 
694287 	 -173.357800000 	 0.570627000 
694506 	 -173.357800000 	 0.570627000 
694738 	 -173.357800000 	 0.570627000 
694955 	 -173.357800000 	 0.570627000 
695207 	 -173.357800000 	 0.570627000 
695419 	 -173.357800000 	 0.570627000 
695655 	 -173.357800000 	 0.570627000 
695885 	 -173.357800000 	 0.570627000 
696101 	 -173.357800000 	 0.570627000 
696320 	 -173.357800000 	 0.570627000 
696532 	 -173.357800000 	 0.570627000 
696762 	 -173.357800000 	 0.570627000 
696973 	 -173.357800000 	 0.570627000 
697197 	 -173.357800000 	 0.570627000 
697412 	 -173.357800000 	 0.570627000 
697633 	 -173.357800000 	 0.570627000 
697848 	 -173.357800000 	 0.570627000 
698068 	 -173.357800000 	 0.570627000 
698291 	 -173.357800000 	 0.570627000 
698511 	 -173.357800000 	 0.570627000 
698739 	 -173.357800000 	 0.570627000 
698944 	 -173.357800000 	 0.570627000 
699163 	 -173.357800000 	 0.570627000 
699392 	 -173.357800000 	 0.570627000 
699629 	 -173.357800000 	 0.570627000 
699843 	 -173.357800000 	 0.570627000 
700049 	 -173.357800000 	 0.570627000 
700261 	 -173.357800000 	 0.570627000 
700471 	 -173.357800000 	 0.570627000 
700689 	 -173.357800000 	 0.570627000 
700901 	 -173.357800000 	 0.570627000 
701129 	 -173.357800000 	 0.570627000 
701353 	 -173.357800000 	 0.570627000 
701587 	 -173.357800000 	 0.570627000 
701797 	 -173.357800000 	 0.570627000 
702003 	 -173.357800000 	 0.570627000 
702227 	 -173.357800000 	 0.570627000 
702450 	 -173.357800000 	 0.570627000 
702665 	 -173.357800000 	 0.570627000 
702870 	 -173.357800000 	 0.570627000 
703083 	 -173.357800000 	 0.570627000 
703300 	 -173.357800000 	 0.570627000 
703507 	 -173.357800000 	 0.570627000 
703739 	 -173.357800000 	 0.570627000 
703943 	 -173.357800000 	 0.570627000 
704167 	 -173.357800000 	 0.570627000 
704377 	 -173.357800000 	 0.570627000 
704595 	 -173.357800000 	 0.570627000 
704790 	 -173.357800000 	 0.570627000 
705002 	 -173.357800000 	 0.570627000 
705232 	 -173.357800000 	 0.570627000 
705451 	 -173.357800000 	 0.570627000 
705677 	 -173.357800000 	 0.570627000 
705906 	 -173.357800000 	 0.570627000 
706121 	 -173.357800000 	 0.570627000 
706347 	 -173.357800000 	 0.570627000 
706573 	 -173.364560000 	 0.563867000 
706784 	 -173.364560000 	 0.563867000 
707012 	 -173.364560000 	 0.563867000 
707216 	 -173.364560000 	 0.563867000 
707445 	 -173.364560000 	 0.563867000 
707662 	 -173.364560000 	 0.563867000 
707877 	 -173.364560000 	 0.563867000 
708090 	 -173.364560000 	 0.563867000 
708296 	 -173.364560000 	 0.563867000 
708507 	 -173.364560000 	 0.563867000 
708711 	 -173.364560000 	 0.563867000 
708926 	 -173.364560000 	 0.563867000 
709163 	 -173.364560000 	 0.563867000 
709394 	 -173.364560000 	 0.563867000 
709602 	 -173.364560000 	 0.563867000 
709833 	 -173.364560000 	 0.563867000 
710070 	 -173.364560000 	 0.563867000 
710290 	 -173.364560000 	 0.563867000 
710507 	 -173.364560000 	 0.563867000 
710718 	 -173.364560000 	 0.563867000 
710929 	 -173.364560000 	 0.563867000 
711120 	 -173.364560000 	 0.563867000 
711340 	 -173.364560000 	 0.563867000 
711539 	 -173.364560000 	 0.563867000 
711739 	 -173.364560000 	 0.563867000 
711952 	 -173.364560000 	 0.563867000 
712146 	 -173.364560000 	 0.563867000 
712361 	 -173.364560000 	 0.563867000 
712553 	 -173.364560000 	 0.563867000 
712761 	 -173.364560000 	 0.563867000 
712952 	 -173.364560000 	 0.563867000 
713187 	 -173.365740000 	 0.562687000 
713420 	 -173.365740000 	 0.562687000 
713657 	 -173.365740000 	 0.562687000 
713873 	 -173.365740000 	 0.562687000 
714104 	 -173.365740000 	 0.562687000 
714321 	 -173.365740000 	 0.562687000 
714525 	 -173.365740000 	 0.562687000 
714740 	 -173.365740000 	 0.562687000 
714958 	 -173.365740000 	 0.562687000 
715185 	 -173.365740000 	 0.562687000 
715400 	 -173.365740000 	 0.562687000 
715618 	 -173.365740000 	 0.562687000 
715819 	 -173.365740000 	 0.562687000 
716029 	 -173.365740000 	 0.562687000 
716238 	 -173.365740000 	 0.562687000 
716417 	 -173.365740000 	 0.562687000 
716617 	 -173.365740000 	 0.562687000 
716821 	 -173.365740000 	 0.562687000 
717024 	 -173.365740000 	 0.562687000 
717232 	 -173.365740000 	 0.562687000 
717467 	 -173.365740000 	 0.562687000 
717715 	 -173.365740000 	 0.562687000 
717960 	 -173.365740000 	 0.562687000 
718200 	 -173.365740000 	 0.562687000 
718432 	 -173.365740000 	 0.562687000 
718669 	 -173.365740000 	 0.562687000 
718909 	 -173.365740000 	 0.562687000 
719150 	 -173.365740000 	 0.562687000 
719401 	 -173.365740000 	 0.562687000 
719652 	 -173.365740000 	 0.562687000 
719854 	 -173.365740000 	 0.562687000 
720050 	 -173.365740000 	 0.562687000 
720248 	 -173.365740000 	 0.562687000 
720458 	 -173.365740000 	 0.562687000 
720665 	 -173.365740000 	 0.562687000 
720866 	 -173.365740000 	 0.562687000 
721070 	 -173.365740000 	 0.562687000 
721270 	 -173.365740000 	 0.562687000 
721478 	 -173.365740000 	 0.562687000 
721679 	 -173.365740000 	 0.562687000 
721939 	 -173.365740000 	 0.562687000 
722184 	 -173.365740000 	 0.562687000 
722426 	 -173.365740000 	 0.562687000 
722669 	 -173.365740000 	 0.562687000 
722900 	 -173.365740000 	 0.562687000 
723154 	 -173.365740000 	 0.562687000 
723399 	 -173.365740000 	 0.562687000 
723640 	 -173.365740000 	 0.562687000 
723876 	 -173.365740000 	 0.562687000 
724089 	 -173.365740000 	 0.562687000 
724297 	 -173.365740000 	 0.562687000 
724502 	 -173.365740000 	 0.562687000 
724715 	 -173.365740000 	 0.562687000 
724936 	 -173.365740000 	 0.562687000 
725155 	 -173.365740000 	 0.562687000 
725359 	 -173.365740000 	 0.562687000 
725575 	 -173.365740000 	 0.562687000 
725778 	 -173.365740000 	 0.562687000 
725980 	 -173.365740000 	 0.562687000 
726195 	 -173.365740000 	 0.562687000 
726415 	 -173.365740000 	 0.562687000 
726660 	 -173.365740000 	 0.562687000 
726895 	 -173.365740000 	 0.562687000 
727131 	 -173.365740000 	 0.562687000 
727378 	 -173.365740000 	 0.562687000 
727603 	 -173.365740000 	 0.562687000 
727834 	 -173.365740000 	 0.562687000 
728056 	 -173.365740000 	 0.562687000 
728295 	 -173.365740000 	 0.562687000 
728540 	 -173.365740000 	 0.562687000 
728744 	 -173.365740000 	 0.562687000 
728947 	 -173.365740000 	 0.562687000 
729165 	 -173.365740000 	 0.562687000 
729358 	 -173.365740000 	 0.562687000 
729568 	 -173.365740000 	 0.562687000 
729767 	 -173.365740000 	 0.562687000 
729962 	 -173.365740000 	 0.562687000 
730164 	 -173.365740000 	 0.562687000 
730382 	 -173.365740000 	 0.562687000 
730583 	 -173.365740000 	 0.562687000 
730829 	 -173.365740000 	 0.562687000 
731068 	 -173.365740000 	 0.562687000 
731314 	 -173.365740000 	 0.562687000 
731555 	 -173.365740000 	 0.562687000 
731772 	 -173.365740000 	 0.562687000 
732003 	 -173.365740000 	 0.562687000 
732257 	 -173.365740000 	 0.562687000 
732482 	 -173.365740000 	 0.562687000 
732698 	 -173.365740000 	 0.562687000 
732942 	 -173.365740000 	 0.562687000 
733156 	 -173.365740000 	 0.562687000 
733371 	 -173.365740000 	 0.562687000 
733574 	 -173.365740000 	 0.562687000 
733774 	 -173.365740000 	 0.562687000 
733972 	 -173.365740000 	 0.562687000 
734171 	 -173.365740000 	 0.562687000 
734376 	 -173.365740000 	 0.562687000 
734572 	 -173.365740000 	 0.562687000 
734774 	 -173.365740000 	 0.562687000 
734976 	 -173.365740000 	 0.562687000 
735218 	 -173.365740000 	 0.562687000 
735449 	 -173.365740000 	 0.562687000 
735681 	 -173.365740000 	 0.562687000 
735899 	 -173.365740000 	 0.562687000 
736122 	 -173.365740000 	 0.562687000 
736337 	 -173.365740000 	 0.562687000 
736567 	 -173.365740000 	 0.562687000 
736804 	 -173.365740000 	 0.562687000 
737034 	 -173.365740000 	 0.562687000 
737246 	 -173.365740000 	 0.562687000 
737465 	 -173.365740000 	 0.562687000 
737676 	 -173.365740000 	 0.562687000 
737903 	 -173.365740000 	 0.562687000 
738128 	 -173.365740000 	 0.562687000 
738336 	 -173.365740000 	 0.562687000 
738542 	 -173.365740000 	 0.562687000 
738765 	 -173.365740000 	 0.562687000 
738968 	 -173.365740000 	 0.562687000 
739177 	 -173.365740000 	 0.562687000 
739389 	 -173.365740000 	 0.562687000 
739603 	 -173.365740000 	 0.562687000 
739823 	 -173.365740000 	 0.562687000 
740058 	 -173.365740000 	 0.562687000 
740275 	 -173.365740000 	 0.562687000 
740492 	 -173.365740000 	 0.562687000 
740718 	 -173.365740000 	 0.562687000 
740944 	 -173.365740000 	 0.562687000 
741158 	 -173.365740000 	 0.562687000 
741388 	 -173.365740000 	 0.562687000 
741609 	 -173.365740000 	 0.562687000 
741820 	 -173.365740000 	 0.562687000 
742050 	 -173.365740000 	 0.562687000 
742263 	 -173.365740000 	 0.562687000 
742486 	 -173.365740000 	 0.562687000 
742698 	 -173.365740000 	 0.562687000 
742917 	 -173.365740000 	 0.562687000 
743154 	 -173.365740000 	 0.562687000 
743382 	 -173.365740000 	 0.562687000 
743604 	 -173.365740000 	 0.562687000 
743835 	 -173.365740000 	 0.562687000 
744029 	 -173.365740000 	 0.562687000 
744239 	 -173.365740000 	 0.562687000 
744434 	 -173.365740000 	 0.562687000 
744661 	 -173.365740000 	 0.562687000 
744873 	 -173.365740000 	 0.562687000 
745106 	 -173.365740000 	 0.562687000 
745323 	 -173.365740000 	 0.562687000 
745545 	 -173.365740000 	 0.562687000 
745767 	 -173.365740000 	 0.562687000 
745978 	 -173.365740000 	 0.562687000 
746198 	 -173.365740000 	 0.562687000 
746420 	 -173.365740000 	 0.562687000 
746652 	 -173.365740000 	 0.562687000 
746893 	 -173.365740000 	 0.562687000 
747140 	 -173.365740000 	 0.562687000 
747365 	 -173.365740000 	 0.562687000 
747587 	 -173.365740000 	 0.562687000 
747821 	 -173.365740000 	 0.562687000 
748061 	 -173.365740000 	 0.562687000 
748300 	 -173.365740000 	 0.562687000 
748512 	 -173.365740000 	 0.562687000 
748731 	 -173.365740000 	 0.562687000 
748932 	 -173.365740000 	 0.562687000 
749142 	 -173.365740000 	 0.562687000 
749343 	 -173.365740000 	 0.562687000 
749562 	 -173.365740000 	 0.562687000 
749760 	 -173.365740000 	 0.562687000 
749964 	 -173.365740000 	 0.562687000 
750170 	 -173.365740000 	 0.562687000 
750387 	 -173.365740000 	 0.562687000 
750628 	 -173.365740000 	 0.562687000 
750850 	 -173.365740000 	 0.562687000 
751088 	 -173.365740000 	 0.562687000 
751315 	 -173.365740000 	 0.562687000 
751544 	 -173.365740000 	 0.562687000 
751758 	 -173.365740000 	 0.562687000 
751991 	 -173.365740000 	 0.562687000 
752231 	 -173.365740000 	 0.562687000 
752468 	 -173.365740000 	 0.562687000 
752705 	 -173.365740000 	 0.562687000 
752933 	 -173.365740000 	 0.562687000 
753138 	 -173.365740000 	 0.562687000 
753325 	 -173.365740000 	 0.562687000 
753530 	 -173.365740000 	 0.562687000 
753723 	 -173.365740000 	 0.562687000 
753932 	 -173.365740000 	 0.562687000 
754125 	 -173.365740000 	 0.562687000 
754332 	 -173.365740000 	 0.562687000 
754536 	 -173.365740000 	 0.562687000 
754734 	 -173.365740000 	 0.562687000 
754966 	 -173.365740000 	 0.562687000 
755184 	 -173.365740000 	 0.562687000 
755419 	 -173.365740000 	 0.562687000 
755647 	 -173.365740000 	 0.562687000 
755885 	 -173.365740000 	 0.562687000 
756120 	 -173.365740000 	 0.562687000 
756345 	 -173.365740000 	 0.562687000 
756571 	 -173.365740000 	 0.562687000 
756814 	 -173.365740000 	 0.562687000 
757033 	 -173.365740000 	 0.562687000 
757248 	 -173.365740000 	 0.562687000 
757456 	 -173.365740000 	 0.562687000 
757634 	 -173.365740000 	 0.562687000 
757825 	 -173.365740000 	 0.562687000 
758021 	 -173.365740000 	 0.562687000 
758237 	 -173.365740000 	 0.562687000 
758442 	 -173.365740000 	 0.562687000 
758652 	 -173.365740000 	 0.562687000 
758853 	 -173.365740000 	 0.562687000 
759066 	 -173.365740000 	 0.562687000 
759296 	 -173.365740000 	 0.562687000 
759540 	 -173.365740000 	 0.562687000 
759776 	 -173.365740000 	 0.562687000 
760022 	 -173.365740000 	 0.562687000 
760252 	 -173.365740000 	 0.562687000 
760485 	 -173.365740000 	 0.562687000 
760728 	 -173.365740000 	 0.562687000 
760963 	 -173.365740000 	 0.562687000 
761214 	 -173.365740000 	 0.562687000 
761449 	 -173.365740000 	 0.562687000 
761635 	 -173.365740000 	 0.562687000 
761830 	 -173.365740000 	 0.562687000 
762044 	 -173.365740000 	 0.562687000 
762233 	 -173.365740000 	 0.562687000 
762437 	 -173.365740000 	 0.562687000 
762641 	 -173.365740000 	 0.562687000 
762854 	 -173.365740000 	 0.562687000 
763056 	 -173.365740000 	 0.562687000 
763258 	 -173.365740000 	 0.562687000 
763459 	 -173.365740000 	 0.562687000 
763696 	 -173.365740000 	 0.562687000 
763921 	 -173.365740000 	 0.562687000 
764139 	 -173.365740000 	 0.562687000 
764365 	 -173.365740000 	 0.562687000 
764601 	 -173.365740000 	 0.562687000 
764826 	 -173.365740000 	 0.562687000 
765063 	 -173.365740000 	 0.562687000 
765294 	 -173.365740000 	 0.562687000 
765524 	 -173.365740000 	 0.562687000 
765748 	 -173.365740000 	 0.562687000 
765942 	 -173.365740000 	 0.562687000 
766131 	 -173.365740000 	 0.562687000 
766315 	 -173.365740000 	 0.562687000 
766521 	 -173.365740000 	 0.562687000 
766714 	 -173.365740000 	 0.562687000 
766908 	 -173.365740000 	 0.562687000 
767106 	 -173.365740000 	 0.562687000 
767300 	 -173.365740000 	 0.562687000 
767508 	 -173.365740000 	 0.562687000 
767697 	 -173.365740000 	 0.562687000 
767931 	 -173.365740000 	 0.562687000 
768174 	 -173.365740000 	 0.562687000 
768405 	 -173.365740000 	 0.562687000 
768638 	 -173.365740000 	 0.562687000 
768859 	 -173.365740000 	 0.562687000 
769101 	 -173.365740000 	 0.562687000 
769325 	 -173.365740000 	 0.562687000 
769558 	 -173.365740000 	 0.562687000 
769789 	 -173.365740000 	 0.562687000 
770030 	 -173.365740000 	 0.562687000 
770232 	 -173.365740000 	 0.562687000 
770423 	 -173.365740000 	 0.562687000 
770622 	 -173.365740000 	 0.562687000 
770815 	 -173.365740000 	 0.562687000 
771014 	 -173.365740000 	 0.562687000 
771227 	 -173.365740000 	 0.562687000 
771440 	 -173.365740000 	 0.562687000 
771642 	 -173.365740000 	 0.562687000 
771851 	 -173.365740000 	 0.562687000 
772051 	 -173.365740000 	 0.562687000 
772280 	 -173.365740000 	 0.562687000 
772502 	 -173.365740000 	 0.562687000 
772751 	 -173.365740000 	 0.562687000 
772990 	 -173.365740000 	 0.562687000 
773225 	 -173.365740000 	 0.562687000 
773459 	 -173.365740000 	 0.562687000 
773681 	 -173.365740000 	 0.562687000 
773912 	 -173.365740000 	 0.562687000 
774141 	 -173.365740000 	 0.562687000 
774396 	 -173.365740000 	 0.562687000 
774610 	 -173.365740000 	 0.562687000 
774822 	 -173.365740000 	 0.562687000 
775040 	 -173.365740000 	 0.562687000 
775251 	 -173.365740000 	 0.562687000 
775457 	 -173.365740000 	 0.562687000 
775684 	 -173.365740000 	 0.562687000 
775892 	 -173.365740000 	 0.562687000 
776116 	 -173.365740000 	 0.562687000 
776324 	 -173.365740000 	 0.562687000 
776544 	 -173.365740000 	 0.562687000 
776784 	 -173.365740000 	 0.562687000 
777018 	 -173.365740000 	 0.562687000 
777240 	 -173.365740000 	 0.562687000 
777487 	 -173.365740000 	 0.562687000 
777714 	 -173.365740000 	 0.562687000 
777943 	 -173.365740000 	 0.562687000 
778158 	 -173.365740000 	 0.562687000 
778409 	 -173.365740000 	 0.562687000 
778639 	 -173.365740000 	 0.562687000 
778877 	 -173.365740000 	 0.562687000 
779088 	 -173.365740000 	 0.562687000 
779272 	 -173.365740000 	 0.562687000 
779476 	 -173.365740000 	 0.562687000 
779690 	 -173.365740000 	 0.562687000 
779910 	 -173.365740000 	 0.562687000 
780113 	 -173.365740000 	 0.562687000 
780319 	 -173.365740000 	 0.562687000 
780534 	 -173.365740000 	 0.562687000 
780739 	 -173.365740000 	 0.562687000 
780947 	 -173.365740000 	 0.562687000 
781170 	 -173.365740000 	 0.562687000 
781394 	 -173.365740000 	 0.562687000 
781625 	 -173.365740000 	 0.562687000 
781840 	 -173.365740000 	 0.562687000 
782066 	 -173.365740000 	 0.562687000 
782294 	 -173.365740000 	 0.562687000 
782524 	 -173.365740000 	 0.562687000 
782764 	 -173.365740000 	 0.562687000 
782975 	 -173.365740000 	 0.562687000 
783219 	 -173.365740000 	 0.562687000 
783424 	 -173.365740000 	 0.562687000 
783634 	 -173.365740000 	 0.562687000 
783838 	 -173.365740000 	 0.562687000 
784046 	 -173.365740000 	 0.562687000 
784239 	 -173.365740000 	 0.562687000 
784442 	 -173.365740000 	 0.562687000 
784663 	 -173.365740000 	 0.562687000 
784861 	 -173.365740000 	 0.562687000 
785074 	 -173.365740000 	 0.562687000 
785282 	 -173.365740000 	 0.562687000 
785506 	 -173.365740000 	 0.562687000 
785730 	 -173.365740000 	 0.562687000 
785966 	 -173.365740000 	 0.562687000 
786174 	 -173.365740000 	 0.562687000 
786403 	 -173.365740000 	 0.562687000 
786620 	 -173.365740000 	 0.562687000 
786837 	 -173.365740000 	 0.562687000 
787055 	 -173.365740000 	 0.562687000 
787292 	 -173.365740000 	 0.562687000 
787504 	 -173.365740000 	 0.562687000 
787745 	 -173.365740000 	 0.562687000 
787995 	 -173.365740000 	 0.562687000 
788218 	 -173.365740000 	 0.562687000 
788445 	 -173.365740000 	 0.562687000 
788688 	 -173.365740000 	 0.562687000 
788914 	 -173.365740000 	 0.562687000 
789155 	 -173.365740000 	 0.562687000 
789389 	 -173.365740000 	 0.562687000 
789622 	 -173.365740000 	 0.562687000 
789860 	 -173.365740000 	 0.562687000 
790077 	 -173.365740000 	 0.562687000 
790278 	 -173.365740000 	 0.562687000 
790501 	 -173.365740000 	 0.562687000 
790723 	 -173.365740000 	 0.562687000 
790956 	 -173.372500000 	 0.555927000 
791163 	 -173.372500000 	 0.555927000 
791362 	 -173.372500000 	 0.555927000 
791567 	 -173.372500000 	 0.555927000 
791763 	 -173.372500000 	 0.555927000 
791988 	 -173.372500000 	 0.555927000 
792201 	 -173.372500000 	 0.555927000 
792413 	 -173.372500000 	 0.555927000 
792617 	 -173.372500000 	 0.555927000 
792830 	 -173.372500000 	 0.555927000 
793032 	 -173.372500000 	 0.555927000 
793258 	 -173.372500000 	 0.555927000 
793464 	 -173.372500000 	 0.555927000 
793680 	 -173.372500000 	 0.555927000 
793910 	 -173.372500000 	 0.555927000 
794132 	 -173.372500000 	 0.555927000 
794331 	 -173.372500000 	 0.555927000 
794532 	 -173.372500000 	 0.555927000 
794732 	 -173.372500000 	 0.555927000 
794955 	 -173.372500000 	 0.555927000 
795171 	 -173.372500000 	 0.555927000 
795371 	 -173.372500000 	 0.555927000 
795571 	 -173.372500000 	 0.555927000 
795791 	 -173.372500000 	 0.555927000 
795983 	 -173.372500000 	 0.555927000 
796186 	 -173.372500000 	 0.555927000 
796423 	 -173.372500000 	 0.555927000 
796660 	 -173.372500000 	 0.555927000 
796907 	 -173.372500000 	 0.555927000 
797149 	 -173.372500000 	 0.555927000 
797395 	 -173.372500000 	 0.555927000 
797647 	 -173.372500000 	 0.555927000 
797874 	 -173.372500000 	 0.555927000 
798110 	 -173.372500000 	 0.555927000 
798375 	 -173.372500000 	 0.555927000 
798631 	 -173.372500000 	 0.555927000 
798847 	 -173.372500000 	 0.555927000 
799072 	 -173.372500000 	 0.555927000 
799276 	 -173.372500000 	 0.555927000 
799487 	 -173.372500000 	 0.555927000 
799698 	 -173.372500000 	 0.555927000 
799907 	 -173.372500000 	 0.555927000 
800102 	 -173.372500000 	 0.555927000 
800308 	 -173.372500000 	 0.555927000 
800505 	 -173.372500000 	 0.555927000 
800714 	 -173.372500000 	 0.555927000 
800943 	 -173.372500000 	 0.555927000 
801169 	 -173.372500000 	 0.555927000 
801394 	 -173.372500000 	 0.555927000 
801621 	 -173.372500000 	 0.555927000 
801833 	 -173.372500000 	 0.555927000 
802040 	 -173.372500000 	 0.555927000 
802284 	 -173.372500000 	 0.555927000 
802534 	 -173.372500000 	 0.555927000 
802754 	 -173.372500000 	 0.555927000 
802986 	 -173.372500000 	 0.555927000 
803189 	 -173.372500000 	 0.555927000 
803422 	 -173.372500000 	 0.555927000 
803621 	 -173.372500000 	 0.555927000 
803834 	 -173.372500000 	 0.555927000 
804038 	 -173.372500000 	 0.555927000 
804238 	 -173.372500000 	 0.555927000 
804449 	 -173.372500000 	 0.555927000 
804668 	 -173.372500000 	 0.555927000 
804883 	 -173.372500000 	 0.555927000 
805093 	 -173.372500000 	 0.555927000 
805324 	 -173.372500000 	 0.555927000 
805545 	 -173.372500000 	 0.555927000 
805778 	 -173.372500000 	 0.555927000 
806026 	 -173.372500000 	 0.555927000 
806254 	 -173.372500000 	 0.555927000 
806483 	 -173.372500000 	 0.555927000 
806719 	 -173.372500000 	 0.555927000 
806941 	 -173.372500000 	 0.555927000 
807162 	 -173.372500000 	 0.555927000 
807388 	 -173.372500000 	 0.555927000 
807595 	 -173.372500000 	 0.555927000 
807786 	 -173.372500000 	 0.555927000 
807991 	 -173.372500000 	 0.555927000 
808209 	 -173.372500000 	 0.555927000 
808418 	 -173.372500000 	 0.555927000 
808616 	 -173.372500000 	 0.555927000 
808838 	 -173.372500000 	 0.555927000 
809040 	 -173.372500000 	 0.555927000 
809231 	 -173.372500000 	 0.555927000 
809442 	 -173.372500000 	 0.555927000 
809662 	 -173.372500000 	 0.555927000 
809877 	 -173.372500000 	 0.555927000 
810108 	 -173.372500000 	 0.555927000 
810323 	 -173.372500000 	 0.555927000 
810548 	 -173.372500000 	 0.555927000 
810773 	 -173.373680000 	 0.554747000 
811000 	 -173.373680000 	 0.554747000 
811220 	 -173.373680000 	 0.554747000 
811439 	 -173.373680000 	 0.554747000 
811668 	 -173.373680000 	 0.554747000 
811853 	 -173.373680000 	 0.554747000 
812056 	 -173.373680000 	 0.554747000 
812258 	 -173.373680000 	 0.554747000 
812465 	 -173.373680000 	 0.554747000 
812653 	 -173.373680000 	 0.554747000 
812843 	 -173.373680000 	 0.554747000 
813038 	 -173.373680000 	 0.554747000 
813248 	 -173.373680000 	 0.554747000 
813439 	 -173.373680000 	 0.554747000 
813659 	 -173.373680000 	 0.554747000 
813902 	 -173.373680000 	 0.554747000 
814151 	 -173.373680000 	 0.554747000 
814381 	 -173.373680000 	 0.554747000 
814615 	 -173.373680000 	 0.554747000 
814853 	 -173.373680000 	 0.554747000 
815076 	 -173.373680000 	 0.554747000 
815319 	 -173.373680000 	 0.554747000 
815533 	 -173.373680000 	 0.554747000 
815779 	 -173.373680000 	 0.554747000 
816015 	 -173.373680000 	 0.554747000 
816218 	 -173.373680000 	 0.554747000 
816428 	 -173.373680000 	 0.554747000 
816629 	 -173.373680000 	 0.554747000 
816839 	 -173.373680000 	 0.554747000 
817048 	 -173.373680000 	 0.554747000 
817254 	 -173.373680000 	 0.554747000 
817457 	 -173.373680000 	 0.554747000 
817666 	 -173.373680000 	 0.554747000 
817864 	 -173.373680000 	 0.554747000 
818064 	 -173.373680000 	 0.554747000 
818293 	 -173.373680000 	 0.554747000 
818541 	 -173.373680000 	 0.554747000 
818773 	 -173.373680000 	 0.554747000 
818995 	 -173.373680000 	 0.554747000 
819242 	 -173.373680000 	 0.554747000 
819471 	 -173.373680000 	 0.554747000 
819715 	 -173.373680000 	 0.554747000 
819957 	 -173.373680000 	 0.554747000 
820209 	 -173.373680000 	 0.554747000 
820438 	 -173.373680000 	 0.554747000 
820631 	 -173.373680000 	 0.554747000 
820825 	 -173.373680000 	 0.554747000 
821011 	 -173.373680000 	 0.554747000 
821191 	 -173.373680000 	 0.554747000 
821391 	 -173.373680000 	 0.554747000 
821587 	 -173.373680000 	 0.554747000 
821795 	 -173.373680000 	 0.554747000 
821991 	 -173.373680000 	 0.554747000 
822176 	 -173.373680000 	 0.554747000 
822361 	 -173.373680000 	 0.554747000 
822579 	 -173.373680000 	 0.554747000 
822812 	 -173.373680000 	 0.554747000 
823047 	 -173.373680000 	 0.554747000 
823265 	 -173.373680000 	 0.554747000 
823490 	 -173.373680000 	 0.554747000 
823708 	 -173.373680000 	 0.554747000 
823937 	 -173.373680000 	 0.554747000 
824171 	 -173.373680000 	 0.554747000 
824403 	 -173.373680000 	 0.554747000 
824638 	 -173.373680000 	 0.554747000 
824845 	 -173.373680000 	 0.554747000 
825083 	 -173.373680000 	 0.554747000 
825313 	 -173.373680000 	 0.554747000 
825532 	 -173.373680000 	 0.554747000 
825743 	 -173.373680000 	 0.554747000 
825955 	 -173.373680000 	 0.554747000 
826168 	 -173.373680000 	 0.554747000 
826389 	 -173.373680000 	 0.554747000 
826633 	 -173.373680000 	 0.554747000 
826854 	 -173.373680000 	 0.554747000 
827079 	 -173.373680000 	 0.554747000 
827297 	 -173.373680000 	 0.554747000 
827505 	 -173.373680000 	 0.554747000 
827740 	 -173.373680000 	 0.554747000 
827985 	 -173.373680000 	 0.554747000 
828201 	 -173.373680000 	 0.554747000 
828420 	 -173.373680000 	 0.554747000 
828628 	 -173.373680000 	 0.554747000 
828845 	 -173.373680000 	 0.554747000 
829061 	 -173.373680000 	 0.554747000 
829297 	 -173.373680000 	 0.554747000 
829519 	 -173.373680000 	 0.554747000 
829737 	 -173.373680000 	 0.554747000 
829972 	 -173.373680000 	 0.554747000 
830199 	 -173.373680000 	 0.554747000 
830420 	 -173.373680000 	 0.554747000 
830653 	 -173.373680000 	 0.554747000 
830878 	 -173.373680000 	 0.554747000 
831102 	 -173.373680000 	 0.554747000 
831316 	 -173.373680000 	 0.554747000 
831511 	 -173.373680000 	 0.554747000 
831725 	 -173.373680000 	 0.554747000 
831929 	 -173.373680000 	 0.554747000 
832146 	 -173.373680000 	 0.554747000 
832370 	 -173.373680000 	 0.554747000 
832585 	 -173.373680000 	 0.554747000 
832789 	 -173.373680000 	 0.554747000 
833013 	 -173.373680000 	 0.554747000 
833238 	 -173.373680000 	 0.554747000 
833461 	 -173.373680000 	 0.554747000 
833688 	 -173.373680000 	 0.554747000 
833910 	 -173.373680000 	 0.554747000 
834143 	 -173.373680000 	 0.554747000 
834388 	 -173.373680000 	 0.554747000 
834624 	 -173.373680000 	 0.554747000 
834859 	 -173.373680000 	 0.554747000 
835078 	 -173.373680000 	 0.554747000 
835325 	 -173.373680000 	 0.554747000 
835559 	 -173.373680000 	 0.554747000 
835785 	 -173.373680000 	 0.554747000 
836003 	 -173.373680000 	 0.554747000 
836226 	 -173.373680000 	 0.554747000 
836431 	 -173.373680000 	 0.554747000 
836648 	 -173.373680000 	 0.554747000 
836879 	 -173.373680000 	 0.554747000 
837082 	 -173.373680000 	 0.554747000 
837294 	 -173.373680000 	 0.554747000 
837502 	 -173.373680000 	 0.554747000 
837709 	 -173.373680000 	 0.554747000 
837920 	 -173.373680000 	 0.554747000 
838141 	 -173.373680000 	 0.554747000 
838364 	 -173.373680000 	 0.554747000 
838581 	 -173.373680000 	 0.554747000 
838809 	 -173.373680000 	 0.554747000 
839048 	 -173.373680000 	 0.554747000 
839284 	 -173.373680000 	 0.554747000 
839519 	 -173.373680000 	 0.554747000 
839774 	 -173.373680000 	 0.554747000 
840008 	 -173.373680000 	 0.554747000 
840220 	 -173.373680000 	 0.554747000 
840408 	 -173.373680000 	 0.554747000 
840620 	 -173.373680000 	 0.554747000 
840831 	 -173.373680000 	 0.554747000 
841025 	 -173.373680000 	 0.554747000 
841239 	 -173.373680000 	 0.554747000 
841460 	 -173.373680000 	 0.554747000 
841667 	 -173.373680000 	 0.554747000 
841867 	 -173.373680000 	 0.554747000 
842076 	 -173.373680000 	 0.554747000 
842284 	 -173.373680000 	 0.554747000 
842504 	 -173.373680000 	 0.554747000 
842729 	 -173.373680000 	 0.554747000 
842958 	 -173.373680000 	 0.554747000 
843162 	 -173.373680000 	 0.554747000 
843404 	 -173.373680000 	 0.554747000 
843626 	 -173.373680000 	 0.554747000 
843857 	 -173.373680000 	 0.554747000 
844074 	 -173.373680000 	 0.554747000 
844294 	 -173.373680000 	 0.554747000 
844540 	 -173.373680000 	 0.554747000 
844739 	 -173.373680000 	 0.554747000 
844945 	 -173.373680000 	 0.554747000 
845136 	 -173.373680000 	 0.554747000 
845329 	 -173.373680000 	 0.554747000 
845520 	 -173.373680000 	 0.554747000 
845719 	 -173.373680000 	 0.554747000 
845910 	 -173.373680000 	 0.554747000 
846096 	 -173.373680000 	 0.554747000 
846285 	 -173.373680000 	 0.554747000 
846475 	 -173.373680000 	 0.554747000 
846734 	 -173.373680000 	 0.554747000 
846957 	 -173.373680000 	 0.554747000 
847194 	 -173.373680000 	 0.554747000 
847440 	 -173.373680000 	 0.554747000 
847677 	 -173.373680000 	 0.554747000 
847911 	 -173.373680000 	 0.554747000 
848145 	 -173.373680000 	 0.554747000 
848375 	 -173.373680000 	 0.554747000 
848603 	 -173.373680000 	 0.554747000 
848848 	 -173.373680000 	 0.554747000 
849036 	 -173.373680000 	 0.554747000 
849237 	 -173.373680000 	 0.554747000 
849441 	 -173.373680000 	 0.554747000 
849638 	 -173.373680000 	 0.554747000 
849840 	 -173.373680000 	 0.554747000 
850040 	 -173.373680000 	 0.554747000 
850236 	 -173.373680000 	 0.554747000 
850434 	 -173.373680000 	 0.554747000 
850636 	 -173.373680000 	 0.554747000 
850827 	 -173.373680000 	 0.554747000 
851104 	 -173.373680000 	 0.554747000 
851344 	 -173.373680000 	 0.554747000 
851608 	 -173.373680000 	 0.554747000 
851854 	 -173.373680000 	 0.554747000 
852094 	 -173.373680000 	 0.554747000 
852352 	 -173.373680000 	 0.554747000 
852591 	 -173.373680000 	 0.554747000 
852855 	 -173.373680000 	 0.554747000 
853103 	 -173.373680000 	 0.554747000 
853335 	 -173.373680000 	 0.554747000 
853545 	 -173.373680000 	 0.554747000 
853758 	 -173.373680000 	 0.554747000 
853967 	 -173.373680000 	 0.554747000 
854161 	 -173.373680000 	 0.554747000 
854357 	 -173.373680000 	 0.554747000 
854576 	 -173.373680000 	 0.554747000 
854796 	 -173.373680000 	 0.554747000 
855010 	 -173.373680000 	 0.554747000 
855207 	 -173.380440000 	 0.547987000 
855405 	 -173.380440000 	 0.547987000 
855636 	 -173.380440000 	 0.547987000 
855881 	 -173.380440000 	 0.547987000 
856135 	 -173.380440000 	 0.547987000 
856379 	 -173.380440000 	 0.547987000 
856628 	 -173.380440000 	 0.547987000 
856854 	 -173.380440000 	 0.547987000 
857092 	 -173.380440000 	 0.547987000 
857329 	 -173.380440000 	 0.547987000 
857559 	 -173.380440000 	 0.547987000 
857811 	 -173.380440000 	 0.547987000 
858029 	 -173.380440000 	 0.547987000 
858228 	 -173.380440000 	 0.547987000 
858447 	 -173.380440000 	 0.547987000 
858657 	 -173.380440000 	 0.547987000 
858862 	 -173.380440000 	 0.547987000 
859079 	 -173.380440000 	 0.547987000 
859276 	 -173.380440000 	 0.547987000 
859473 	 -173.380440000 	 0.547987000 
859702 	 -173.380440000 	 0.547987000 
859921 	 -173.380440000 	 0.547987000 
860148 	 -173.380440000 	 0.547987000 
860382 	 -173.380440000 	 0.547987000 
860635 	 -173.380440000 	 0.547987000 
860883 	 -173.380440000 	 0.547987000 
861136 	 -173.380440000 	 0.547987000 
861370 	 -173.380440000 	 0.547987000 
861620 	 -173.380440000 	 0.547987000 
861857 	 -173.380440000 	 0.547987000 
862078 	 -173.380440000 	 0.547987000 
862315 	 -173.380440000 	 0.547987000 
862520 	 -173.380440000 	 0.547987000 
862749 	 -173.380440000 	 0.547987000 
862970 	 -173.380440000 	 0.547987000 
863166 	 -173.380440000 	 0.547987000 
863394 	 -173.380440000 	 0.547987000 
863615 	 -173.380440000 	 0.547987000 
863830 	 -173.380440000 	 0.547987000 
864052 	 -173.380440000 	 0.547987000 
864274 	 -173.380440000 	 0.547987000 
864489 	 -173.380440000 	 0.547987000 
864730 	 -173.380440000 	 0.547987000 
864955 	 -173.380440000 	 0.547987000 
865168 	 -173.380440000 	 0.547987000 
865398 	 -173.380440000 	 0.547987000 
865623 	 -173.380440000 	 0.547987000 
865850 	 -173.380440000 	 0.547987000 
866068 	 -173.380440000 	 0.547987000 
866294 	 -173.380440000 	 0.547987000 
866539 	 -173.380440000 	 0.547987000 
866781 	 -173.380440000 	 0.547987000 
867002 	 -173.380440000 	 0.547987000 
867209 	 -173.380440000 	 0.547987000 
867429 	 -173.380440000 	 0.547987000 
867637 	 -173.380440000 	 0.547987000 
867842 	 -173.380440000 	 0.547987000 
868052 	 -173.380440000 	 0.547987000 
868272 	 -173.380440000 	 0.547987000 
868479 	 -173.380440000 	 0.547987000 
868697 	 -173.380440000 	 0.547987000 
868902 	 -173.380440000 	 0.547987000 
869124 	 -173.380440000 	 0.547987000 
869340 	 -173.380440000 	 0.547987000 
869582 	 -173.380440000 	 0.547987000 
869803 	 -173.380440000 	 0.547987000 
870024 	 -173.380440000 	 0.547987000 
870238 	 -173.380440000 	 0.547987000 
870451 	 -173.380440000 	 0.547987000 
870678 	 -173.380440000 	 0.547987000 
870903 	 -173.380440000 	 0.547987000 
871142 	 -173.380440000 	 0.547987000 
871376 	 -173.380440000 	 0.547987000 
871590 	 -173.380440000 	 0.547987000 
871801 	 -173.380440000 	 0.547987000 
872027 	 -173.380440000 	 0.547987000 
872235 	 -173.380440000 	 0.547987000 
872465 	 -173.380440000 	 0.547987000 
872699 	 -173.380440000 	 0.547987000 
872919 	 -173.380440000 	 0.547987000 
873152 	 -173.380440000 	 0.547987000 
873370 	 -173.380440000 	 0.547987000 
873596 	 -173.380440000 	 0.547987000 
873830 	 -173.380440000 	 0.547987000 
874036 	 -173.380440000 	 0.547987000 
874252 	 -173.380440000 	 0.547987000 
874464 	 -173.380440000 	 0.547987000 
874686 	 -173.380440000 	 0.547987000 
874918 	 -173.380440000 	 0.547987000 
875148 	 -173.380440000 	 0.547987000 
875374 	 -173.380440000 	 0.547987000 
875573 	 -173.380440000 	 0.547987000 
875790 	 -173.380440000 	 0.547987000 
876005 	 -173.380440000 	 0.547987000 
876230 	 -173.380440000 	 0.547987000 
876435 	 -173.380440000 	 0.547987000 
876678 	 -173.380440000 	 0.547987000 
876891 	 -173.380440000 	 0.547987000 
877105 	 -173.380440000 	 0.547987000 
877335 	 -173.380440000 	 0.547987000 
877544 	 -173.380440000 	 0.547987000 
877772 	 -173.380440000 	 0.547987000 
877978 	 -173.380440000 	 0.547987000 
878204 	 -173.380440000 	 0.547987000 
878413 	 -173.380440000 	 0.547987000 
878603 	 -173.380440000 	 0.547987000 
878832 	 -173.380440000 	 0.547987000 
879050 	 -173.380440000 	 0.547987000 
879258 	 -173.380440000 	 0.547987000 
879467 	 -173.387200000 	 0.541227000 
879661 	 -173.387200000 	 0.541227000 
879895 	 -173.387200000 	 0.541227000 
880129 	 -173.387200000 	 0.541227000 
880346 	 -173.387200000 	 0.541227000 
880580 	 -173.387200000 	 0.541227000 
880800 	 -173.387200000 	 0.541227000 
881028 	 -173.387200000 	 0.541227000 
881265 	 -173.387200000 	 0.541227000 
881484 	 -173.387200000 	 0.541227000 
881708 	 -173.387200000 	 0.541227000 
881941 	 -173.387200000 	 0.541227000 
882167 	 -173.387200000 	 0.541227000 
882373 	 -173.387200000 	 0.541227000 
882577 	 -173.387200000 	 0.541227000 
882786 	 -173.387200000 	 0.541227000 
882980 	 -173.387200000 	 0.541227000 
883189 	 -173.387200000 	 0.541227000 
883412 	 -173.387200000 	 0.541227000 
883613 	 -173.387200000 	 0.541227000 
883825 	 -173.387200000 	 0.541227000 
884021 	 -173.387200000 	 0.541227000 
884222 	 -173.387200000 	 0.541227000 
884453 	 -173.387200000 	 0.541227000 
884704 	 -173.387200000 	 0.541227000 
884928 	 -173.387200000 	 0.541227000 
885182 	 -173.387200000 	 0.541227000 
885415 	 -173.387200000 	 0.541227000 
885659 	 -173.387200000 	 0.541227000 
885887 	 -173.387200000 	 0.541227000 
886128 	 -173.387200000 	 0.541227000 
886354 	 -173.387200000 	 0.541227000 
886587 	 -173.387200000 	 0.541227000 
886790 	 -173.387200000 	 0.541227000 
886994 	 -173.387200000 	 0.541227000 
887200 	 -173.387200000 	 0.541227000 
887399 	 -173.387200000 	 0.541227000 
887595 	 -173.387200000 	 0.541227000 
887809 	 -173.387200000 	 0.541227000 
887997 	 -173.387200000 	 0.541227000 
888209 	 -173.387200000 	 0.541227000 
888415 	 -173.387200000 	 0.541227000 
888622 	 -173.393960000 	 0.534467000 
888838 	 -173.393960000 	 0.534467000 
889058 	 -173.393960000 	 0.534467000 
889289 	 -173.393960000 	 0.534467000 
889509 	 -173.393960000 	 0.534467000 
889726 	 -173.393960000 	 0.534467000 
889934 	 -173.393960000 	 0.534467000 
890165 	 -173.393960000 	 0.534467000 
890373 	 -173.393960000 	 0.534467000 
890588 	 -173.393960000 	 0.534467000 
890796 	 -173.393960000 	 0.534467000 
890991 	 -173.393960000 	 0.534467000 
891185 	 -173.393960000 	 0.534467000 
891384 	 -173.393960000 	 0.534467000 
891604 	 -173.393960000 	 0.534467000 
891811 	 -173.393960000 	 0.534467000 
892021 	 -173.393960000 	 0.534467000 
892234 	 -173.393960000 	 0.534467000 
892433 	 -173.393960000 	 0.534467000 
892632 	 -173.393960000 	 0.534467000 
892828 	 -173.393960000 	 0.534467000 
893051 	 -173.393960000 	 0.534467000 
893277 	 -173.393960000 	 0.534467000 
893508 	 -173.393960000 	 0.534467000 
893752 	 -173.393960000 	 0.534467000 
893993 	 -173.393960000 	 0.534467000 
894236 	 -173.393960000 	 0.534467000 
894478 	 -173.393960000 	 0.534467000 
894690 	 -173.393960000 	 0.534467000 
894930 	 -173.393960000 	 0.534467000 
895170 	 -173.393960000 	 0.534467000 
895361 	 -173.393960000 	 0.534467000 
895569 	 -173.393960000 	 0.534467000 
895761 	 -173.393960000 	 0.534467000 
895961 	 -173.393960000 	 0.534467000 
896166 	 -173.393960000 	 0.534467000 
896355 	 -173.393960000 	 0.534467000 
896572 	 -173.393960000 	 0.534467000 
896766 	 -173.393960000 	 0.534467000 
896966 	 -173.393960000 	 0.534467000 
897172 	 -173.393960000 	 0.534467000 
897393 	 -173.393960000 	 0.534467000 
897623 	 -173.393960000 	 0.534467000 
897879 	 -173.393960000 	 0.534467000 
898126 	 -173.393960000 	 0.534467000 
898357 	 -173.393960000 	 0.534467000 
898598 	 -173.393960000 	 0.534467000 
898842 	 -173.393960000 	 0.534467000 
899080 	 -173.393960000 	 0.534467000 
899312 	 -173.393960000 	 0.534467000 
899542 	 -173.393960000 	 0.534467000 
899733 	 -173.393960000 	 0.534467000 
899929 	 -173.393960000 	 0.534467000 
900135 	 -173.393960000 	 0.534467000 
900337 	 -173.393960000 	 0.534467000 
900556 	 -173.393960000 	 0.534467000 
900758 	 -173.393960000 	 0.534467000 
900957 	 -173.393960000 	 0.534467000 
901158 	 -173.393960000 	 0.534467000 
901356 	 -173.393960000 	 0.534467000 
901557 	 -173.393960000 	 0.534467000 
901798 	 -173.393960000 	 0.534467000 
902029 	 -173.393960000 	 0.534467000 
902250 	 -173.393960000 	 0.534467000 
902481 	 -173.393960000 	 0.534467000 
902723 	 -173.393960000 	 0.534467000 
902955 	 -173.393960000 	 0.534467000 
903196 	 -173.393960000 	 0.534467000 
903434 	 -173.393960000 	 0.534467000 
903670 	 -173.393960000 	 0.534467000 
903905 	 -173.393960000 	 0.534467000 
904089 	 -173.393960000 	 0.534467000 
904295 	 -173.393960000 	 0.534467000 
904503 	 -173.393960000 	 0.534467000 
904716 	 -173.393960000 	 0.534467000 
904912 	 -173.393960000 	 0.534467000 
905109 	 -173.393960000 	 0.534467000 
905308 	 -173.393960000 	 0.534467000 
905505 	 -173.393960000 	 0.534467000 
905692 	 -173.393960000 	 0.534467000 
905891 	 -173.393960000 	 0.534467000 
906130 	 -173.393960000 	 0.534467000 
906373 	 -173.393960000 	 0.534467000 
906597 	 -173.393960000 	 0.534467000 
906826 	 -173.393960000 	 0.534467000 
907038 	 -173.393960000 	 0.534467000 
907268 	 -173.393960000 	 0.534467000 
907509 	 -173.393960000 	 0.534467000 
907750 	 -173.393960000 	 0.534467000 
907986 	 -173.393960000 	 0.534467000 
908217 	 -173.393960000 	 0.534467000 
908418 	 -173.393960000 	 0.534467000 
908608 	 -173.393960000 	 0.534467000 
908815 	 -173.393960000 	 0.534467000 
909021 	 -173.393960000 	 0.534467000 
909211 	 -173.393960000 	 0.534467000 
909418 	 -173.393960000 	 0.534467000 
909614 	 -173.393960000 	 0.534467000 
909825 	 -173.393960000 	 0.534467000 
910030 	 -173.393960000 	 0.534467000 
910224 	 -173.393960000 	 0.534467000 
910460 	 -173.393960000 	 0.534467000 
910674 	 -173.393960000 	 0.534467000 
910899 	 -173.393960000 	 0.534467000 
911142 	 -173.393960000 	 0.534467000 
911376 	 -173.393960000 	 0.534467000 
911612 	 -173.393960000 	 0.534467000 
911843 	 -173.393960000 	 0.534467000 
912075 	 -173.393960000 	 0.534467000 
912282 	 -173.393960000 	 0.534467000 
912500 	 -173.393960000 	 0.534467000 
912710 	 -173.393960000 	 0.534467000 
912911 	 -173.393960000 	 0.534467000 
913129 	 -173.393960000 	 0.534467000 
913334 	 -173.393960000 	 0.534467000 
913545 	 -173.393960000 	 0.534467000 
913743 	 -173.393960000 	 0.534467000 
913945 	 -173.393960000 	 0.534467000 
914153 	 -173.393960000 	 0.534467000 
914357 	 -173.393960000 	 0.534467000 
914570 	 -173.393960000 	 0.534467000 
914793 	 -173.393960000 	 0.534467000 
914996 	 -173.393960000 	 0.534467000 
915222 	 -173.393960000 	 0.534467000 
915428 	 -173.393960000 	 0.534467000 
915643 	 -173.393960000 	 0.534467000 
915851 	 -173.393960000 	 0.534467000 
916063 	 -173.393960000 	 0.534467000 
916272 	 -173.393960000 	 0.534467000 
916482 	 -173.393960000 	 0.534467000 
916712 	 -173.393960000 	 0.534467000 
916956 	 -173.393960000 	 0.534467000 
917178 	 -173.393960000 	 0.534467000 
917414 	 -173.393960000 	 0.534467000 
917644 	 -173.393960000 	 0.534467000 
917879 	 -173.393960000 	 0.534467000 
918109 	 -173.393960000 	 0.534467000 
918335 	 -173.393960000 	 0.534467000 
918561 	 -173.393960000 	 0.534467000 
918795 	 -173.393960000 	 0.534467000 
919028 	 -173.393960000 	 0.534467000 
919225 	 -173.393960000 	 0.534467000 
919448 	 -173.393960000 	 0.534467000 
919668 	 -173.393960000 	 0.534467000 
919883 	 -173.393960000 	 0.534467000 
920090 	 -173.393960000 	 0.534467000 
920297 	 -173.393960000 	 0.534467000 
920498 	 -173.393960000 	 0.534467000 
920710 	 -173.393960000 	 0.534467000 
920942 	 -173.393960000 	 0.534467000 
921151 	 -173.393960000 	 0.534467000 
921374 	 -173.393960000 	 0.534467000 
921629 	 -173.393960000 	 0.534467000 
921843 	 -173.393960000 	 0.534467000 
922075 	 -173.393960000 	 0.534467000 
922304 	 -173.393960000 	 0.534467000 
922527 	 -173.393960000 	 0.534467000 
922749 	 -173.393960000 	 0.534467000 
922984 	 -173.393960000 	 0.534467000 
923212 	 -173.393960000 	 0.534467000 
923439 	 -173.393960000 	 0.534467000 
923660 	 -173.393960000 	 0.534467000 
923880 	 -173.393960000 	 0.534467000 
924082 	 -173.393960000 	 0.534467000 
924288 	 -173.393960000 	 0.534467000 
924499 	 -173.393960000 	 0.534467000 
924723 	 -173.393960000 	 0.534467000 
924935 	 -173.393960000 	 0.534467000 
925155 	 -173.393960000 	 0.534467000 
925364 	 -173.393960000 	 0.534467000 
925567 	 -173.393960000 	 0.534467000 
925796 	 -173.393960000 	 0.534467000 
926019 	 -173.393960000 	 0.534467000 
926268 	 -173.393960000 	 0.534467000 
926506 	 -173.393960000 	 0.534467000 
926739 	 -173.393960000 	 0.534467000 
926985 	 -173.393960000 	 0.534467000 
927225 	 -173.393960000 	 0.534467000 
927464 	 -173.393960000 	 0.534467000 
927696 	 -173.393960000 	 0.534467000 
927932 	 -173.393960000 	 0.534467000 
928135 	 -173.393960000 	 0.534467000 
928345 	 -173.393960000 	 0.534467000 
928557 	 -173.393960000 	 0.534467000 
928790 	 -173.393960000 	 0.534467000 
929008 	 -173.393960000 	 0.534467000 
929221 	 -173.393960000 	 0.534467000 
929432 	 -173.393960000 	 0.534467000 
929633 	 -173.393960000 	 0.534467000 
929847 	 -173.393960000 	 0.534467000 
930050 	 -173.393960000 	 0.534467000 
930282 	 -173.393960000 	 0.534467000 
930497 	 -173.393960000 	 0.534467000 
930710 	 -173.393960000 	 0.534467000 
930927 	 -173.393960000 	 0.534467000 
931150 	 -173.393960000 	 0.534467000 
931383 	 -173.393960000 	 0.534467000 
931615 	 -173.393960000 	 0.534467000 
931838 	 -173.393960000 	 0.534467000 
932067 	 -173.393960000 	 0.534467000 
932293 	 -173.393960000 	 0.534467000 
932483 	 -173.393960000 	 0.534467000 
932688 	 -173.393960000 	 0.534467000 
932890 	 -173.393960000 	 0.534467000 
933100 	 -173.393960000 	 0.534467000 
933307 	 -173.393960000 	 0.534467000 
933509 	 -173.393960000 	 0.534467000 
933706 	 -173.393960000 	 0.534467000 
933897 	 -173.393960000 	 0.534467000 
934084 	 -173.393960000 	 0.534467000 
934290 	 -173.393960000 	 0.534467000 
934533 	 -173.393960000 	 0.534467000 
934782 	 -173.393960000 	 0.534467000 
935023 	 -173.393960000 	 0.534467000 
935282 	 -173.393960000 	 0.534467000 
935509 	 -173.393960000 	 0.534467000 
935738 	 -173.393960000 	 0.534467000 
935966 	 -173.393960000 	 0.534467000 
936199 	 -173.393960000 	 0.534467000 
936417 	 -173.393960000 	 0.534467000 
936674 	 -173.393960000 	 0.534467000 
936866 	 -173.393960000 	 0.534467000 
937063 	 -173.393960000 	 0.534467000 
937264 	 -173.393960000 	 0.534467000 
937470 	 -173.393960000 	 0.534467000 
937676 	 -173.393960000 	 0.534467000 
937881 	 -173.393960000 	 0.534467000 
938082 	 -173.393960000 	 0.534467000 
938291 	 -173.393960000 	 0.534467000 
938504 	 -173.393960000 	 0.534467000 
938694 	 -173.393960000 	 0.534467000 
938942 	 -173.393960000 	 0.534467000 
939187 	 -173.393960000 	 0.534467000 
939438 	 -173.393960000 	 0.534467000 
939691 	 -173.393960000 	 0.534467000 
939933 	 -173.393960000 	 0.534467000 
940160 	 -173.393960000 	 0.534467000 
940414 	 -173.393960000 	 0.534467000 
940649 	 -173.393960000 	 0.534467000 
940897 	 -173.393960000 	 0.534467000 
941135 	 -173.393960000 	 0.534467000 
941347 	 -173.393960000 	 0.534467000 
941542 	 -173.393960000 	 0.534467000 
941729 	 -173.393960000 	 0.534467000 
941931 	 -173.393960000 	 0.534467000 
942137 	 -173.393960000 	 0.534467000 
942349 	 -173.393960000 	 0.534467000 
942558 	 -173.393960000 	 0.534467000 
942783 	 -173.393960000 	 0.534467000 
943003 	 -173.393960000 	 0.534467000 
943203 	 -173.393960000 	 0.534467000 
943442 	 -173.393960000 	 0.534467000 
943679 	 -173.393960000 	 0.534467000 
943928 	 -173.393960000 	 0.534467000 
944157 	 -173.393960000 	 0.534467000 
944413 	 -173.393960000 	 0.534467000 
944645 	 -173.393960000 	 0.534467000 
944867 	 -173.393960000 	 0.534467000 
945100 	 -173.393960000 	 0.534467000 
945319 	 -173.393960000 	 0.534467000 
945578 	 -173.393960000 	 0.534467000 
945775 	 -173.393960000 	 0.534467000 
945978 	 -173.393960000 	 0.534467000 
946190 	 -173.393960000 	 0.534467000 
946385 	 -173.393960000 	 0.534467000 
946592 	 -173.393960000 	 0.534467000 
946786 	 -173.393960000 	 0.534467000 
946986 	 -173.393960000 	 0.534467000 
947176 	 -173.393960000 	 0.534467000 
947377 	 -173.393960000 	 0.534467000 
947591 	 -173.393960000 	 0.534467000 
947837 	 -173.393960000 	 0.534467000 
948075 	 -173.393960000 	 0.534467000 
948301 	 -173.393960000 	 0.534467000 
948538 	 -173.393960000 	 0.534467000 
948763 	 -173.393960000 	 0.534467000 
949008 	 -173.393960000 	 0.534467000 
949242 	 -173.393960000 	 0.534467000 
949483 	 -173.393960000 	 0.534467000 
949697 	 -173.393960000 	 0.534467000 
949926 	 -173.393960000 	 0.534467000 
950136 	 -173.393960000 	 0.534467000 
950351 	 -173.393960000 	 0.534467000 
950558 	 -173.393960000 	 0.534467000 
950754 	 -173.393960000 	 0.534467000 
950969 	 -173.393960000 	 0.534467000 
951183 	 -173.393960000 	 0.534467000 
951395 	 -173.393960000 	 0.534467000 
951607 	 -173.393960000 	 0.534467000 
951815 	 -173.393960000 	 0.534467000 
952015 	 -173.393960000 	 0.534467000 
952236 	 -173.393960000 	 0.534467000 
952461 	 -173.393960000 	 0.534467000 
952706 	 -173.393960000 	 0.534467000 
952924 	 -173.393960000 	 0.534467000 
953169 	 -173.393960000 	 0.534467000 
953418 	 -173.393960000 	 0.534467000 
953641 	 -173.393960000 	 0.534467000 
953859 	 -173.393960000 	 0.534467000 
954086 	 -173.393960000 	 0.534467000 
954318 	 -173.393960000 	 0.534467000 
954541 	 -173.393960000 	 0.534467000 
954743 	 -173.393960000 	 0.534467000 
954943 	 -173.393960000 	 0.534467000 
955141 	 -173.393960000 	 0.534467000 
955342 	 -173.393960000 	 0.534467000 
955545 	 -173.393960000 	 0.534467000 
955758 	 -173.393960000 	 0.534467000 
955956 	 -173.393960000 	 0.534467000 
956182 	 -173.393960000 	 0.534467000 
956390 	 -173.393960000 	 0.534467000 
956605 	 -173.393960000 	 0.534467000 
956819 	 -173.393960000 	 0.534467000 
957044 	 -173.393960000 	 0.534467000 
957255 	 -173.393960000 	 0.534467000 
957471 	 -173.393960000 	 0.534467000 
957685 	 -173.393960000 	 0.534467000 
957905 	 -173.393960000 	 0.534467000 
958131 	 -173.393960000 	 0.534467000 
958373 	 -173.393960000 	 0.534467000 
958613 	 -173.393960000 	 0.534467000 
958834 	 -173.393960000 	 0.534467000 
959050 	 -173.393960000 	 0.534467000 
959257 	 -173.393960000 	 0.534467000 
959485 	 -173.393960000 	 0.534467000 
959704 	 -173.393960000 	 0.534467000 
959923 	 -173.393960000 	 0.534467000 
960128 	 -173.393960000 	 0.534467000 
960358 	 -173.393960000 	 0.534467000 
960591 	 -173.393960000 	 0.534467000 
960826 	 -173.393960000 	 0.534467000 
961060 	 -173.393960000 	 0.534467000 
961260 	 -173.393960000 	 0.534467000 
961480 	 -173.393960000 	 0.534467000 
961695 	 -173.393960000 	 0.534467000 
961919 	 -173.393960000 	 0.534467000 
962126 	 -173.393960000 	 0.534467000 
962340 	 -173.393960000 	 0.534467000 
962552 	 -173.393960000 	 0.534467000 
962765 	 -173.393960000 	 0.534467000 
962988 	 -173.393960000 	 0.534467000 
963228 	 -173.393960000 	 0.534467000 
963470 	 -173.393960000 	 0.534467000 
963714 	 -173.393960000 	 0.534467000 
963933 	 -173.393960000 	 0.534467000 
964154 	 -173.393960000 	 0.534467000 
964397 	 -173.393960000 	 0.534467000 
964624 	 -173.393960000 	 0.534467000 
964836 	 -173.393960000 	 0.534467000 
965059 	 -173.393960000 	 0.534467000 
965281 	 -173.393960000 	 0.534467000 
965479 	 -173.393960000 	 0.534467000 
965694 	 -173.393960000 	 0.534467000 
965901 	 -173.393960000 	 0.534467000 
966118 	 -173.393960000 	 0.534467000 
966335 	 -173.393960000 	 0.534467000 
966541 	 -173.393960000 	 0.534467000 
966766 	 -173.393960000 	 0.534467000 
966979 	 -173.393960000 	 0.534467000 
967187 	 -173.393960000 	 0.534467000 
967406 	 -173.393960000 	 0.534467000 
967649 	 -173.393960000 	 0.534467000 
967868 	 -173.393960000 	 0.534467000 
968085 	 -173.393960000 	 0.534467000 
968310 	 -173.393960000 	 0.534467000 
968542 	 -173.393960000 	 0.534467000 
968759 	 -173.393960000 	 0.534467000 
968982 	 -173.393960000 	 0.534467000 
969219 	 -173.393960000 	 0.534467000 
969463 	 -173.393960000 	 0.534467000 
969681 	 -173.393960000 	 0.534467000 
969869 	 -173.393960000 	 0.534467000 
970073 	 -173.393960000 	 0.534467000 
970294 	 -173.393960000 	 0.534467000 
970491 	 -173.393960000 	 0.534467000 
970688 	 -173.393960000 	 0.534467000 
970908 	 -173.393960000 	 0.534467000 
971124 	 -173.393960000 	 0.534467000 
971335 	 -173.393960000 	 0.534467000 
971538 	 -173.393960000 	 0.534467000 
971744 	 -173.393960000 	 0.534467000 
971970 	 -173.393960000 	 0.534467000 
972183 	 -173.393960000 	 0.534467000 
972420 	 -173.393960000 	 0.534467000 
972654 	 -173.393960000 	 0.534467000 
972882 	 -173.393960000 	 0.534467000 
973101 	 -173.393960000 	 0.534467000 
973336 	 -173.393960000 	 0.534467000 
973574 	 -173.393960000 	 0.534467000 
973816 	 -173.393960000 	 0.534467000 
974056 	 -173.393960000 	 0.534467000 
974274 	 -173.393960000 	 0.534467000 
974481 	 -173.393960000 	 0.534467000 
974704 	 -173.393960000 	 0.534467000 
974915 	 -173.393960000 	 0.534467000 
975126 	 -173.393960000 	 0.534467000 
975321 	 -173.393960000 	 0.534467000 
975521 	 -173.393960000 	 0.534467000 
975728 	 -173.393960000 	 0.534467000 
975931 	 -173.393960000 	 0.534467000 
976146 	 -173.393960000 	 0.534467000 
976370 	 -173.393960000 	 0.534467000 
976592 	 -173.393960000 	 0.534467000 
976812 	 -173.393960000 	 0.534467000 
977048 	 -173.393960000 	 0.534467000 
977276 	 -173.393960000 	 0.534467000 
977505 	 -173.393960000 	 0.534467000 
977725 	 -173.393960000 	 0.534467000 
977958 	 -173.393960000 	 0.534467000 
978167 	 -173.393960000 	 0.534467000 
978380 	 -173.393960000 	 0.534467000 
978583 	 -173.393960000 	 0.534467000 
978782 	 -173.393960000 	 0.534467000 
978986 	 -173.393960000 	 0.534467000 
979181 	 -173.393960000 	 0.534467000 
979371 	 -173.393960000 	 0.534467000 
979571 	 -173.393960000 	 0.534467000 
979785 	 -173.393960000 	 0.534467000 
979978 	 -173.393960000 	 0.534467000 
980179 	 -173.393960000 	 0.534467000 
980369 	 -173.393960000 	 0.534467000 
980592 	 -173.393960000 	 0.534467000 
980821 	 -173.393960000 	 0.534467000 
981059 	 -173.393960000 	 0.534467000 
981302 	 -173.393960000 	 0.534467000 
981544 	 -173.393960000 	 0.534467000 
981773 	 -173.393960000 	 0.534467000 
982008 	 -173.393960000 	 0.534467000 
982234 	 -173.393960000 	 0.534467000 
982460 	 -173.393960000 	 0.534467000 
982692 	 -173.393960000 	 0.534467000 
982905 	 -173.393960000 	 0.534467000 
983101 	 -173.393960000 	 0.534467000 
983304 	 -173.393960000 	 0.534467000 
983507 	 -173.393960000 	 0.534467000 
983706 	 -173.393960000 	 0.534467000 
983901 	 -173.393960000 	 0.534467000 
984093 	 -173.393960000 	 0.534467000 
984287 	 -173.393960000 	 0.534467000 
984487 	 -173.393960000 	 0.534467000 
984688 	 -173.393960000 	 0.534467000 
984934 	 -173.393960000 	 0.534467000 
985181 	 -173.393960000 	 0.534467000 
985394 	 -173.393960000 	 0.534467000 
985633 	 -173.393960000 	 0.534467000 
985871 	 -173.393960000 	 0.534467000 
986102 	 -173.393960000 	 0.534467000 
986356 	 -173.393960000 	 0.534467000 
986580 	 -173.393960000 	 0.534467000 
986817 	 -173.393960000 	 0.534467000 
987061 	 -173.393960000 	 0.534467000 
987255 	 -173.393960000 	 0.534467000 
987452 	 -173.393960000 	 0.534467000 
987657 	 -173.393960000 	 0.534467000 
987852 	 -173.393960000 	 0.534467000 
988031 	 -173.393960000 	 0.534467000 
988225 	 -173.393960000 	 0.534467000 
988430 	 -173.393960000 	 0.534467000 
988615 	 -173.393960000 	 0.534467000 
988818 	 -173.393960000 	 0.534467000 
989013 	 -173.393960000 	 0.534467000 
989218 	 -173.393960000 	 0.534467000 
989450 	 -173.393960000 	 0.534467000 
989671 	 -173.393960000 	 0.534467000 
989898 	 -173.393960000 	 0.534467000 
990121 	 -173.393960000 	 0.534467000 
990366 	 -173.393960000 	 0.534467000 
990592 	 -173.393960000 	 0.534467000 
990832 	 -173.393960000 	 0.534467000 
991071 	 -173.393960000 	 0.534467000 
991314 	 -173.393960000 	 0.534467000 
991516 	 -173.393960000 	 0.534467000 
991736 	 -173.393960000 	 0.534467000 
991930 	 -173.393960000 	 0.534467000 
992136 	 -173.393960000 	 0.534467000 
992339 	 -173.393960000 	 0.534467000 
992566 	 -173.393960000 	 0.534467000 
992783 	 -173.393960000 	 0.534467000 
992988 	 -173.393960000 	 0.534467000 
993210 	 -173.393960000 	 0.534467000 
993402 	 -173.393960000 	 0.534467000 
993640 	 -173.393960000 	 0.534467000 
993859 	 -173.393960000 	 0.534467000 
994084 	 -173.393960000 	 0.534467000 
994300 	 -173.393960000 	 0.534467000 
994533 	 -173.393960000 	 0.534467000 
994755 	 -173.393960000 	 0.534467000 
994991 	 -173.393960000 	 0.534467000 
995215 	 -173.393960000 	 0.534467000 
995440 	 -173.393960000 	 0.534467000 
995668 	 -173.393960000 	 0.534467000 
995887 	 -173.393960000 	 0.534467000 
996120 	 -173.393960000 	 0.534467000 
996334 	 -173.393960000 	 0.534467000 
996554 	 -173.393960000 	 0.534467000 
996773 	 -173.393960000 	 0.534467000 
996994 	 -173.393960000 	 0.534467000 
997218 	 -173.393960000 	 0.534467000 
997426 	 -173.393960000 	 0.534467000 
997645 	 -173.393960000 	 0.534467000 
997855 	 -173.393960000 	 0.534467000 
998085 	 -173.393960000 	 0.534467000 
998343 	 -173.393960000 	 0.534467000 
998565 	 -173.393960000 	 0.534467000 
998810 	 -173.393960000 	 0.534467000 
999010 	 -173.393960000 	 0.534467000 
999237 	 -173.393960000 	 0.534467000 
999468 	 -173.393960000 	 0.534467000 
999697 	 -173.393960000 	 0.534467000 
999925 	 -173.393960000 	 0.534467000 
1000129 	 -173.393960000 	 0.534467000 
1000361 	 -173.393960000 	 0.534467000 
1000587 	 -173.393960000 	 0.534467000 
1000812 	 -173.393960000 	 0.534467000 
1001011 	 -173.393960000 	 0.534467000 
1001212 	 -173.393960000 	 0.534467000 
1001438 	 -173.393960000 	 0.534467000 
1001656 	 -173.393960000 	 0.534467000 
1001881 	 -173.393960000 	 0.534467000 
1002082 	 -173.393960000 	 0.534467000 
1002292 	 -173.393960000 	 0.534467000 
1002532 	 -173.393960000 	 0.534467000 
1002746 	 -173.393960000 	 0.534467000 
1002980 	 -173.393960000 	 0.534467000 
1003221 	 -173.393960000 	 0.534467000 
1003445 	 -173.393960000 	 0.534467000 
1003664 	 -173.393960000 	 0.534467000 
1003874 	 -173.393960000 	 0.534467000 
1004087 	 -173.393960000 	 0.534467000 
1004280 	 -173.393960000 	 0.534467000 
1004513 	 -173.393960000 	 0.534467000 
1004722 	 -173.393960000 	 0.534467000 
1004955 	 -173.393960000 	 0.534467000 
1005174 	 -173.393960000 	 0.534467000 
1005399 	 -173.393960000 	 0.534467000 
1005606 	 -173.393960000 	 0.534467000 
1005840 	 -173.393960000 	 0.534467000 
1006071 	 -173.393960000 	 0.534467000 
1006307 	 -173.393960000 	 0.534467000 
1006532 	 -173.393960000 	 0.534467000 
1006764 	 -173.393960000 	 0.534467000 
1006980 	 -173.393960000 	 0.534467000 
1007194 	 -173.393960000 	 0.534467000 
1007417 	 -173.393960000 	 0.534467000 
1007632 	 -173.393960000 	 0.534467000 
1007859 	 -173.393960000 	 0.534467000 
1008067 	 -173.393960000 	 0.534467000 
1008285 	 -173.393960000 	 0.534467000 
1008497 	 -173.393960000 	 0.534467000 
1008713 	 -173.393960000 	 0.534467000 
1008921 	 -173.393960000 	 0.534467000 
1009129 	 -173.393960000 	 0.534467000 
1009343 	 -173.393960000 	 0.534467000 
1009556 	 -173.393960000 	 0.534467000 
1009787 	 -173.393960000 	 0.534467000 
1009997 	 -173.393960000 	 0.534467000 
1010214 	 -173.393960000 	 0.534467000 
1010442 	 -173.393960000 	 0.534467000 
1010655 	 -173.393960000 	 0.534467000 
1010866 	 -173.393960000 	 0.534467000 
1011095 	 -173.393960000 	 0.534467000 
1011303 	 -173.393960000 	 0.534467000 
1011510 	 -173.393960000 	 0.534467000 
1011722 	 -173.393960000 	 0.534467000 
1011923 	 -173.393960000 	 0.534467000 
1012123 	 -173.393960000 	 0.534467000 
1012317 	 -173.393960000 	 0.534467000 
1012528 	 -173.393960000 	 0.534467000 
1012732 	 -173.393960000 	 0.534467000 
1012926 	 -173.393960000 	 0.534467000 
1013138 	 -173.393960000 	 0.534467000 
1013371 	 -173.393960000 	 0.534467000 
1013613 	 -173.393960000 	 0.534467000 
1013836 	 -173.393960000 	 0.534467000 
1014061 	 -173.393960000 	 0.534467000 
1014286 	 -173.393960000 	 0.534467000 
1014509 	 -173.393960000 	 0.534467000 
1014740 	 -173.393960000 	 0.534467000 
1014986 	 -173.393960000 	 0.534467000 
1015241 	 -173.393960000 	 0.534467000 
1015501 	 -173.393960000 	 0.534467000 
1015713 	 -173.393960000 	 0.534467000 
1015919 	 -173.393960000 	 0.534467000 
1016120 	 -173.393960000 	 0.534467000 
1016326 	 -173.393960000 	 0.534467000 
1016544 	 -173.393960000 	 0.534467000 
1016751 	 -173.393960000 	 0.534467000 
1016972 	 -173.393960000 	 0.534467000 
1017197 	 -173.393960000 	 0.534467000 
1017384 	 -173.393960000 	 0.534467000 
1017564 	 -173.393960000 	 0.534467000 
1017805 	 -173.393960000 	 0.534467000 
1018034 	 -173.393960000 	 0.534467000 
1018259 	 -173.393960000 	 0.534467000 
1018484 	 -173.393960000 	 0.534467000 
1018701 	 -173.393960000 	 0.534467000 
1018927 	 -173.393960000 	 0.534467000 
1019151 	 -173.393960000 	 0.534467000 
1019377 	 -173.393960000 	 0.534467000 
1019597 	 -173.393960000 	 0.534467000 
1019829 	 -173.393960000 	 0.534467000 
1020041 	 -173.393960000 	 0.534467000 
1020239 	 -173.393960000 	 0.534467000 
1020435 	 -173.393960000 	 0.534467000 
1020633 	 -173.393960000 	 0.534467000 
1020837 	 -173.393960000 	 0.534467000 
1021051 	 -173.393960000 	 0.534467000 
1021245 	 -173.393960000 	 0.534467000 
1021438 	 -173.393960000 	 0.534467000 
1021644 	 -173.393960000 	 0.534467000 
1021847 	 -173.393960000 	 0.534467000 
1022079 	 -173.393960000 	 0.534467000 
1022322 	 -173.393960000 	 0.534467000 
1022557 	 -173.393960000 	 0.534467000 
1022796 	 -173.393960000 	 0.534467000 
1023059 	 -173.393960000 	 0.534467000 
1023292 	 -173.393960000 	 0.534467000 
1023523 	 -173.393960000 	 0.534467000 
1023769 	 -173.393960000 	 0.534467000 
1024018 	 -173.393960000 	 0.534467000 
1024255 	 -173.393960000 	 0.534467000 
1024469 	 -173.393960000 	 0.534467000 
1024689 	 -173.393960000 	 0.534467000 
1024881 	 -173.393960000 	 0.534467000 
1025090 	 -173.393960000 	 0.534467000 
1025293 	 -173.393960000 	 0.534467000 
1025499 	 -173.393960000 	 0.534467000 
1025696 	 -173.393960000 	 0.534467000 
1025894 	 -173.393960000 	 0.534467000 
1026093 	 -173.393960000 	 0.534467000 
1026286 	 -173.393960000 	 0.534467000 
1026517 	 -173.393960000 	 0.534467000 
1026744 	 -173.393960000 	 0.534467000 
1026979 	 -173.393960000 	 0.534467000 
1027233 	 -173.400720000 	 0.527707000 
1027461 	 -173.400720000 	 0.527707000 
1027689 	 -173.400720000 	 0.527707000 
1027918 	 -173.400720000 	 0.527707000 
1028148 	 -173.400720000 	 0.527707000 
1028371 	 -173.400720000 	 0.527707000 
1028579 	 -173.400720000 	 0.527707000 
1028780 	 -173.400720000 	 0.527707000 
1028990 	 -173.400720000 	 0.527707000 
1029193 	 -173.400720000 	 0.527707000 
1029391 	 -173.400720000 	 0.527707000 
1029582 	 -173.400720000 	 0.527707000 
1029784 	 -173.400720000 	 0.527707000 
1029989 	 -173.400720000 	 0.527707000 
1030179 	 -173.400720000 	 0.527707000 
1030380 	 -173.400720000 	 0.527707000 
1030579 	 -173.400720000 	 0.527707000 
1030825 	 -173.400720000 	 0.527707000 
1031052 	 -173.400720000 	 0.527707000 
1031283 	 -173.400720000 	 0.527707000 
1031522 	 -173.400720000 	 0.527707000 
1031776 	 -173.400720000 	 0.527707000 
1032022 	 -173.400720000 	 0.527707000 
1032260 	 -173.400720000 	 0.527707000 
1032491 	 -173.400720000 	 0.527707000 
1032730 	 -173.400720000 	 0.527707000 
1032970 	 -173.400720000 	 0.527707000 
1033177 	 -173.400720000 	 0.527707000 
1033379 	 -173.400720000 	 0.527707000 
1033574 	 -173.400720000 	 0.527707000 
1033777 	 -173.400720000 	 0.527707000 
1033980 	 -173.400720000 	 0.527707000 
1034186 	 -173.400720000 	 0.527707000 
1034378 	 -173.400720000 	 0.527707000 
1034564 	 -173.400720000 	 0.527707000 
1034756 	 -173.400720000 	 0.527707000 
1034954 	 -173.400720000 	 0.527707000 
1035188 	 -173.400720000 	 0.527707000 
1035411 	 -173.400720000 	 0.527707000 
1035643 	 -173.400720000 	 0.527707000 
1035879 	 -173.400720000 	 0.527707000 
1036099 	 -173.400720000 	 0.527707000 
1036328 	 -173.400720000 	 0.527707000 
1036560 	 -173.400720000 	 0.527707000 
1036796 	 -173.400720000 	 0.527707000 
1037029 	 -173.400720000 	 0.527707000 
1037248 	 -173.400720000 	 0.527707000 
1037459 	 -173.400720000 	 0.527707000 
1037661 	 -173.400720000 	 0.527707000 
1037877 	 -173.400720000 	 0.527707000 
1038095 	 -173.400720000 	 0.527707000 
1038317 	 -173.400720000 	 0.527707000 
1038511 	 -173.400720000 	 0.527707000 
1038720 	 -173.400720000 	 0.527707000 
1038936 	 -173.400720000 	 0.527707000 
1039148 	 -173.400720000 	 0.527707000 
1039352 	 -173.400720000 	 0.527707000 
1039569 	 -173.400720000 	 0.527707000 
1039810 	 -173.400720000 	 0.527707000 
1040039 	 -173.400720000 	 0.527707000 
1040272 	 -173.400720000 	 0.527707000 
1040515 	 -173.400720000 	 0.527707000 
1040757 	 -173.400720000 	 0.527707000 
1040977 	 -173.400720000 	 0.527707000 
1041197 	 -173.400720000 	 0.527707000 
1041422 	 -173.400720000 	 0.527707000 
1041658 	 -173.400720000 	 0.527707000 
1041879 	 -173.400720000 	 0.527707000 
1042091 	 -173.400720000 	 0.527707000 
1042304 	 -173.400720000 	 0.527707000 
1042537 	 -173.400720000 	 0.527707000 
1042762 	 -173.400720000 	 0.527707000 
1042983 	 -173.400720000 	 0.527707000 
1043209 	 -173.400720000 	 0.527707000 
1043421 	 -173.400720000 	 0.527707000 
1043640 	 -173.400720000 	 0.527707000 
1043863 	 -173.400720000 	 0.527707000 
1044074 	 -173.400720000 	 0.527707000 
1044298 	 -173.400720000 	 0.527707000 
1044515 	 -173.400720000 	 0.527707000 
1044747 	 -173.400720000 	 0.527707000 
1044951 	 -173.400720000 	 0.527707000 
1045154 	 -173.400720000 	 0.527707000 
1045374 	 -173.400720000 	 0.527707000 
1045595 	 -173.400720000 	 0.527707000 
1045823 	 -173.400720000 	 0.527707000 
1046054 	 -173.400720000 	 0.527707000 
1046269 	 -173.400720000 	 0.527707000 
1046493 	 -173.400720000 	 0.527707000 
1046726 	 -173.400720000 	 0.527707000 
1046950 	 -173.400720000 	 0.527707000 
1047180 	 -173.400720000 	 0.527707000 
1047391 	 -173.400720000 	 0.527707000 
1047621 	 -173.400720000 	 0.527707000 
1047850 	 -173.400720000 	 0.527707000 
1048079 	 -173.400720000 	 0.527707000 
1048295 	 -173.400720000 	 0.527707000 
1048503 	 -173.400720000 	 0.527707000 
1048711 	 -173.400720000 	 0.527707000 
1048936 	 -173.400720000 	 0.527707000 
1049138 	 -173.400720000 	 0.527707000 
1049363 	 -173.400720000 	 0.527707000 
1049583 	 -173.400720000 	 0.527707000 
1049809 	 -173.400720000 	 0.527707000 
1050038 	 -173.400720000 	 0.527707000 
1050263 	 -173.400720000 	 0.527707000 
1050482 	 -173.400720000 	 0.527707000 
1050680 	 -173.400720000 	 0.527707000 
1050897 	 -173.400720000 	 0.527707000 
1051094 	 -173.400720000 	 0.527707000 
1051304 	 -173.400720000 	 0.527707000 
1051511 	 -173.400720000 	 0.527707000 
1051725 	 -173.400720000 	 0.527707000 
1051938 	 -173.400720000 	 0.527707000 
1052146 	 -173.400720000 	 0.527707000 
1052355 	 -173.400720000 	 0.527707000 
1052565 	 -173.400720000 	 0.527707000 
1052764 	 -173.400720000 	 0.527707000 
1052976 	 -173.400720000 	 0.527707000 
1053198 	 -173.400720000 	 0.527707000 
1053404 	 -173.400720000 	 0.527707000 
1053624 	 -173.400720000 	 0.527707000 
1053821 	 -173.400720000 	 0.527707000 
1054020 	 -173.400720000 	 0.527707000 
1054224 	 -173.400720000 	 0.527707000 
1054429 	 -173.400720000 	 0.527707000 
1054653 	 -173.400720000 	 0.527707000 
1054872 	 -173.400720000 	 0.527707000 
1055099 	 -173.400720000 	 0.527707000 
1055327 	 -173.400720000 	 0.527707000 
1055549 	 -173.400720000 	 0.527707000 
1055779 	 -173.400720000 	 0.527707000 
1055994 	 -173.400720000 	 0.527707000 
1056225 	 -173.400720000 	 0.527707000 
1056442 	 -173.400720000 	 0.527707000 
1056660 	 -173.400720000 	 0.527707000 
1056906 	 -173.400720000 	 0.527707000 
1057117 	 -173.400720000 	 0.527707000 
1057324 	 -173.400720000 	 0.527707000 
1057518 	 -173.400720000 	 0.527707000 
1057728 	 -173.400720000 	 0.527707000 
1057932 	 -173.400720000 	 0.527707000 
1058134 	 -173.400720000 	 0.527707000 
1058354 	 -173.400720000 	 0.527707000 
1058572 	 -173.400720000 	 0.527707000 
1058771 	 -173.400720000 	 0.527707000 
1058971 	 -173.400720000 	 0.527707000 
1059211 	 -173.400720000 	 0.527707000 
1059461 	 -173.400720000 	 0.527707000 
1059682 	 -173.400720000 	 0.527707000 
1059920 	 -173.400720000 	 0.527707000 
1060145 	 -173.400720000 	 0.527707000 
1060374 	 -173.400720000 	 0.527707000 
1060610 	 -173.400720000 	 0.527707000 
1060837 	 -173.400720000 	 0.527707000 
1061045 	 -173.400720000 	 0.527707000 
1061290 	 -173.400720000 	 0.527707000 
1061504 	 -173.400720000 	 0.527707000 
1061708 	 -173.400720000 	 0.527707000 
1061910 	 -173.400720000 	 0.527707000 
1062127 	 -173.400720000 	 0.527707000 
1062335 	 -173.400720000 	 0.527707000 
1062549 	 -173.400720000 	 0.527707000 
1062744 	 -173.400720000 	 0.527707000 
1062944 	 -173.400720000 	 0.527707000 
1063153 	 -173.400720000 	 0.527707000 
1063360 	 -173.400720000 	 0.527707000 
1063604 	 -173.400720000 	 0.527707000 
1063870 	 -173.400720000 	 0.527707000 
1064110 	 -173.400720000 	 0.527707000 
1064343 	 -173.400720000 	 0.527707000 
1064582 	 -173.400720000 	 0.527707000 
1064818 	 -173.400720000 	 0.527707000 
1065063 	 -173.400720000 	 0.527707000 
1065309 	 -173.400720000 	 0.527707000 
1065539 	 -173.400720000 	 0.527707000 
1065787 	 -173.400720000 	 0.527707000 
1066008 	 -173.400720000 	 0.527707000 
1066192 	 -173.400720000 	 0.527707000 
1066396 	 -173.400720000 	 0.527707000 
1066584 	 -173.400720000 	 0.527707000 
1066784 	 -173.400720000 	 0.527707000 
1066980 	 -173.400720000 	 0.527707000 
1067185 	 -173.400720000 	 0.527707000 
1067395 	 -173.400720000 	 0.527707000 
1067601 	 -173.400720000 	 0.527707000 
1067809 	 -173.400720000 	 0.527707000 
1068052 	 -173.400720000 	 0.527707000 
1068296 	 -173.400720000 	 0.527707000 
1068547 	 -173.400720000 	 0.527707000 
1068780 	 -173.400720000 	 0.527707000 
1069047 	 -173.400720000 	 0.527707000 
1069294 	 -173.400720000 	 0.527707000 
1069545 	 -173.400720000 	 0.527707000 
1069793 	 -173.400720000 	 0.527707000 
1070048 	 -173.400720000 	 0.527707000 
1070289 	 -173.400720000 	 0.527707000 
1070486 	 -173.400720000 	 0.527707000 
1070687 	 -173.400720000 	 0.527707000 
1070877 	 -173.400720000 	 0.527707000 
1071082 	 -173.400720000 	 0.527707000 
1071292 	 -173.400720000 	 0.527707000 
1071509 	 -173.400720000 	 0.527707000 
1071708 	 -173.400720000 	 0.527707000 
1071904 	 -173.400720000 	 0.527707000 
1072114 	 -173.400720000 	 0.527707000 
1072302 	 -173.400720000 	 0.527707000 
1072544 	 -173.400720000 	 0.527707000 
1072776 	 -173.400720000 	 0.527707000 
1073014 	 -173.400720000 	 0.527707000 
1073252 	 -173.400720000 	 0.527707000 
1073485 	 -173.400720000 	 0.527707000 
1073730 	 -173.400720000 	 0.527707000 
1073952 	 -173.400720000 	 0.527707000 
1074202 	 -173.400720000 	 0.527707000 
1074424 	 -173.400720000 	 0.527707000 
1074653 	 -173.400720000 	 0.527707000 
1074858 	 -173.400720000 	 0.527707000 
1075047 	 -173.400720000 	 0.527707000 
1075253 	 -173.400720000 	 0.527707000 
1075449 	 -173.400720000 	 0.527707000 
1075653 	 -173.400720000 	 0.527707000 
1075845 	 -173.400720000 	 0.527707000 
1076040 	 -173.400720000 	 0.527707000 
1076251 	 -173.400720000 	 0.527707000 
1076439 	 -173.400720000 	 0.527707000 
1076631 	 -173.400720000 	 0.527707000 
1076856 	 -173.400720000 	 0.527707000 
1077091 	 -173.400720000 	 0.527707000 
1077314 	 -173.400720000 	 0.527707000 
1077555 	 -173.400720000 	 0.527707000 
1077809 	 -173.400720000 	 0.527707000 
1078051 	 -173.400720000 	 0.527707000 
1078283 	 -173.400720000 	 0.527707000 
1078529 	 -173.400720000 	 0.527707000 
1078771 	 -173.400720000 	 0.527707000 
1078996 	 -173.400720000 	 0.527707000 
1079200 	 -173.400720000 	 0.527707000 
1079406 	 -173.400720000 	 0.527707000 
1079610 	 -173.400720000 	 0.527707000 
1079817 	 -173.400720000 	 0.527707000 
1080028 	 -173.400720000 	 0.527707000 
1080242 	 -173.400720000 	 0.527707000 
1080447 	 -173.400720000 	 0.527707000 
1080659 	 -173.400720000 	 0.527707000 
1080874 	 -173.400720000 	 0.527707000 
1081071 	 -173.400720000 	 0.527707000 
1081293 	 -173.400720000 	 0.527707000 
1081521 	 -173.400720000 	 0.527707000 
1081747 	 -173.400720000 	 0.527707000 
1081966 	 -173.400720000 	 0.527707000 
1082201 	 -173.400720000 	 0.527707000 
1082426 	 -173.400720000 	 0.527707000 
1082655 	 -173.400720000 	 0.527707000 
1082893 	 -173.400720000 	 0.527707000 
1083113 	 -173.400720000 	 0.527707000 
1083343 	 -173.400720000 	 0.527707000 
1083538 	 -173.400720000 	 0.527707000 
1083748 	 -173.400720000 	 0.527707000 
1083947 	 -173.400720000 	 0.527707000 
1084139 	 -173.400720000 	 0.527707000 
1084346 	 -173.400720000 	 0.527707000 
1084532 	 -173.400720000 	 0.527707000 
1084737 	 -173.400720000 	 0.527707000 
1084938 	 -173.400720000 	 0.527707000 
1085125 	 -173.400720000 	 0.527707000 
1085343 	 -173.400720000 	 0.527707000 
1085588 	 -173.400720000 	 0.527707000 
1085833 	 -173.400720000 	 0.527707000 
1086063 	 -173.400720000 	 0.527707000 
1086287 	 -173.400720000 	 0.527707000 
1086514 	 -173.400720000 	 0.527707000 
1086758 	 -173.400720000 	 0.527707000 
1086989 	 -173.400720000 	 0.527707000 
1087230 	 -173.400720000 	 0.527707000 
1087464 	 -173.400720000 	 0.527707000 
1087693 	 -173.400720000 	 0.527707000 
1087896 	 -173.400720000 	 0.527707000 
1088114 	 -173.400720000 	 0.527707000 
1088341 	 -173.400720000 	 0.527707000 
1088552 	 -173.400720000 	 0.527707000 
1088763 	 -173.400720000 	 0.527707000 
1088991 	 -173.400720000 	 0.527707000 
1089199 	 -173.400720000 	 0.527707000 
1089382 	 -173.400720000 	 0.527707000 
1089599 	 -173.400720000 	 0.527707000 
1089811 	 -173.400720000 	 0.527707000 
1090030 	 -173.400720000 	 0.527707000 
1090270 	 -173.400720000 	 0.527707000 
1090493 	 -173.400720000 	 0.527707000 
1090733 	 -173.400720000 	 0.527707000 
1090939 	 -173.400720000 	 0.527707000 
1091157 	 -173.400720000 	 0.527707000 
1091380 	 -173.400720000 	 0.527707000 
1091616 	 -173.400720000 	 0.527707000 
1091833 	 -173.400720000 	 0.527707000 
1092048 	 -173.400720000 	 0.527707000 
1092271 	 -173.400720000 	 0.527707000 
1092506 	 -173.400720000 	 0.527707000 
1092728 	 -173.400720000 	 0.527707000 
1092934 	 -173.400720000 	 0.527707000 
1093149 	 -173.400720000 	 0.527707000 
1093359 	 -173.400720000 	 0.527707000 
1093583 	 -173.400720000 	 0.527707000 
1093797 	 -173.400720000 	 0.527707000 
1094013 	 -173.400720000 	 0.527707000 
1094220 	 -173.400720000 	 0.527707000 
1094421 	 -173.400720000 	 0.527707000 
1094623 	 -173.400720000 	 0.527707000 
1094832 	 -173.400720000 	 0.527707000 
1095038 	 -173.400720000 	 0.527707000 
1095264 	 -173.400720000 	 0.527707000 
1095474 	 -173.400720000 	 0.527707000 
1095678 	 -173.400720000 	 0.527707000 
1095888 	 -173.400720000 	 0.527707000 
1096110 	 -173.407480000 	 0.520947000 
1096346 	 -173.407480000 	 0.520947000 
1096594 	 -173.407480000 	 0.520947000 
1096823 	 -173.407480000 	 0.520947000 
1097047 	 -173.407480000 	 0.520947000 
1097288 	 -173.407480000 	 0.520947000 
1097518 	 -173.407480000 	 0.520947000 
1097739 	 -173.407480000 	 0.520947000 
1097967 	 -173.407480000 	 0.520947000 
1098188 	 -173.407480000 	 0.520947000 
1098415 	 -173.407480000 	 0.520947000 
1098634 	 -173.407480000 	 0.520947000 
1098837 	 -173.407480000 	 0.520947000 
1099064 	 -173.407480000 	 0.520947000 
1099281 	 -173.407480000 	 0.520947000 
1099505 	 -173.407480000 	 0.520947000 
1099734 	 -173.407480000 	 0.520947000 
1099944 	 -173.407480000 	 0.520947000 
1100154 	 -173.407480000 	 0.520947000 
1100349 	 -173.407480000 	 0.520947000 
1100554 	 -173.407480000 	 0.520947000 
1100780 	 -173.407480000 	 0.520947000 
1101013 	 -173.407480000 	 0.520947000 
1101244 	 -173.407480000 	 0.520947000 
1101465 	 -173.407480000 	 0.520947000 
1101684 	 -173.407480000 	 0.520947000 
1101899 	 -173.407480000 	 0.520947000 
1102123 	 -173.407480000 	 0.520947000 
1102350 	 -173.407480000 	 0.520947000 
1102587 	 -173.407480000 	 0.520947000 
1102815 	 -173.407480000 	 0.520947000 
1103045 	 -173.407480000 	 0.520947000 
1103263 	 -173.407480000 	 0.520947000 
1103464 	 -173.407480000 	 0.520947000 
1103664 	 -173.407480000 	 0.520947000 
1103864 	 -173.407480000 	 0.520947000 
1104062 	 -173.407480000 	 0.520947000 
1104286 	 -173.407480000 	 0.520947000 
1104476 	 -173.407480000 	 0.520947000 
1104679 	 -173.407480000 	 0.520947000 
1104880 	 -173.407480000 	 0.520947000 
1105080 	 -173.407480000 	 0.520947000 
1105305 	 -173.407480000 	 0.520947000 
1105538 	 -173.407480000 	 0.520947000 
1105767 	 -173.407480000 	 0.520947000 
1105986 	 -173.407480000 	 0.520947000 
1106206 	 -173.407480000 	 0.520947000 
1106439 	 -173.407480000 	 0.520947000 
1106682 	 -173.407480000 	 0.520947000 
1106922 	 -173.407480000 	 0.520947000 
1107159 	 -173.407480000 	 0.520947000 
1107378 	 -173.407480000 	 0.520947000 
1107589 	 -173.414240000 	 0.514187000 
1107796 	 -173.414240000 	 0.514187000 
1108011 	 -173.414240000 	 0.514187000 
1108206 	 -173.414240000 	 0.514187000 
1108393 	 -173.414240000 	 0.514187000 
1108598 	 -173.414240000 	 0.514187000 
1108812 	 -173.414240000 	 0.514187000 
1109017 	 -173.414240000 	 0.514187000 
1109228 	 -173.414240000 	 0.514187000 
1109422 	 -173.414240000 	 0.514187000 
1109656 	 -173.414240000 	 0.514187000 
1109881 	 -173.414240000 	 0.514187000 
1110126 	 -173.414240000 	 0.514187000 
1110359 	 -173.414240000 	 0.514187000 
1110592 	 -173.414240000 	 0.514187000 
1110836 	 -173.414240000 	 0.514187000 
1111086 	 -173.414240000 	 0.514187000 
1111327 	 -173.414240000 	 0.514187000 
1111560 	 -173.414240000 	 0.514187000 
1111800 	 -173.414240000 	 0.514187000 
1112000 	 -173.414240000 	 0.514187000 
1112191 	 -173.414240000 	 0.514187000 
1112389 	 -173.414240000 	 0.514187000 
1112564 	 -173.414240000 	 0.514187000 
1112755 	 -173.414240000 	 0.514187000 
1112954 	 -173.414240000 	 0.514187000 
1113151 	 -173.414240000 	 0.514187000 
1113342 	 -173.414240000 	 0.514187000 
1113531 	 -173.414240000 	 0.514187000 
1113719 	 -173.414240000 	 0.514187000 
1113963 	 -173.414240000 	 0.514187000 
1114184 	 -173.414240000 	 0.514187000 
1114406 	 -173.414240000 	 0.514187000 
1114654 	 -173.414240000 	 0.514187000 
1114906 	 -173.414240000 	 0.514187000 
1115154 	 -173.414240000 	 0.514187000 
1115394 	 -173.414240000 	 0.514187000 
1115624 	 -173.414240000 	 0.514187000 
1115865 	 -173.414240000 	 0.514187000 
1116092 	 -173.414240000 	 0.514187000 
1116285 	 -173.414240000 	 0.514187000 
1116484 	 -173.414240000 	 0.514187000 
1116676 	 -173.414240000 	 0.514187000 
1116888 	 -173.414240000 	 0.514187000 
1117078 	 -173.414240000 	 0.514187000 
1117277 	 -173.414240000 	 0.514187000 
1117485 	 -173.414240000 	 0.514187000 
1117684 	 -173.414240000 	 0.514187000 
1117879 	 -173.414240000 	 0.514187000 
1118085 	 -173.414240000 	 0.514187000 
1118328 	 -173.414240000 	 0.514187000 
1118561 	 -173.414240000 	 0.514187000 
1118791 	 -173.414240000 	 0.514187000 
1119032 	 -173.414240000 	 0.514187000 
1119273 	 -173.414240000 	 0.514187000 
1119512 	 -173.414240000 	 0.514187000 
1119748 	 -173.414240000 	 0.514187000 
1119969 	 -173.414240000 	 0.514187000 
1120219 	 -173.414240000 	 0.514187000 
1120460 	 -173.414240000 	 0.514187000 
1120657 	 -173.414240000 	 0.514187000 
1120844 	 -173.414240000 	 0.514187000 
1121038 	 -173.414240000 	 0.514187000 
1121236 	 -173.414240000 	 0.514187000 
1121436 	 -173.414240000 	 0.514187000 
1121623 	 -173.414240000 	 0.514187000 
1121828 	 -173.414240000 	 0.514187000 
1122008 	 -173.414240000 	 0.514187000 
1122195 	 -173.414240000 	 0.514187000 
1122396 	 -173.414240000 	 0.514187000 
1122655 	 -173.414240000 	 0.514187000 
1122890 	 -173.414240000 	 0.514187000 
1123120 	 -173.414240000 	 0.514187000 
1123342 	 -173.414240000 	 0.514187000 
1123563 	 -173.414240000 	 0.514187000 
1123783 	 -173.414240000 	 0.514187000 
1123991 	 -173.414240000 	 0.514187000 
1124220 	 -173.414240000 	 0.514187000 
1124460 	 -173.414240000 	 0.514187000 
1124692 	 -173.414240000 	 0.514187000 
1124885 	 -173.414240000 	 0.514187000 
1125090 	 -173.414240000 	 0.514187000 
1125275 	 -173.414240000 	 0.514187000 
1125478 	 -173.414240000 	 0.514187000 
1125672 	 -173.414240000 	 0.514187000 
1125893 	 -173.414240000 	 0.514187000 
1126086 	 -173.414240000 	 0.514187000 
1126297 	 -173.414240000 	 0.514187000 
1126489 	 -173.414240000 	 0.514187000 
1126700 	 -173.414240000 	 0.514187000 
1126937 	 -173.414240000 	 0.514187000 
1127164 	 -173.414240000 	 0.514187000 
1127373 	 -173.414240000 	 0.514187000 
1127610 	 -173.414240000 	 0.514187000 
1127835 	 -173.414240000 	 0.514187000 
1128074 	 -173.414240000 	 0.514187000 
1128286 	 -173.414240000 	 0.514187000 
1128519 	 -173.414240000 	 0.514187000 
1128754 	 -173.414240000 	 0.514187000 
1128986 	 -173.414240000 	 0.514187000 
1129197 	 -173.414240000 	 0.514187000 
1129415 	 -173.414240000 	 0.514187000 
1129636 	 -173.414240000 	 0.514187000 
1129854 	 -173.414240000 	 0.514187000 
1130077 	 -173.414240000 	 0.514187000 
1130285 	 -173.414240000 	 0.514187000 
1130494 	 -173.414240000 	 0.514187000 
1130706 	 -173.414240000 	 0.514187000 
1130937 	 -173.414240000 	 0.514187000 
1131154 	 -173.414240000 	 0.514187000 
1131373 	 -173.414240000 	 0.514187000 
1131596 	 -173.414240000 	 0.514187000 
1131813 	 -173.414240000 	 0.514187000 
1132046 	 -173.414240000 	 0.514187000 
1132254 	 -173.414240000 	 0.514187000 
1132468 	 -173.414240000 	 0.514187000 
1132703 	 -173.414240000 	 0.514187000 
1132933 	 -173.414240000 	 0.514187000 
1133176 	 -173.414240000 	 0.514187000 
1133409 	 -173.414240000 	 0.514187000 
1133610 	 -173.414240000 	 0.514187000 
1133808 	 -173.414240000 	 0.514187000 
1134028 	 -173.414240000 	 0.514187000 
1134234 	 -173.414240000 	 0.514187000 
1134431 	 -173.414240000 	 0.514187000 
1134622 	 -173.414240000 	 0.514187000 
1134829 	 -173.414240000 	 0.514187000 
1135042 	 -173.414240000 	 0.514187000 
1135260 	 -173.414240000 	 0.514187000 
1135479 	 -173.414240000 	 0.514187000 
1135693 	 -173.414240000 	 0.514187000 
1135924 	 -173.414240000 	 0.514187000 
1136139 	 -173.414240000 	 0.514187000 
1136359 	 -173.414240000 	 0.514187000 
1136564 	 -173.414240000 	 0.514187000 
1136779 	 -173.414240000 	 0.514187000 
1136992 	 -173.414240000 	 0.514187000 
1137215 	 -173.414240000 	 0.514187000 
1137442 	 -173.414240000 	 0.514187000 
1137659 	 -173.414240000 	 0.514187000 
1137879 	 -173.414240000 	 0.514187000 
1138100 	 -173.414240000 	 0.514187000 
1138332 	 -173.414240000 	 0.514187000 
1138541 	 -173.414240000 	 0.514187000 
1138764 	 -173.414240000 	 0.514187000 
1138990 	 -173.414240000 	 0.514187000 
1139212 	 -173.414240000 	 0.514187000 
1139431 	 -173.414240000 	 0.514187000 
1139659 	 -173.414240000 	 0.514187000 
1139874 	 -173.414240000 	 0.514187000 
1140090 	 -173.414240000 	 0.514187000 
1140314 	 -173.414240000 	 0.514187000 
1140532 	 -173.414240000 	 0.514187000 
1140750 	 -173.414240000 	 0.514187000 
1140964 	 -173.414240000 	 0.514187000 
1141203 	 -173.414240000 	 0.514187000 
1141428 	 -173.414240000 	 0.514187000 
1141664 	 -173.414240000 	 0.514187000 
1141885 	 -173.414240000 	 0.514187000 
1142119 	 -173.414240000 	 0.514187000 
1142331 	 -173.414240000 	 0.514187000 
1142550 	 -173.414240000 	 0.514187000 
1142740 	 -173.414240000 	 0.514187000 
1142944 	 -173.414240000 	 0.514187000 
1143141 	 -173.414240000 	 0.514187000 
1143364 	 -173.414240000 	 0.514187000 
1143586 	 -173.414240000 	 0.514187000 
1143807 	 -173.414240000 	 0.514187000 
1144022 	 -173.414240000 	 0.514187000 
1144255 	 -173.414240000 	 0.514187000 
1144483 	 -173.414240000 	 0.514187000 
1144688 	 -173.414240000 	 0.514187000 
1144890 	 -173.414240000 	 0.514187000 
1145100 	 -173.414240000 	 0.514187000 
1145307 	 -173.414240000 	 0.514187000 
1145502 	 -173.414240000 	 0.514187000 
1145707 	 -173.414240000 	 0.514187000 
1145900 	 -173.414240000 	 0.514187000 
1146109 	 -173.414240000 	 0.514187000 
1146331 	 -173.414240000 	 0.514187000 
1146585 	 -173.414240000 	 0.514187000 
1146820 	 -173.414240000 	 0.514187000 
1147071 	 -173.414240000 	 0.514187000 
1147299 	 -173.414240000 	 0.514187000 
1147537 	 -173.414240000 	 0.514187000 
1147758 	 -173.414240000 	 0.514187000 
1147994 	 -173.414240000 	 0.514187000 
1148238 	 -173.414240000 	 0.514187000 
1148482 	 -173.414240000 	 0.514187000 
1148723 	 -173.414240000 	 0.514187000 
1148932 	 -173.414240000 	 0.514187000 
1149136 	 -173.414240000 	 0.514187000 
1149336 	 -173.414240000 	 0.514187000 
1149548 	 -173.414240000 	 0.514187000 
1149738 	 -173.414240000 	 0.514187000 
1149926 	 -173.414240000 	 0.514187000 
1150120 	 -173.414240000 	 0.514187000 
1150320 	 -173.414240000 	 0.514187000 
1150513 	 -173.414240000 	 0.514187000 
1150719 	 -173.414240000 	 0.514187000 
1150963 	 -173.414240000 	 0.514187000 
1151205 	 -173.414240000 	 0.514187000 
1151455 	 -173.414240000 	 0.514187000 
1151692 	 -173.414240000 	 0.514187000 
1151926 	 -173.414240000 	 0.514187000 
1152162 	 -173.414240000 	 0.514187000 
1152396 	 -173.414240000 	 0.514187000 
1152645 	 -173.414240000 	 0.514187000 
1152878 	 -173.414240000 	 0.514187000 
1153115 	 -173.414240000 	 0.514187000 
1153312 	 -173.414240000 	 0.514187000 
1153494 	 -173.414240000 	 0.514187000 
1153685 	 -173.414240000 	 0.514187000 
1153901 	 -173.414240000 	 0.514187000 
1154103 	 -173.414240000 	 0.514187000 
1154318 	 -173.414240000 	 0.514187000 
1154525 	 -173.414240000 	 0.514187000 
1154731 	 -173.414240000 	 0.514187000 
1154932 	 -173.414240000 	 0.514187000 
1155132 	 -173.414240000 	 0.514187000 
1155351 	 -173.414240000 	 0.514187000 
1155579 	 -173.414240000 	 0.514187000 
1155832 	 -173.414240000 	 0.514187000 
1156062 	 -173.414240000 	 0.514187000 
1156288 	 -173.414240000 	 0.514187000 
1156514 	 -173.414240000 	 0.514187000 
1156741 	 -173.414240000 	 0.514187000 
1156973 	 -173.414240000 	 0.514187000 
1157207 	 -173.414240000 	 0.514187000 
1157427 	 -173.414240000 	 0.514187000 
1157620 	 -173.414240000 	 0.514187000 
1157826 	 -173.414240000 	 0.514187000 
1158014 	 -173.414240000 	 0.514187000 
1158206 	 -173.414240000 	 0.514187000 
1158416 	 -173.414240000 	 0.514187000 
1158636 	 -173.414240000 	 0.514187000 
1158838 	 -173.414240000 	 0.514187000 
1159023 	 -173.414240000 	 0.514187000 
1159232 	 -173.414240000 	 0.514187000 
1159418 	 -173.414240000 	 0.514187000 
1159641 	 -173.414240000 	 0.514187000 
1159877 	 -173.414240000 	 0.514187000 
1160104 	 -173.414240000 	 0.514187000 
1160322 	 -173.414240000 	 0.514187000 
1160559 	 -173.414240000 	 0.514187000 
1160791 	 -173.414240000 	 0.514187000 
1161044 	 -173.414240000 	 0.514187000 
1161284 	 -173.414240000 	 0.514187000 
1161504 	 -173.414240000 	 0.514187000 
1161743 	 -173.414240000 	 0.514187000 
1161930 	 -173.414240000 	 0.514187000 
1162117 	 -173.414240000 	 0.514187000 
1162329 	 -173.414240000 	 0.514187000 
1162530 	 -173.414240000 	 0.514187000 
1162742 	 -173.414240000 	 0.514187000 
1162950 	 -173.414240000 	 0.514187000 
1163163 	 -173.414240000 	 0.514187000 
1163354 	 -173.414240000 	 0.514187000 
1163549 	 -173.414240000 	 0.514187000 
1163753 	 -173.414240000 	 0.514187000 
1163982 	 -173.414240000 	 0.514187000 
1164198 	 -173.414240000 	 0.514187000 
1164447 	 -173.414240000 	 0.514187000 
1164728 	 -173.414240000 	 0.514187000 
1164948 	 -173.414240000 	 0.514187000 
1165160 	 -173.414240000 	 0.514187000 
1165379 	 -173.414240000 	 0.514187000 
1165606 	 -173.414240000 	 0.514187000 
1165844 	 -173.414240000 	 0.514187000 
1166066 	 -173.414240000 	 0.514187000 
1166276 	 -173.414240000 	 0.514187000 
1166468 	 -173.414240000 	 0.514187000 
1166669 	 -173.414240000 	 0.514187000 
1166866 	 -173.414240000 	 0.514187000 
1167066 	 -173.414240000 	 0.514187000 
1167270 	 -173.414240000 	 0.514187000 
1167481 	 -173.414240000 	 0.514187000 
1167684 	 -173.414240000 	 0.514187000 
1167880 	 -173.414240000 	 0.514187000 
1168091 	 -173.414240000 	 0.514187000 
1168318 	 -173.414240000 	 0.514187000 
1168547 	 -173.414240000 	 0.514187000 
1168759 	 -173.414240000 	 0.514187000 
1168976 	 -173.414240000 	 0.514187000 
1169205 	 -173.414240000 	 0.514187000 
1169429 	 -173.414240000 	 0.514187000 
1169661 	 -173.414240000 	 0.514187000 
1169887 	 -173.414240000 	 0.514187000 
1170120 	 -173.414240000 	 0.514187000 
1170362 	 -173.414240000 	 0.514187000 
1170553 	 -173.414240000 	 0.514187000 
1170764 	 -173.414240000 	 0.514187000 
1170971 	 -173.414240000 	 0.514187000 
1171181 	 -173.414240000 	 0.514187000 
1171378 	 -173.414240000 	 0.514187000 
1171579 	 -173.414240000 	 0.514187000 
1171789 	 -173.414240000 	 0.514187000 
1171997 	 -173.414240000 	 0.514187000 
1172205 	 -173.414240000 	 0.514187000 
1172391 	 -173.414240000 	 0.514187000 
1172610 	 -173.414240000 	 0.514187000 
1172836 	 -173.414240000 	 0.514187000 
1173070 	 -173.414240000 	 0.514187000 
1173294 	 -173.414240000 	 0.514187000 
1173516 	 -173.414240000 	 0.514187000 
1173733 	 -173.414240000 	 0.514187000 
1173954 	 -173.414240000 	 0.514187000 
1174185 	 -173.414240000 	 0.514187000 
1174421 	 -173.414240000 	 0.514187000 
1174633 	 -173.414240000 	 0.514187000 
1174832 	 -173.414240000 	 0.514187000 
1175043 	 -173.414240000 	 0.514187000 
1175254 	 -173.414240000 	 0.514187000 
1175478 	 -173.414240000 	 0.514187000 
1175688 	 -173.414240000 	 0.514187000 
1175917 	 -173.414240000 	 0.514187000 
1176142 	 -173.414240000 	 0.514187000 
1176352 	 -173.414240000 	 0.514187000 
1176571 	 -173.414240000 	 0.514187000 
1176805 	 -173.414240000 	 0.514187000 
1177025 	 -173.414240000 	 0.514187000 
1177236 	 -173.414240000 	 0.514187000 
1177468 	 -173.414240000 	 0.514187000 
1177685 	 -173.414240000 	 0.514187000 
1177915 	 -173.414240000 	 0.514187000 
1178125 	 -173.414240000 	 0.514187000 
1178348 	 -173.414240000 	 0.514187000 
1178582 	 -173.414240000 	 0.514187000 
1178801 	 -173.414240000 	 0.514187000 
1179018 	 -173.414240000 	 0.514187000 
1179258 	 -173.414240000 	 0.514187000 
1179488 	 -173.414240000 	 0.514187000 
1179721 	 -173.414240000 	 0.514187000 
1179945 	 -173.414240000 	 0.514187000 
1180171 	 -173.414240000 	 0.514187000 
1180397 	 -173.414240000 	 0.514187000 
1180625 	 -173.414240000 	 0.514187000 
1180852 	 -173.414240000 	 0.514187000 
1181066 	 -173.414240000 	 0.514187000 
1181289 	 -173.414240000 	 0.514187000 
1181493 	 -173.414240000 	 0.514187000 
1181720 	 -173.414240000 	 0.514187000 
1181912 	 -173.414240000 	 0.514187000 
1182137 	 -173.414240000 	 0.514187000 
1182355 	 -173.414240000 	 0.514187000 
1182584 	 -173.414240000 	 0.514187000 
1182815 	 -173.414240000 	 0.514187000 
1183040 	 -173.414240000 	 0.514187000 
1183263 	 -173.414240000 	 0.514187000 
1183472 	 -173.414240000 	 0.514187000 
1183674 	 -173.414240000 	 0.514187000 
1183896 	 -173.414240000 	 0.514187000 
1184125 	 -173.414240000 	 0.514187000 
1184342 	 -173.414240000 	 0.514187000 
1184558 	 -173.414240000 	 0.514187000 
1184781 	 -173.414240000 	 0.514187000 
1185015 	 -173.414240000 	 0.514187000 
1185233 	 -173.414240000 	 0.514187000 
1185460 	 -173.414240000 	 0.514187000 
1185682 	 -173.414240000 	 0.514187000 
1185875 	 -173.414240000 	 0.514187000 
1186091 	 -173.414240000 	 0.514187000 
1186301 	 -173.414240000 	 0.514187000 
1186506 	 -173.414240000 	 0.514187000 
1186706 	 -173.414240000 	 0.514187000 
1186907 	 -173.414240000 	 0.514187000 
1187129 	 -173.414240000 	 0.514187000 
1187354 	 -173.414240000 	 0.514187000 
1187566 	 -173.414240000 	 0.514187000 
1187774 	 -173.414240000 	 0.514187000 
1188005 	 -173.414240000 	 0.514187000 
1188221 	 -173.414240000 	 0.514187000 
1188445 	 -173.414240000 	 0.514187000 
1188671 	 -173.414240000 	 0.514187000 
1188902 	 -173.414240000 	 0.514187000 
1189134 	 -173.414240000 	 0.514187000 
1189359 	 -173.414240000 	 0.514187000 
1189603 	 -173.414240000 	 0.514187000 
1189840 	 -173.414240000 	 0.514187000 
1190070 	 -173.414240000 	 0.514187000 
1190274 	 -173.414240000 	 0.514187000 
1190489 	 -173.414240000 	 0.514187000 
1190689 	 -173.414240000 	 0.514187000 
1190890 	 -173.414240000 	 0.514187000 
1191093 	 -173.414240000 	 0.514187000 
1191301 	 -173.414240000 	 0.514187000 
1191498 	 -173.414240000 	 0.514187000 
1191715 	 -173.414240000 	 0.514187000 
1191938 	 -173.414240000 	 0.514187000 
1192161 	 -173.414240000 	 0.514187000 
1192388 	 -173.414240000 	 0.514187000 
1192619 	 -173.414240000 	 0.514187000 
1192860 	 -173.414240000 	 0.514187000 
1193087 	 -173.414240000 	 0.514187000 
1193320 	 -173.414240000 	 0.514187000 
1193542 	 -173.414240000 	 0.514187000 
1193780 	 -173.414240000 	 0.514187000 
1194005 	 -173.414240000 	 0.514187000 
1194234 	 -173.414240000 	 0.514187000 
1194472 	 -173.414240000 	 0.514187000 
1194672 	 -173.414240000 	 0.514187000 
1194884 	 -173.414240000 	 0.514187000 
1195088 	 -173.414240000 	 0.514187000 
1195282 	 -173.414240000 	 0.514187000 
1195484 	 -173.414240000 	 0.514187000 
1195689 	 -173.414240000 	 0.514187000 
1195892 	 -173.414240000 	 0.514187000 
1196107 	 -173.414240000 	 0.514187000 
1196313 	 -173.414240000 	 0.514187000 
1196520 	 -173.414240000 	 0.514187000 
1196748 	 -173.414240000 	 0.514187000 
1196977 	 -173.414240000 	 0.514187000 
1197220 	 -173.414240000 	 0.514187000 
1197457 	 -173.414240000 	 0.514187000 
1197698 	 -173.414240000 	 0.514187000 
1197942 	 -173.414240000 	 0.514187000 
1198182 	 -173.414240000 	 0.514187000 
1198428 	 -173.414240000 	 0.514187000 
1198656 	 -173.414240000 	 0.514187000 
1198890 	 -173.414240000 	 0.514187000 
1199105 	 -173.414240000 	 0.514187000 
1199313 	 -173.414240000 	 0.514187000 
1199502 	 -173.414240000 	 0.514187000 
1199712 	 -173.414240000 	 0.514187000 
1199916 	 -173.414240000 	 0.514187000 
1200112 	 -173.414240000 	 0.514187000 
1200313 	 -173.414240000 	 0.514187000 
1200502 	 -173.414240000 	 0.514187000 
1200695 	 -173.414240000 	 0.514187000 
1200904 	 -173.414240000 	 0.514187000 
1201148 	 -173.414240000 	 0.514187000 
1201367 	 -173.414240000 	 0.514187000 
1201601 	 -173.414240000 	 0.514187000 
1201830 	 -173.414240000 	 0.514187000 
1202054 	 -173.414240000 	 0.514187000 
1202299 	 -173.414240000 	 0.514187000 
1202547 	 -173.414240000 	 0.514187000 
1202777 	 -173.414240000 	 0.514187000 
1203011 	 -173.414240000 	 0.514187000 
1203232 	 -173.414240000 	 0.514187000 
1203414 	 -173.414240000 	 0.514187000 
1203615 	 -173.414240000 	 0.514187000 
1203814 	 -173.414240000 	 0.514187000 
1204026 	 -173.414240000 	 0.514187000 
1204232 	 -173.414240000 	 0.514187000 
1204445 	 -173.414240000 	 0.514187000 
1204636 	 -173.414240000 	 0.514187000 
1204829 	 -173.414240000 	 0.514187000 
1205029 	 -173.414240000 	 0.514187000 
1205222 	 -173.414240000 	 0.514187000 
1205436 	 -173.414240000 	 0.514187000 
1205678 	 -173.414240000 	 0.514187000 
1205909 	 -173.414240000 	 0.514187000 
1206140 	 -173.414240000 	 0.514187000 
1206368 	 -173.414240000 	 0.514187000 
1206601 	 -173.414240000 	 0.514187000 
1206832 	 -173.414240000 	 0.514187000 
1207065 	 -173.414240000 	 0.514187000 
1207302 	 -173.414240000 	 0.514187000 
1207545 	 -173.414240000 	 0.514187000 
1207747 	 -173.414240000 	 0.514187000 
1207942 	 -173.414240000 	 0.514187000 
1208148 	 -173.414240000 	 0.514187000 
1208352 	 -173.414240000 	 0.514187000 
1208567 	 -173.414240000 	 0.514187000 
1208769 	 -173.414240000 	 0.514187000 
1208973 	 -173.414240000 	 0.514187000 
1209176 	 -173.414240000 	 0.514187000 
1209382 	 -173.414240000 	 0.514187000 
1209580 	 -173.414240000 	 0.514187000 
1209788 	 -173.414240000 	 0.514187000 
1210014 	 -173.414240000 	 0.514187000 
1210247 	 -173.414240000 	 0.514187000 
1210490 	 -173.414240000 	 0.514187000 
1210725 	 -173.414240000 	 0.514187000 
1210969 	 -173.414240000 	 0.514187000 
1211205 	 -173.414240000 	 0.514187000 
1211439 	 -173.414240000 	 0.514187000 
1211667 	 -173.414240000 	 0.514187000 
1211924 	 -173.414240000 	 0.514187000 
1212141 	 -173.414240000 	 0.514187000 
1212343 	 -173.414240000 	 0.514187000 
1212555 	 -173.414240000 	 0.514187000 
1212748 	 -173.414240000 	 0.514187000 
1212960 	 -173.414240000 	 0.514187000 
1213156 	 -173.414240000 	 0.514187000 
1213364 	 -173.414240000 	 0.514187000 
1213575 	 -173.414240000 	 0.514187000 
1213790 	 -173.414240000 	 0.514187000 
1213994 	 -173.414240000 	 0.514187000 
1214224 	 -173.414240000 	 0.514187000 
1214448 	 -173.414240000 	 0.514187000 
1214670 	 -173.414240000 	 0.514187000 
1214903 	 -173.414240000 	 0.514187000 
1215136 	 -173.414240000 	 0.514187000 
1215353 	 -173.414240000 	 0.514187000 
1215562 	 -173.414240000 	 0.514187000 
1215781 	 -173.414240000 	 0.514187000 
1216003 	 -173.414240000 	 0.514187000 
1216211 	 -173.414240000 	 0.514187000 
1216430 	 -173.414240000 	 0.514187000 
1216641 	 -173.414240000 	 0.514187000 
1216851 	 -173.414240000 	 0.514187000 
1217076 	 -173.414240000 	 0.514187000 
1217299 	 -173.414240000 	 0.514187000 
1217523 	 -173.414240000 	 0.514187000 
1217750 	 -173.414240000 	 0.514187000 
1217982 	 -173.414240000 	 0.514187000 
1218213 	 -173.414240000 	 0.514187000 
1218435 	 -173.414240000 	 0.514187000 
1218646 	 -173.414240000 	 0.514187000 
1218885 	 -173.414240000 	 0.514187000 
1219116 	 -173.414240000 	 0.514187000 
1219325 	 -173.414240000 	 0.514187000 
1219532 	 -173.414240000 	 0.514187000 
1219751 	 -173.414240000 	 0.514187000 
1219969 	 -173.414240000 	 0.514187000 
1220202 	 -173.414240000 	 0.514187000 
1220411 	 -173.414240000 	 0.514187000 
1220646 	 -173.414240000 	 0.514187000 
1220855 	 -173.414240000 	 0.514187000 
1221062 	 -173.414240000 	 0.514187000 
1221269 	 -173.414240000 	 0.514187000 
1221465 	 -173.414240000 	 0.514187000 
1221668 	 -173.414240000 	 0.514187000 
1221905 	 -173.414240000 	 0.514187000 
1222107 	 -173.414240000 	 0.514187000 
1222315 	 -173.414240000 	 0.514187000 
1222529 	 -173.414240000 	 0.514187000 
1222745 	 -173.414240000 	 0.514187000 
1222953 	 -173.414240000 	 0.514187000 
1223173 	 -173.414240000 	 0.514187000 
1223389 	 -173.414240000 	 0.514187000 
1223607 	 -173.414240000 	 0.514187000 
1223826 	 -173.414240000 	 0.514187000 
1224055 	 -173.414240000 	 0.514187000 
1224266 	 -173.414240000 	 0.514187000 
1224500 	 -173.414240000 	 0.514187000 
1224720 	 -173.414240000 	 0.514187000 
1224948 	 -173.414240000 	 0.514187000 
1225168 	 -173.414240000 	 0.514187000 
1225388 	 -173.414240000 	 0.514187000 
1225607 	 -173.414240000 	 0.514187000 
1225818 	 -173.414240000 	 0.514187000 
1226041 	 -173.414240000 	 0.514187000 
1226276 	 -173.414240000 	 0.514187000 
1226502 	 -173.414240000 	 0.514187000 
1226711 	 -173.414240000 	 0.514187000 
1226930 	 -173.414240000 	 0.514187000 
1227151 	 -173.414240000 	 0.514187000 
1227365 	 -173.414240000 	 0.514187000 
1227582 	 -173.414240000 	 0.514187000 
1227791 	 -173.414240000 	 0.514187000 
1228005 	 -173.414240000 	 0.514187000 
1228213 	 -173.414240000 	 0.514187000 
1228427 	 -173.414240000 	 0.514187000 
1228620 	 -173.414240000 	 0.514187000 
1228831 	 -173.414240000 	 0.514187000 
1229026 	 -173.414240000 	 0.514187000 
1229228 	 -173.414240000 	 0.514187000 
1229470 	 -173.414240000 	 0.514187000 
1229690 	 -173.414240000 	 0.514187000 
1229921 	 -173.414240000 	 0.514187000 
1230135 	 -173.414240000 	 0.514187000 
1230362 	 -173.414240000 	 0.514187000 
1230595 	 -173.414240000 	 0.514187000 
1230828 	 -173.414240000 	 0.514187000 
1231060 	 -173.414240000 	 0.514187000 
1231281 	 -173.414240000 	 0.514187000 
1231511 	 -173.414240000 	 0.514187000 
1231721 	 -173.414240000 	 0.514187000 
1231918 	 -173.414240000 	 0.514187000 
1232120 	 -173.414240000 	 0.514187000 
1232320 	 -173.414240000 	 0.514187000 
1232526 	 -173.414240000 	 0.514187000 
1232728 	 -173.414240000 	 0.514187000 
1232932 	 -173.414240000 	 0.514187000 
1233138 	 -173.414240000 	 0.514187000 
1233347 	 -173.414240000 	 0.514187000 
1233548 	 -173.414240000 	 0.514187000 
1233807 	 -173.414240000 	 0.514187000 
1234045 	 -173.414240000 	 0.514187000 
1234278 	 -173.414240000 	 0.514187000 
1234518 	 -173.414240000 	 0.514187000 
1234765 	 -173.414240000 	 0.514187000 
1235002 	 -173.414240000 	 0.514187000 
1235248 	 -173.414240000 	 0.514187000 
1235480 	 -173.414240000 	 0.514187000 
1235728 	 -173.414240000 	 0.514187000 
1235969 	 -173.414240000 	 0.514187000 
1236198 	 -173.414240000 	 0.514187000 
1236387 	 -173.414240000 	 0.514187000 
1236578 	 -173.414240000 	 0.514187000 
1236786 	 -173.414240000 	 0.514187000 
1237001 	 -173.414240000 	 0.514187000 
1237221 	 -173.414240000 	 0.514187000 
1237429 	 -173.414240000 	 0.514187000 
1237624 	 -173.414240000 	 0.514187000 
1237832 	 -173.414240000 	 0.514187000 
1238043 	 -173.414240000 	 0.514187000 
1238304 	 -173.414240000 	 0.514187000 
1238548 	 -173.414240000 	 0.514187000 
1238784 	 -173.414240000 	 0.514187000 
1239018 	 -173.414240000 	 0.514187000 
1239248 	 -173.414240000 	 0.514187000 
1239470 	 -173.414240000 	 0.514187000 
1239693 	 -173.414240000 	 0.514187000 
1239910 	 -173.414240000 	 0.514187000 
1240126 	 -173.414240000 	 0.514187000 
1240353 	 -173.414240000 	 0.514187000 
1240550 	 -173.414240000 	 0.514187000 
1240754 	 -173.414240000 	 0.514187000 
1240945 	 -173.414240000 	 0.514187000 
1241144 	 -173.414240000 	 0.514187000 
1241352 	 -173.414240000 	 0.514187000 
1241552 	 -173.414240000 	 0.514187000 
1241763 	 -173.414240000 	 0.514187000 
1241985 	 -173.414240000 	 0.514187000 
1242178 	 -173.414240000 	 0.514187000 
1242385 	 -173.414240000 	 0.514187000 
1242629 	 -173.414240000 	 0.514187000 
1242866 	 -173.414240000 	 0.514187000 
1243088 	 -173.414240000 	 0.514187000 
1243310 	 -173.414240000 	 0.514187000 
1243529 	 -173.414240000 	 0.514187000 
1243772 	 -173.414240000 	 0.514187000 
1243990 	 -173.414240000 	 0.514187000 
1244220 	 -173.414240000 	 0.514187000 
1244462 	 -173.414240000 	 0.514187000 
1244669 	 -173.414240000 	 0.514187000 
1244861 	 -173.414240000 	 0.514187000 
1245072 	 -173.414240000 	 0.514187000 
1245261 	 -173.414240000 	 0.514187000 
1245455 	 -173.414240000 	 0.514187000 
1245661 	 -173.414240000 	 0.514187000 
1245838 	 -173.414240000 	 0.514187000 
1246030 	 -173.414240000 	 0.514187000 
1246222 	 -173.414240000 	 0.514187000 
1246424 	 -173.414240000 	 0.514187000 
1246609 	 -173.414240000 	 0.514187000 
1246863 	 -173.414240000 	 0.514187000 
1247106 	 -173.414240000 	 0.514187000 
1247350 	 -173.414240000 	 0.514187000 
1247608 	 -173.414240000 	 0.514187000 
1247836 	 -173.414240000 	 0.514187000 
1248072 	 -173.414240000 	 0.514187000 
1248315 	 -173.414240000 	 0.514187000 
1248582 	 -173.414240000 	 0.514187000 
1248818 	 -173.414240000 	 0.514187000 
1249055 	 -173.414240000 	 0.514187000 
1249263 	 -173.414240000 	 0.514187000 
1249469 	 -173.414240000 	 0.514187000 
1249674 	 -173.414240000 	 0.514187000 
1249867 	 -173.414240000 	 0.514187000 
1250068 	 -173.414240000 	 0.514187000 
1250278 	 -173.414240000 	 0.514187000 
1250492 	 -173.414240000 	 0.514187000 
1250704 	 -173.414240000 	 0.514187000 
1250911 	 -173.414240000 	 0.514187000 
1251096 	 -173.414240000 	 0.514187000 
1251327 	 -173.414240000 	 0.514187000 
1251562 	 -173.414240000 	 0.514187000 
1251804 	 -173.414240000 	 0.514187000 
1252038 	 -173.414240000 	 0.514187000 
1252269 	 -173.414240000 	 0.514187000 
1252514 	 -173.414240000 	 0.514187000 
1252754 	 -173.414240000 	 0.514187000 
1252990 	 -173.414240000 	 0.514187000 
1253240 	 -173.414240000 	 0.514187000 
1253498 	 -173.414240000 	 0.514187000 
1253691 	 -173.414240000 	 0.514187000 
1253906 	 -173.414240000 	 0.514187000 
1254102 	 -173.414240000 	 0.514187000 
1254308 	 -173.414240000 	 0.514187000 
1254509 	 -173.414240000 	 0.514187000 
1254697 	 -173.414240000 	 0.514187000 
1254917 	 -173.414240000 	 0.514187000 
1255128 	 -173.414240000 	 0.514187000 
1255329 	 -173.414240000 	 0.514187000 
1255531 	 -173.414240000 	 0.514187000 
1255762 	 -173.414240000 	 0.514187000 
1256007 	 -173.414240000 	 0.514187000 
1256227 	 -173.414240000 	 0.514187000 
1256463 	 -173.414240000 	 0.514187000 
1256708 	 -173.414240000 	 0.514187000 
1256958 	 -173.414240000 	 0.514187000 
1257198 	 -173.414240000 	 0.514187000 
1257428 	 -173.414240000 	 0.514187000 
1257647 	 -173.414240000 	 0.514187000 
1257870 	 -173.414240000 	 0.514187000 
1258079 	 -173.414240000 	 0.514187000 
1258301 	 -173.414240000 	 0.514187000 
1258494 	 -173.414240000 	 0.514187000 
1258704 	 -173.414240000 	 0.514187000 
1258899 	 -173.414240000 	 0.514187000 
1259108 	 -173.414240000 	 0.514187000 
1259307 	 -173.414240000 	 0.514187000 
1259528 	 -173.414240000 	 0.514187000 
1259739 	 -173.414240000 	 0.514187000 
1259948 	 -173.414240000 	 0.514187000 
1260188 	 -173.414240000 	 0.514187000 
1260410 	 -173.414240000 	 0.514187000 
1260633 	 -173.414240000 	 0.514187000 
1260849 	 -173.414240000 	 0.514187000 
1261080 	 -173.414240000 	 0.514187000 
1261289 	 -173.414240000 	 0.514187000 
1261515 	 -173.414240000 	 0.514187000 
1261743 	 -173.414240000 	 0.514187000 
1261970 	 -173.414240000 	 0.514187000 
1262208 	 -173.414240000 	 0.514187000 
1262424 	 -173.414240000 	 0.514187000 
1262615 	 -173.421000000 	 0.507427000 
1262808 	 -173.421000000 	 0.507427000 
1263004 	 -173.421000000 	 0.507427000 
1263189 	 -173.421000000 	 0.507427000 
1263389 	 -173.421000000 	 0.507427000 
1263597 	 -173.421000000 	 0.507427000 
1263810 	 -173.421000000 	 0.507427000 
1264009 	 -173.421000000 	 0.507427000 
1264208 	 -173.421000000 	 0.507427000 
1264435 	 -173.421000000 	 0.507427000 
1264653 	 -173.421000000 	 0.507427000 
1264871 	 -173.421000000 	 0.507427000 
1265106 	 -173.421000000 	 0.507427000 
1265338 	 -173.421000000 	 0.507427000 
1265560 	 -173.421000000 	 0.507427000 
1265773 	 -173.421000000 	 0.507427000 
1266002 	 -173.421000000 	 0.507427000 
1266209 	 -173.421000000 	 0.507427000 
1266409 	 -173.421000000 	 0.507427000 
1266609 	 -173.421000000 	 0.507427000 
1266829 	 -173.421000000 	 0.507427000 
1267059 	 -173.421000000 	 0.507427000 
1267269 	 -173.421000000 	 0.507427000 
1267482 	 -173.421000000 	 0.507427000 
1267685 	 -173.421000000 	 0.507427000 
1267929 	 -173.421000000 	 0.507427000 
1268145 	 -173.421000000 	 0.507427000 
1268370 	 -173.421000000 	 0.507427000 
1268588 	 -173.421000000 	 0.507427000 
1268804 	 -173.421000000 	 0.507427000 
1269032 	 -173.421000000 	 0.507427000 
1269255 	 -173.421000000 	 0.507427000 
1269485 	 -173.421000000 	 0.507427000 
1269685 	 -173.421000000 	 0.507427000 
1269898 	 -173.421000000 	 0.507427000 
1270119 	 -173.421000000 	 0.507427000 
1270336 	 -173.421000000 	 0.507427000 
1270567 	 -173.421000000 	 0.507427000 
1270769 	 -173.421000000 	 0.507427000 
1270990 	 -173.421000000 	 0.507427000 
1271231 	 -173.421000000 	 0.507427000 
1271450 	 -173.421000000 	 0.507427000 
1271665 	 -173.421000000 	 0.507427000 
1271887 	 -173.421000000 	 0.507427000 
1272094 	 -173.421000000 	 0.507427000 
1272321 	 -173.421000000 	 0.507427000 
1272543 	 -173.421000000 	 0.507427000 
1272770 	 -173.421000000 	 0.507427000 
1272987 	 -173.421000000 	 0.507427000 
1273187 	 -173.421000000 	 0.507427000 
1273385 	 -173.421000000 	 0.507427000 
1273609 	 -173.421000000 	 0.507427000 
1273814 	 -173.421000000 	 0.507427000 
1274022 	 -173.421000000 	 0.507427000 
1274213 	 -173.421000000 	 0.507427000 
1274414 	 -173.421000000 	 0.507427000 
1274621 	 -173.421000000 	 0.507427000 
1274829 	 -173.421000000 	 0.507427000 
1275036 	 -173.421000000 	 0.507427000 
1275279 	 -173.421000000 	 0.507427000 
1275534 	 -173.421000000 	 0.507427000 
1275772 	 -173.421000000 	 0.507427000 
1276001 	 -173.421000000 	 0.507427000 
1276254 	 -173.421000000 	 0.507427000 
1276484 	 -173.421000000 	 0.507427000 
1276722 	 -173.421000000 	 0.507427000 
1276971 	 -173.421000000 	 0.507427000 
1277196 	 -173.421000000 	 0.507427000 
1277426 	 -173.421000000 	 0.507427000 
1277626 	 -173.421000000 	 0.507427000 
1277838 	 -173.421000000 	 0.507427000 
1278041 	 -173.421000000 	 0.507427000 
1278251 	 -173.421000000 	 0.507427000 
1278451 	 -173.421000000 	 0.507427000 
1278645 	 -173.421000000 	 0.507427000 
1278851 	 -173.421000000 	 0.507427000 
1279058 	 -173.421000000 	 0.507427000 
1279272 	 -173.421000000 	 0.507427000 
1279485 	 -173.421000000 	 0.507427000 
1279731 	 -173.421000000 	 0.507427000 
1279962 	 -173.421000000 	 0.507427000 
1280192 	 -173.421000000 	 0.507427000 
1280414 	 -173.421000000 	 0.507427000 
1280651 	 -173.421000000 	 0.507427000 
1280882 	 -173.421000000 	 0.507427000 
1281121 	 -173.421000000 	 0.507427000 
1281356 	 -173.421000000 	 0.507427000 
1281586 	 -173.421000000 	 0.507427000 
1281819 	 -173.421000000 	 0.507427000 
1282014 	 -173.421000000 	 0.507427000 
1282204 	 -173.421000000 	 0.507427000 
1282408 	 -173.421000000 	 0.507427000 
1282596 	 -173.421000000 	 0.507427000 
1282811 	 -173.421000000 	 0.507427000 
1283010 	 -173.421000000 	 0.507427000 
1283204 	 -173.421000000 	 0.507427000 
1283409 	 -173.421000000 	 0.507427000 
1283605 	 -173.421000000 	 0.507427000 
1283820 	 -173.421000000 	 0.507427000 
1284044 	 -173.421000000 	 0.507427000 
1284284 	 -173.421000000 	 0.507427000 
1284527 	 -173.421000000 	 0.507427000 
1284754 	 -173.421000000 	 0.507427000 
1284991 	 -173.421000000 	 0.507427000 
1285204 	 -173.421000000 	 0.507427000 
1285445 	 -173.421000000 	 0.507427000 
1285672 	 -173.421000000 	 0.507427000 
1285892 	 -173.421000000 	 0.507427000 
1286107 	 -173.421000000 	 0.507427000 
1286295 	 -173.421000000 	 0.507427000 
1286481 	 -173.421000000 	 0.507427000 
1286670 	 -173.421000000 	 0.507427000 
1286874 	 -173.421000000 	 0.507427000 
1287082 	 -173.421000000 	 0.507427000 
1287272 	 -173.421000000 	 0.507427000 
1287481 	 -173.421000000 	 0.507427000 
1287684 	 -173.421000000 	 0.507427000 
1287869 	 -173.421000000 	 0.507427000 
1288077 	 -173.421000000 	 0.507427000 
1288302 	 -173.421000000 	 0.507427000 
1288542 	 -173.421000000 	 0.507427000 
1288784 	 -173.421000000 	 0.507427000 
1289027 	 -173.421000000 	 0.507427000 
1289252 	 -173.427760000 	 0.500667000 
1289481 	 -173.427760000 	 0.500667000 
1289709 	 -173.427760000 	 0.500667000 
1289930 	 -173.427760000 	 0.500667000 
1290159 	 -173.427760000 	 0.500667000 
1290387 	 -173.427760000 	 0.500667000 
1290568 	 -173.427760000 	 0.500667000 
1290760 	 -173.427760000 	 0.500667000 
1290956 	 -173.427760000 	 0.500667000 
1291148 	 -173.427760000 	 0.500667000 
1291363 	 -173.427760000 	 0.500667000 
1291566 	 -173.427760000 	 0.500667000 
1291753 	 -173.427760000 	 0.500667000 
1291946 	 -173.427760000 	 0.500667000 
1292132 	 -173.427760000 	 0.500667000 
1292331 	 -173.427760000 	 0.500667000 
1292559 	 -173.427760000 	 0.500667000 
1292783 	 -173.427760000 	 0.500667000 
1293011 	 -173.427760000 	 0.500667000 
1293252 	 -173.427760000 	 0.500667000 
1293479 	 -173.427760000 	 0.500667000 
1293716 	 -173.427760000 	 0.500667000 
1293957 	 -173.427760000 	 0.500667000 
1294195 	 -173.427760000 	 0.500667000 
1294444 	 -173.427760000 	 0.500667000 
1294669 	 -173.427760000 	 0.500667000 
1294873 	 -173.427760000 	 0.500667000 
1295052 	 -173.427760000 	 0.500667000 
1295255 	 -173.427760000 	 0.500667000 
1295460 	 -173.427760000 	 0.500667000 
1295659 	 -173.427760000 	 0.500667000 
1295855 	 -173.427760000 	 0.500667000 
1296056 	 -173.427760000 	 0.500667000 
1296279 	 -173.427760000 	 0.500667000 
1296488 	 -173.427760000 	 0.500667000 
1296697 	 -173.427760000 	 0.500667000 
1296926 	 -173.427760000 	 0.500667000 
1297155 	 -173.427760000 	 0.500667000 
1297402 	 -173.427760000 	 0.500667000 
1297648 	 -173.427760000 	 0.500667000 
1297878 	 -173.427760000 	 0.500667000 
1298104 	 -173.427760000 	 0.500667000 
1298330 	 -173.427760000 	 0.500667000 
1298568 	 -173.427760000 	 0.500667000 
1298819 	 -173.427760000 	 0.500667000 
1299040 	 -173.427760000 	 0.500667000 
1299237 	 -173.427760000 	 0.500667000 
1299456 	 -173.427760000 	 0.500667000 
1299669 	 -173.427760000 	 0.500667000 
1299875 	 -173.427760000 	 0.500667000 
1300093 	 -173.427760000 	 0.500667000 
1300305 	 -173.427760000 	 0.500667000 
1300494 	 -173.427760000 	 0.500667000 
1300720 	 -173.427760000 	 0.500667000 
1300939 	 -173.427760000 	 0.500667000 
1301156 	 -173.427760000 	 0.500667000 
1301402 	 -173.427760000 	 0.500667000 
1301636 	 -173.427760000 	 0.500667000 
1301869 	 -173.427760000 	 0.500667000 
1302096 	 -173.427760000 	 0.500667000 
1302317 	 -173.427760000 	 0.500667000 
1302559 	 -173.427760000 	 0.500667000 
1302789 	 -173.427760000 	 0.500667000 
1303017 	 -173.427760000 	 0.500667000 
1303250 	 -173.427760000 	 0.500667000 
1303470 	 -173.427760000 	 0.500667000 
1303668 	 -173.427760000 	 0.500667000 
1303879 	 -173.427760000 	 0.500667000 
1304082 	 -173.427760000 	 0.500667000 
1304296 	 -173.427760000 	 0.500667000 
1304494 	 -173.427760000 	 0.500667000 
1304703 	 -173.427760000 	 0.500667000 
1304905 	 -173.427760000 	 0.500667000 
1305123 	 -173.427760000 	 0.500667000 
1305334 	 -173.427760000 	 0.500667000 
1305550 	 -173.427760000 	 0.500667000 
1305775 	 -173.427760000 	 0.500667000 
1306004 	 -173.427760000 	 0.500667000 
1306204 	 -173.427760000 	 0.500667000 
1306427 	 -173.427760000 	 0.500667000 
1306644 	 -173.427760000 	 0.500667000 
1306867 	 -173.427760000 	 0.500667000 
1307082 	 -173.427760000 	 0.500667000 
1307311 	 -173.427760000 	 0.500667000 
1307529 	 -173.427760000 	 0.500667000 
1307751 	 -173.427760000 	 0.500667000 
1307954 	 -173.427760000 	 0.500667000 
1308166 	 -173.427760000 	 0.500667000 
1308398 	 -173.427760000 	 0.500667000 
1308614 	 -173.427760000 	 0.500667000 
1308837 	 -173.427760000 	 0.500667000 
1309055 	 -173.427760000 	 0.500667000 
1309256 	 -173.427760000 	 0.500667000 
1309482 	 -173.427760000 	 0.500667000 
1309699 	 -173.427760000 	 0.500667000 
1309920 	 -173.427760000 	 0.500667000 
1310139 	 -173.427760000 	 0.500667000 
1310352 	 -173.427760000 	 0.500667000 
1310555 	 -173.427760000 	 0.500667000 
1310796 	 -173.427760000 	 0.500667000 
1311010 	 -173.427760000 	 0.500667000 
1311236 	 -173.427760000 	 0.500667000 
1311452 	 -173.427760000 	 0.500667000 
1311675 	 -173.427760000 	 0.500667000 
1311889 	 -173.427760000 	 0.500667000 
1312090 	 -173.427760000 	 0.500667000 
1312305 	 -173.427760000 	 0.500667000 
1312529 	 -173.427760000 	 0.500667000 
1312753 	 -173.427760000 	 0.500667000 
1312984 	 -173.427760000 	 0.500667000 
1313223 	 -173.427760000 	 0.500667000 
1313444 	 -173.427760000 	 0.500667000 
1313683 	 -173.427760000 	 0.500667000 
1313905 	 -173.427760000 	 0.500667000 
1314117 	 -173.427760000 	 0.500667000 
1314338 	 -173.427760000 	 0.500667000 
1314536 	 -173.427760000 	 0.500667000 
1314751 	 -173.427760000 	 0.500667000 
1314951 	 -173.427760000 	 0.500667000 
1315163 	 -173.427760000 	 0.500667000 
1315388 	 -173.427760000 	 0.500667000 
1315590 	 -173.427760000 	 0.500667000 
1315806 	 -173.427760000 	 0.500667000 
1316017 	 -173.427760000 	 0.500667000 
1316239 	 -173.427760000 	 0.500667000 
1316445 	 -173.427760000 	 0.500667000 
1316679 	 -173.427760000 	 0.500667000 
1316897 	 -173.427760000 	 0.500667000 
1317127 	 -173.427760000 	 0.500667000 
1317359 	 -173.427760000 	 0.500667000 
1317594 	 -173.427760000 	 0.500667000 
1317806 	 -173.427760000 	 0.500667000 
1318037 	 -173.427760000 	 0.500667000 
1318275 	 -173.427760000 	 0.500667000 
1318509 	 -173.427760000 	 0.500667000 
1318728 	 -173.427760000 	 0.500667000 
1318918 	 -173.427760000 	 0.500667000 
1319134 	 -173.427760000 	 0.500667000 
1319341 	 -173.427760000 	 0.500667000 
1319537 	 -173.427760000 	 0.500667000 
1319733 	 -173.427760000 	 0.500667000 
1319942 	 -173.427760000 	 0.500667000 
1320145 	 -173.427760000 	 0.500667000 
1320332 	 -173.427760000 	 0.500667000 
1320542 	 -173.427760000 	 0.500667000 
1320739 	 -173.427760000 	 0.500667000 
1320966 	 -173.427760000 	 0.500667000 
1321192 	 -173.427760000 	 0.500667000 
1321437 	 -173.427760000 	 0.500667000 
1321660 	 -173.427760000 	 0.500667000 
1321899 	 -173.427760000 	 0.500667000 
1322138 	 -173.427760000 	 0.500667000 
1322361 	 -173.427760000 	 0.500667000 
1322601 	 -173.427760000 	 0.500667000 
1322856 	 -173.427760000 	 0.500667000 
1323101 	 -173.427760000 	 0.500667000 
1323310 	 -173.427760000 	 0.500667000 
1323509 	 -173.427760000 	 0.500667000 
1323715 	 -173.427760000 	 0.500667000 
1323920 	 -173.427760000 	 0.500667000 
1324121 	 -173.427760000 	 0.500667000 
1324317 	 -173.427760000 	 0.500667000 
1324519 	 -173.427760000 	 0.500667000 
1324722 	 -173.427760000 	 0.500667000 
1324919 	 -173.427760000 	 0.500667000 
1325118 	 -173.427760000 	 0.500667000 
1325359 	 -173.427760000 	 0.500667000 
1325577 	 -173.427760000 	 0.500667000 
1325800 	 -173.427760000 	 0.500667000 
1326039 	 -173.427760000 	 0.500667000 
1326266 	 -173.427760000 	 0.500667000 
1326503 	 -173.427760000 	 0.500667000 
1326720 	 -173.427760000 	 0.500667000 
1326962 	 -173.427760000 	 0.500667000 
1327206 	 -173.427760000 	 0.500667000 
1327438 	 -173.427760000 	 0.500667000 
1327631 	 -173.427760000 	 0.500667000 
1327837 	 -173.427760000 	 0.500667000 
1328039 	 -173.427760000 	 0.500667000 
1328257 	 -173.427760000 	 0.500667000 
1328466 	 -173.427760000 	 0.500667000 
1328653 	 -173.427760000 	 0.500667000 
1328845 	 -173.427760000 	 0.500667000 
1329042 	 -173.427760000 	 0.500667000 
1329233 	 -173.427760000 	 0.500667000 
1329425 	 -173.427760000 	 0.500667000 
1329645 	 -173.427760000 	 0.500667000 
1329882 	 -173.427760000 	 0.500667000 
1330126 	 -173.427760000 	 0.500667000 
1330377 	 -173.427760000 	 0.500667000 
1330591 	 -173.427760000 	 0.500667000 
1330833 	 -173.427760000 	 0.500667000 
1331073 	 -173.427760000 	 0.500667000 
1331313 	 -173.427760000 	 0.500667000 
1331541 	 -173.427760000 	 0.500667000 
1331778 	 -173.427760000 	 0.500667000 
1331974 	 -173.427760000 	 0.500667000 
1332179 	 -173.427760000 	 0.500667000 
1332382 	 -173.427760000 	 0.500667000 
1332566 	 -173.427760000 	 0.500667000 
1332769 	 -173.427760000 	 0.500667000 
1332967 	 -173.427760000 	 0.500667000 
1333153 	 -173.427760000 	 0.500667000 
1333352 	 -173.427760000 	 0.500667000 
1333550 	 -173.427760000 	 0.500667000 
1333786 	 -173.427760000 	 0.500667000 
1334023 	 -173.427760000 	 0.500667000 
1334256 	 -173.427760000 	 0.500667000 
1334494 	 -173.427760000 	 0.500667000 
1334742 	 -173.427760000 	 0.500667000 
1334981 	 -173.427760000 	 0.500667000 
1335212 	 -173.427760000 	 0.500667000 
1335438 	 -173.427760000 	 0.500667000 
1335683 	 -173.427760000 	 0.500667000 
1335920 	 -173.427760000 	 0.500667000 
1336171 	 -173.427760000 	 0.500667000 
1336368 	 -173.427760000 	 0.500667000 
1336582 	 -173.427760000 	 0.500667000 
1336773 	 -173.427760000 	 0.500667000 
1336983 	 -173.427760000 	 0.500667000 
1337166 	 -173.427760000 	 0.500667000 
1337359 	 -173.427760000 	 0.500667000 
1337557 	 -173.427760000 	 0.500667000 
1337754 	 -173.427760000 	 0.500667000 
1337955 	 -173.427760000 	 0.500667000 
1338151 	 -173.427760000 	 0.500667000 
1338372 	 -173.427760000 	 0.500667000 
1338601 	 -173.427760000 	 0.500667000 
1338833 	 -173.427760000 	 0.500667000 
1339064 	 -173.427760000 	 0.500667000 
1339299 	 -173.427760000 	 0.500667000 
1339518 	 -173.427760000 	 0.500667000 
1339741 	 -173.427760000 	 0.500667000 
1339948 	 -173.427760000 	 0.500667000 
1340164 	 -173.427760000 	 0.500667000 
1340402 	 -173.427760000 	 0.500667000 
1340601 	 -173.427760000 	 0.500667000 
1340802 	 -173.427760000 	 0.500667000 
1340996 	 -173.427760000 	 0.500667000 
1341196 	 -173.427760000 	 0.500667000 
1341378 	 -173.427760000 	 0.500667000 
1341583 	 -173.427760000 	 0.500667000 
1341787 	 -173.427760000 	 0.500667000 
1341984 	 -173.427760000 	 0.500667000 
1342182 	 -173.427760000 	 0.500667000 
1342402 	 -173.427760000 	 0.500667000 
1342631 	 -173.427760000 	 0.500667000 
1342869 	 -173.427760000 	 0.500667000 
1343097 	 -173.427760000 	 0.500667000 
1343320 	 -173.427760000 	 0.500667000 
1343555 	 -173.427760000 	 0.500667000 
1343769 	 -173.427760000 	 0.500667000 
1343996 	 -173.427760000 	 0.500667000 
1344227 	 -173.427760000 	 0.500667000 
1344458 	 -173.427760000 	 0.500667000 
1344697 	 -173.427760000 	 0.500667000 
1344918 	 -173.427760000 	 0.500667000 
1345143 	 -173.427760000 	 0.500667000 
1345354 	 -173.427760000 	 0.500667000 
1345575 	 -173.427760000 	 0.500667000 
1345784 	 -173.427760000 	 0.500667000 
1345993 	 -173.427760000 	 0.500667000 
1346225 	 -173.427760000 	 0.500667000 
1346429 	 -173.427760000 	 0.500667000 
1346631 	 -173.427760000 	 0.500667000 
1346836 	 -173.427760000 	 0.500667000 
1347055 	 -173.427760000 	 0.500667000 
1347291 	 -173.427760000 	 0.500667000 
1347521 	 -173.427760000 	 0.500667000 
1347772 	 -173.427760000 	 0.500667000 
1348009 	 -173.427760000 	 0.500667000 
1348242 	 -173.427760000 	 0.500667000 
1348473 	 -173.427760000 	 0.500667000 
1348692 	 -173.427760000 	 0.500667000 
1348901 	 -173.427760000 	 0.500667000 
1349138 	 -173.427760000 	 0.500667000 
1349335 	 -173.427760000 	 0.500667000 
1349564 	 -173.427760000 	 0.500667000 
1349773 	 -173.427760000 	 0.500667000 
1349975 	 -173.427760000 	 0.500667000 
1350176 	 -173.427760000 	 0.500667000 
1350371 	 -173.427760000 	 0.500667000 
1350569 	 -173.427760000 	 0.500667000 
1350795 	 -173.427760000 	 0.500667000 
1351012 	 -173.427760000 	 0.500667000 
1351234 	 -173.427760000 	 0.500667000 
1351454 	 -173.427760000 	 0.500667000 
1351676 	 -173.427760000 	 0.500667000 
1351892 	 -173.427760000 	 0.500667000 
1352124 	 -173.427760000 	 0.500667000 
1352335 	 -173.427760000 	 0.500667000 
1352574 	 -173.427760000 	 0.500667000 
1352798 	 -173.427760000 	 0.500667000 
1353011 	 -173.427760000 	 0.500667000 
1353215 	 -173.427760000 	 0.500667000 
1353430 	 -173.427760000 	 0.500667000 
1353658 	 -173.427760000 	 0.500667000 
1353885 	 -173.427760000 	 0.500667000 
1354107 	 -173.427760000 	 0.500667000 
1354330 	 -173.427760000 	 0.500667000 
1354547 	 -173.427760000 	 0.500667000 
1354776 	 -173.427760000 	 0.500667000 
1354995 	 -173.427760000 	 0.500667000 
1355214 	 -173.427760000 	 0.500667000 
1355436 	 -173.427760000 	 0.500667000 
1355654 	 -173.427760000 	 0.500667000 
1355863 	 -173.427760000 	 0.500667000 
1356067 	 -173.427760000 	 0.500667000 
1356265 	 -173.427760000 	 0.500667000 
1356471 	 -173.427760000 	 0.500667000 
1356701 	 -173.427760000 	 0.500667000 
1356924 	 -173.427760000 	 0.500667000 
1357142 	 -173.427760000 	 0.500667000 
1357370 	 -173.427760000 	 0.500667000 
1357592 	 -173.427760000 	 0.500667000 
1357819 	 -173.427760000 	 0.500667000 
1358025 	 -173.427760000 	 0.500667000 
1358252 	 -173.427760000 	 0.500667000 
1358464 	 -173.427760000 	 0.500667000 
1358677 	 -173.427760000 	 0.500667000 
1358882 	 -173.427760000 	 0.500667000 
1359066 	 -173.427760000 	 0.500667000 
1359275 	 -173.427760000 	 0.500667000 
1359482 	 -173.427760000 	 0.500667000 
1359713 	 -173.427760000 	 0.500667000 
1359942 	 -173.427760000 	 0.500667000 
1360148 	 -173.427760000 	 0.500667000 
1360336 	 -173.427760000 	 0.500667000 
1360554 	 -173.427760000 	 0.500667000 
1360775 	 -173.427760000 	 0.500667000 
1360983 	 -173.427760000 	 0.500667000 
1361175 	 -173.427760000 	 0.500667000 
1361379 	 -173.427760000 	 0.500667000 
1361587 	 -173.427760000 	 0.500667000 
1361803 	 -173.427760000 	 0.500667000 
1361996 	 -173.427760000 	 0.500667000 
1362222 	 -173.427760000 	 0.500667000 
1362437 	 -173.427760000 	 0.500667000 
1362668 	 -173.427760000 	 0.500667000 
1362892 	 -173.427760000 	 0.500667000 
1363134 	 -173.427760000 	 0.500667000 
1363362 	 -173.427760000 	 0.500667000 
1363605 	 -173.427760000 	 0.500667000 
1363864 	 -173.427760000 	 0.500667000 
1364093 	 -173.427760000 	 0.500667000 
1364335 	 -173.427760000 	 0.500667000 
1364541 	 -173.427760000 	 0.500667000 
1364744 	 -173.427760000 	 0.500667000 
1364946 	 -173.427760000 	 0.500667000 
1365139 	 -173.427760000 	 0.500667000 
1365349 	 -173.427760000 	 0.500667000 
1365545 	 -173.427760000 	 0.500667000 
1365737 	 -173.427760000 	 0.500667000 
1365944 	 -173.427760000 	 0.500667000 
1366155 	 -173.427760000 	 0.500667000 
1366348 	 -173.427760000 	 0.500667000 
1366566 	 -173.427760000 	 0.500667000 
1366814 	 -173.427760000 	 0.500667000 
1367049 	 -173.427760000 	 0.500667000 
1367270 	 -173.427760000 	 0.500667000 
1367507 	 -173.427760000 	 0.500667000 
1367759 	 -173.427760000 	 0.500667000 
1367990 	 -173.427760000 	 0.500667000 
1368227 	 -173.427760000 	 0.500667000 
1368459 	 -173.427760000 	 0.500667000 
1368684 	 -173.427760000 	 0.500667000 
1368878 	 -173.427760000 	 0.500667000 
1369088 	 -173.427760000 	 0.500667000 
1369300 	 -173.427760000 	 0.500667000 
1369516 	 -173.427760000 	 0.500667000 
1369734 	 -173.427760000 	 0.500667000 
1369936 	 -173.427760000 	 0.500667000 
1370161 	 -173.427760000 	 0.500667000 
1370369 	 -173.427760000 	 0.500667000 
1370572 	 -173.427760000 	 0.500667000 
1370788 	 -173.427760000 	 0.500667000 
1371037 	 -173.427760000 	 0.500667000 
1371274 	 -173.427760000 	 0.500667000 
1371501 	 -173.427760000 	 0.500667000 
1371722 	 -173.427760000 	 0.500667000 
1371959 	 -173.427760000 	 0.500667000 
1372204 	 -173.427760000 	 0.500667000 
1372433 	 -173.427760000 	 0.500667000 
1372662 	 -173.427760000 	 0.500667000 
1372893 	 -173.427760000 	 0.500667000 
1373121 	 -173.427760000 	 0.500667000 
1373326 	 -173.427760000 	 0.500667000 
1373513 	 -173.427760000 	 0.500667000 
1373724 	 -173.427760000 	 0.500667000 
1373926 	 -173.427760000 	 0.500667000 
1374131 	 -173.427760000 	 0.500667000 
1374330 	 -173.427760000 	 0.500667000 
1374518 	 -173.427760000 	 0.500667000 
1374720 	 -173.427760000 	 0.500667000 
1374939 	 -173.427760000 	 0.500667000 
1375149 	 -173.427760000 	 0.500667000 
1375380 	 -173.427760000 	 0.500667000 
1375609 	 -173.427760000 	 0.500667000 
1375854 	 -173.427760000 	 0.500667000 
1376106 	 -173.427760000 	 0.500667000 
1376338 	 -173.427760000 	 0.500667000 
1376571 	 -173.427760000 	 0.500667000 
1376801 	 -173.427760000 	 0.500667000 
1377029 	 -173.427760000 	 0.500667000 
1377273 	 -173.427760000 	 0.500667000 
1377515 	 -173.427760000 	 0.500667000 
1377727 	 -173.427760000 	 0.500667000 
1377937 	 -173.427760000 	 0.500667000 
1378149 	 -173.427760000 	 0.500667000 
1378353 	 -173.427760000 	 0.500667000 
1378544 	 -173.427760000 	 0.500667000 
1378758 	 -173.427760000 	 0.500667000 
1378961 	 -173.427760000 	 0.500667000 
1379171 	 -173.427760000 	 0.500667000 
1379382 	 -173.427760000 	 0.500667000 
1379604 	 -173.427760000 	 0.500667000 
1379851 	 -173.427760000 	 0.500667000 
1380079 	 -173.427760000 	 0.500667000 
1380323 	 -173.427760000 	 0.500667000 
1380574 	 -173.427760000 	 0.500667000 
1380796 	 -173.427760000 	 0.500667000 
1381037 	 -173.427760000 	 0.500667000 
1381292 	 -173.427760000 	 0.500667000 
1381513 	 -173.427760000 	 0.500667000 
1381765 	 -173.427760000 	 0.500667000 
1382005 	 -173.427760000 	 0.500667000 
1382210 	 -173.427760000 	 0.500667000 
1382423 	 -173.427760000 	 0.500667000 
1382622 	 -173.427760000 	 0.500667000 
1382810 	 -173.427760000 	 0.500667000 
1383000 	 -173.427760000 	 0.500667000 
1383183 	 -173.427760000 	 0.500667000 
1383391 	 -173.427760000 	 0.500667000 
1383599 	 -173.427760000 	 0.500667000 
1383817 	 -173.427760000 	 0.500667000 
1384016 	 -173.427760000 	 0.500667000 
1384262 	 -173.427760000 	 0.500667000 
1384507 	 -173.427760000 	 0.500667000 
1384757 	 -173.427760000 	 0.500667000 
1384994 	 -173.427760000 	 0.500667000 
1385227 	 -173.427760000 	 0.500667000 
1385468 	 -173.427760000 	 0.500667000 
1385693 	 -173.427760000 	 0.500667000 
1385910 	 -173.427760000 	 0.500667000 
1386155 	 -173.427760000 	 0.500667000 
1386385 	 -173.427760000 	 0.500667000 
1386589 	 -173.427760000 	 0.500667000 
1386793 	 -173.427760000 	 0.500667000 
1386991 	 -173.427760000 	 0.500667000 
1387212 	 -173.427760000 	 0.500667000 
1387417 	 -173.427760000 	 0.500667000 
1387637 	 -173.427760000 	 0.500667000 
1387845 	 -173.427760000 	 0.500667000 
1388061 	 -173.427760000 	 0.500667000 
1388257 	 -173.427760000 	 0.500667000 
1388460 	 -173.427760000 	 0.500667000 
1388685 	 -173.427760000 	 0.500667000 
1388922 	 -173.427760000 	 0.500667000 
1389156 	 -173.427760000 	 0.500667000 
1389386 	 -173.427760000 	 0.500667000 
1389614 	 -173.427760000 	 0.500667000 
1389832 	 -173.427760000 	 0.500667000 
1390057 	 -173.427760000 	 0.500667000 
1390285 	 -173.427760000 	 0.500667000 
1390501 	 -173.427760000 	 0.500667000 
1390723 	 -173.427760000 	 0.500667000 
1390937 	 -173.427760000 	 0.500667000 
1391152 	 -173.427760000 	 0.500667000 
1391364 	 -173.427760000 	 0.500667000 
1391582 	 -173.427760000 	 0.500667000 
1391798 	 -173.427760000 	 0.500667000 
1392017 	 -173.427760000 	 0.500667000 
1392245 	 -173.427760000 	 0.500667000 
1392457 	 -173.427760000 	 0.500667000 
1392672 	 -173.427760000 	 0.500667000 
1392887 	 -173.427760000 	 0.500667000 
1393098 	 -173.427760000 	 0.500667000 
1393325 	 -173.427760000 	 0.500667000 
1393556 	 -173.427760000 	 0.500667000 
1393790 	 -173.427760000 	 0.500667000 
1394000 	 -173.427760000 	 0.500667000 
1394229 	 -173.427760000 	 0.500667000 
1394442 	 -173.427760000 	 0.500667000 
1394656 	 -173.427760000 	 0.500667000 
1394882 	 -173.427760000 	 0.500667000 
1395112 	 -173.427760000 	 0.500667000 
1395327 	 -173.427760000 	 0.500667000 
1395551 	 -173.427760000 	 0.500667000 
1395768 	 -173.427760000 	 0.500667000 
1395984 	 -173.427760000 	 0.500667000 
1396197 	 -173.427760000 	 0.500667000 
1396408 	 -173.427760000 	 0.500667000 
1396620 	 -173.427760000 	 0.500667000 
1396826 	 -173.427760000 	 0.500667000 
1397045 	 -173.427760000 	 0.500667000 
1397265 	 -173.427760000 	 0.500667000 
1397489 	 -173.427760000 	 0.500667000 
1397708 	 -173.427760000 	 0.500667000 
1397909 	 -173.427760000 	 0.500667000 
1398107 	 -173.427760000 	 0.500667000 
1398331 	 -173.427760000 	 0.500667000 
1398568 	 -173.427760000 	 0.500667000 
1398795 	 -173.427760000 	 0.500667000 
1399022 	 -173.427760000 	 0.500667000 
1399209 	 -173.427760000 	 0.500667000 
1399416 	 -173.427760000 	 0.500667000 
1399635 	 -173.427760000 	 0.500667000 
1399834 	 -173.427760000 	 0.500667000 
1400051 	 -173.427760000 	 0.500667000 
1400272 	 -173.427760000 	 0.500667000 
1400488 	 -173.427760000 	 0.500667000 
1400701 	 -173.427760000 	 0.500667000 
1400904 	 -173.427760000 	 0.500667000 
1401117 	 -173.427760000 	 0.500667000 
1401326 	 -173.427760000 	 0.500667000 
1401535 	 -173.427760000 	 0.500667000 
1401752 	 -173.427760000 	 0.500667000 
1401958 	 -173.427760000 	 0.500667000 
1402167 	 -173.427760000 	 0.500667000 
1402392 	 -173.427760000 	 0.500667000 
1402604 	 -173.427760000 	 0.500667000 
1402828 	 -173.427760000 	 0.500667000 
1403041 	 -173.427760000 	 0.500667000 
1403242 	 -173.427760000 	 0.500667000 
1403457 	 -173.427760000 	 0.500667000 
1403671 	 -173.427760000 	 0.500667000 
1403881 	 -173.427760000 	 0.500667000 
1404108 	 -173.427760000 	 0.500667000 
1404326 	 -173.427760000 	 0.500667000 
1404554 	 -173.427760000 	 0.500667000 
1404797 	 -173.427760000 	 0.500667000 
1405021 	 -173.427760000 	 0.500667000 
1405273 	 -173.427760000 	 0.500667000 
1405507 	 -173.427760000 	 0.500667000 
1405727 	 -173.427760000 	 0.500667000 
1405955 	 -173.427760000 	 0.500667000 
1406162 	 -173.427760000 	 0.500667000 
1406381 	 -173.427760000 	 0.500667000 
1406591 	 -173.427760000 	 0.500667000 
1406801 	 -173.427760000 	 0.500667000 
1407005 	 -173.427760000 	 0.500667000 
1407213 	 -173.427760000 	 0.500667000 
1407431 	 -173.427760000 	 0.500667000 
1407639 	 -173.427760000 	 0.500667000 
1407848 	 -173.427760000 	 0.500667000 
1408052 	 -173.427760000 	 0.500667000 
1408269 	 -173.427760000 	 0.500667000 
1408470 	 -173.427760000 	 0.500667000 
1408714 	 -173.427760000 	 0.500667000 
1408944 	 -173.427760000 	 0.500667000 
1409178 	 -173.427760000 	 0.500667000 
1409404 	 -173.427760000 	 0.500667000 
1409617 	 -173.427760000 	 0.500667000 
1409848 	 -173.427760000 	 0.500667000 
1410071 	 -173.427760000 	 0.500667000 
1410286 	 -173.427760000 	 0.500667000 
1410493 	 -173.427760000 	 0.500667000 
1410695 	 -173.427760000 	 0.500667000 
1410899 	 -173.427760000 	 0.500667000 
1411095 	 -173.427760000 	 0.500667000 
1411288 	 -173.427760000 	 0.500667000 
1411482 	 -173.427760000 	 0.500667000 
1411672 	 -173.427760000 	 0.500667000 
1411864 	 -173.427760000 	 0.500667000 
1412076 	 -173.427760000 	 0.500667000 
1412277 	 -173.427760000 	 0.500667000 
1412502 	 -173.427760000 	 0.500667000 
1412731 	 -173.427760000 	 0.500667000 
1412969 	 -173.427760000 	 0.500667000 
1413221 	 -173.427760000 	 0.500667000 
1413439 	 -173.427760000 	 0.500667000 
1413680 	 -173.427760000 	 0.500667000 
1413920 	 -173.427760000 	 0.500667000 
1414160 	 -173.427760000 	 0.500667000 
1414394 	 -173.427760000 	 0.500667000 
1414629 	 -173.427760000 	 0.500667000 
1414820 	 -173.427760000 	 0.500667000 
1415019 	 -173.427760000 	 0.500667000 
1415211 	 -173.427760000 	 0.500667000 
1415408 	 -173.427760000 	 0.500667000 
1415621 	 -173.427760000 	 0.500667000 
1415825 	 -173.427760000 	 0.500667000 
1416022 	 -173.427760000 	 0.500667000 
1416242 	 -173.427760000 	 0.500667000 
1416443 	 -173.427760000 	 0.500667000 
1416632 	 -173.427760000 	 0.500667000 
1416852 	 -173.427760000 	 0.500667000 
1417076 	 -173.427760000 	 0.500667000 
1417326 	 -173.427760000 	 0.500667000 
1417543 	 -173.427760000 	 0.500667000 
1417786 	 -173.427760000 	 0.500667000 
1418017 	 -173.427760000 	 0.500667000 
1418266 	 -173.427760000 	 0.500667000 
1418508 	 -173.427760000 	 0.500667000 
1418740 	 -173.427760000 	 0.500667000 
1418980 	 -173.427760000 	 0.500667000 
1419169 	 -173.427760000 	 0.500667000 
1419355 	 -173.427760000 	 0.500667000 
1419549 	 -173.427760000 	 0.500667000 
1419734 	 -173.427760000 	 0.500667000 
1419931 	 -173.427760000 	 0.500667000 
1420119 	 -173.427760000 	 0.500667000 
1420317 	 -173.427760000 	 0.500667000 
1420524 	 -173.427760000 	 0.500667000 
1420718 	 -173.427760000 	 0.500667000 
1420921 	 -173.427760000 	 0.500667000 
1421170 	 -173.427760000 	 0.500667000 
1421415 	 -173.427760000 	 0.500667000 
1421675 	 -173.427760000 	 0.500667000 
1421925 	 -173.427760000 	 0.500667000 
1422172 	 -173.427760000 	 0.500667000 
1422403 	 -173.427760000 	 0.500667000 
1422642 	 -173.427760000 	 0.500667000 
1422902 	 -173.427760000 	 0.500667000 
1423158 	 -173.427760000 	 0.500667000 
1423399 	 -173.427760000 	 0.500667000 
1423604 	 -173.427760000 	 0.500667000 
1423782 	 -173.427760000 	 0.500667000 
1423991 	 -173.427760000 	 0.500667000 
1424182 	 -173.427760000 	 0.500667000 
1424372 	 -173.427760000 	 0.500667000 
1424571 	 -173.427760000 	 0.500667000 
1424768 	 -173.427760000 	 0.500667000 
1424970 	 -173.427760000 	 0.500667000 
1425161 	 -173.427760000 	 0.500667000 
1425349 	 -173.427760000 	 0.500667000 
1425581 	 -173.427760000 	 0.500667000 
1425828 	 -173.427760000 	 0.500667000 
1426061 	 -173.427760000 	 0.500667000 
1426286 	 -173.427760000 	 0.500667000 
1426529 	 -173.427760000 	 0.500667000 
1426755 	 -173.427760000 	 0.500667000 
1426982 	 -173.427760000 	 0.500667000 
1427214 	 -173.427760000 	 0.500667000 
1427461 	 -173.427760000 	 0.500667000 
1427698 	 -173.427760000 	 0.500667000 
1427907 	 -173.427760000 	 0.500667000 
1428099 	 -173.427760000 	 0.500667000 
1428299 	 -173.427760000 	 0.500667000 
1428510 	 -173.427760000 	 0.500667000 
1428710 	 -173.427760000 	 0.500667000 
1428918 	 -173.427760000 	 0.500667000 
1429113 	 -173.427760000 	 0.500667000 
1429322 	 -173.427760000 	 0.500667000 
1429526 	 -173.427760000 	 0.500667000 
1429726 	 -173.427760000 	 0.500667000 
1429945 	 -173.427760000 	 0.500667000 
1430188 	 -173.427760000 	 0.500667000 
1430421 	 -173.427760000 	 0.500667000 
1430662 	 -173.427760000 	 0.500667000 
1430893 	 -173.427760000 	 0.500667000 
1431128 	 -173.427760000 	 0.500667000 
1431347 	 -173.427760000 	 0.500667000 
1431575 	 -173.427760000 	 0.500667000 
1431788 	 -173.427760000 	 0.500667000 
1432041 	 -173.427760000 	 0.500667000 
1432234 	 -173.427760000 	 0.500667000 
1432447 	 -173.427760000 	 0.500667000 
1432663 	 -173.427760000 	 0.500667000 
1432872 	 -173.427760000 	 0.500667000 
1433076 	 -173.427760000 	 0.500667000 
1433286 	 -173.427760000 	 0.500667000 
1433491 	 -173.427760000 	 0.500667000 
1433702 	 -173.427760000 	 0.500667000 
1433911 	 -173.427760000 	 0.500667000 
1434124 	 -173.427760000 	 0.500667000 
1434366 	 -173.427760000 	 0.500667000 
1434570 	 -173.427760000 	 0.500667000 
1434789 	 -173.427760000 	 0.500667000 
1435012 	 -173.427760000 	 0.500667000 
1435234 	 -173.427760000 	 0.500667000 
1435482 	 -173.427760000 	 0.500667000 
1435708 	 -173.427760000 	 0.500667000 
1435928 	 -173.427760000 	 0.500667000 
1436152 	 -173.427760000 	 0.500667000 
1436377 	 -173.427760000 	 0.500667000 
1436583 	 -173.427760000 	 0.500667000 
1436795 	 -173.427760000 	 0.500667000 
1437003 	 -173.427760000 	 0.500667000 
1437211 	 -173.427760000 	 0.500667000 
1437419 	 -173.427760000 	 0.500667000 
1437613 	 -173.427760000 	 0.500667000 
1437820 	 -173.427760000 	 0.500667000 
1438031 	 -173.427760000 	 0.500667000 
1438245 	 -173.427760000 	 0.500667000 
1438447 	 -173.427760000 	 0.500667000 
1438662 	 -173.427760000 	 0.500667000 
1438880 	 -173.427760000 	 0.500667000 
1439105 	 -173.427760000 	 0.500667000 
1439317 	 -173.427760000 	 0.500667000 
1439520 	 -173.427760000 	 0.500667000 
1439720 	 -173.427760000 	 0.500667000 
1439943 	 -173.427760000 	 0.500667000 
1440160 	 -173.427760000 	 0.500667000 
1440357 	 -173.427760000 	 0.500667000 
1440575 	 -173.427760000 	 0.500667000 
1440800 	 -173.427760000 	 0.500667000 
1441036 	 -173.427760000 	 0.500667000 
1441270 	 -173.427760000 	 0.500667000 
1441501 	 -173.427760000 	 0.500667000 
1441732 	 -173.427760000 	 0.500667000 
1441971 	 -173.427760000 	 0.500667000 
1442208 	 -173.427760000 	 0.500667000 
1442430 	 -173.427760000 	 0.500667000 
1442665 	 -173.427760000 	 0.500667000 
1442897 	 -173.427760000 	 0.500667000 
1443117 	 -173.427760000 	 0.500667000 
1443324 	 -173.427760000 	 0.500667000 
1443528 	 -173.427760000 	 0.500667000 
1443754 	 -173.427760000 	 0.500667000 
1443946 	 -173.427760000 	 0.500667000 
1444166 	 -173.427760000 	 0.500667000 
1444364 	 -173.427760000 	 0.500667000 
1444584 	 -173.427760000 	 0.500667000 
1444783 	 -173.427760000 	 0.500667000 
1445003 	 -173.427760000 	 0.500667000 
1445237 	 -173.427760000 	 0.500667000 
1445453 	 -173.427760000 	 0.500667000 
1445693 	 -173.427760000 	 0.500667000 
1445929 	 -173.427760000 	 0.500667000 
1446161 	 -173.427760000 	 0.500667000 
1446391 	 -173.427760000 	 0.500667000 
1446614 	 -173.427760000 	 0.500667000 
1446838 	 -173.427760000 	 0.500667000 
1447053 	 -173.427760000 	 0.500667000 
1447275 	 -173.427760000 	 0.500667000 
1447488 	 -173.427760000 	 0.500667000 
1447690 	 -173.427760000 	 0.500667000 
1447886 	 -173.427760000 	 0.500667000 
1448106 	 -173.427760000 	 0.500667000 
1448295 	 -173.427760000 	 0.500667000 
1448504 	 -173.427760000 	 0.500667000 
1448707 	 -173.427760000 	 0.500667000 
1448927 	 -173.427760000 	 0.500667000 
1449134 	 -173.427760000 	 0.500667000 
1449344 	 -173.427760000 	 0.500667000 
1449572 	 -173.427760000 	 0.500667000 
1449800 	 -173.427760000 	 0.500667000 
1450044 	 -173.427760000 	 0.500667000 
1450285 	 -173.427760000 	 0.500667000 
1450518 	 -173.427760000 	 0.500667000 
1450773 	 -173.427760000 	 0.500667000 
1451002 	 -173.427760000 	 0.500667000 
1451234 	 -173.427760000 	 0.500667000 
1451455 	 -173.427760000 	 0.500667000 
1451683 	 -173.427760000 	 0.500667000 
1451900 	 -173.427760000 	 0.500667000 
1452123 	 -173.427760000 	 0.500667000 
1452325 	 -173.427760000 	 0.500667000 
1452531 	 -173.427760000 	 0.500667000 
1452752 	 -173.427760000 	 0.500667000 
1452950 	 -173.427760000 	 0.500667000 
1453143 	 -173.427760000 	 0.500667000 
1453364 	 -173.427760000 	 0.500667000 
1453561 	 -173.427760000 	 0.500667000 
1453759 	 -173.427760000 	 0.500667000 
1453981 	 -173.427760000 	 0.500667000 
1454218 	 -173.427760000 	 0.500667000 
1454450 	 -173.427760000 	 0.500667000 
1454689 	 -173.427760000 	 0.500667000 
1454913 	 -173.427760000 	 0.500667000 
1455147 	 -173.427760000 	 0.500667000 
1455375 	 -173.427760000 	 0.500667000 
1455597 	 -173.427760000 	 0.500667000 
1455839 	 -173.427760000 	 0.500667000 
1456094 	 -173.427760000 	 0.500667000 
1456282 	 -173.427760000 	 0.500667000 
1456477 	 -173.427760000 	 0.500667000 
1456683 	 -173.427760000 	 0.500667000 
1456885 	 -173.427760000 	 0.500667000 
1457089 	 -173.427760000 	 0.500667000 
1457284 	 -173.427760000 	 0.500667000 
1457483 	 -173.427760000 	 0.500667000 
1457693 	 -173.427760000 	 0.500667000 
1457891 	 -173.427760000 	 0.500667000 
1458098 	 -173.427760000 	 0.500667000 
1458333 	 -173.427760000 	 0.500667000 
1458561 	 -173.427760000 	 0.500667000 
1458783 	 -173.427760000 	 0.500667000 
1459009 	 -173.427760000 	 0.500667000 
1459245 	 -173.427760000 	 0.500667000 
1459476 	 -173.427760000 	 0.500667000 
1459717 	 -173.427760000 	 0.500667000 
1459958 	 -173.427760000 	 0.500667000 
1460181 	 -173.427760000 	 0.500667000 
1460414 	 -173.427760000 	 0.500667000 
1460598 	 -173.427760000 	 0.500667000 
1460791 	 -173.427760000 	 0.500667000 
1460981 	 -173.427760000 	 0.500667000 
1461176 	 -173.427760000 	 0.500667000 
1461367 	 -173.427760000 	 0.500667000 
1461566 	 -173.427760000 	 0.500667000 
1461764 	 -173.427760000 	 0.500667000 
1461967 	 -173.427760000 	 0.500667000 
1462155 	 -173.427760000 	 0.500667000 
1462351 	 -173.427760000 	 0.500667000 
1462587 	 -173.427760000 	 0.500667000 
1462808 	 -173.427760000 	 0.500667000 
1463057 	 -173.427760000 	 0.500667000 
1463286 	 -173.427760000 	 0.500667000 
1463524 	 -173.427760000 	 0.500667000 
1463775 	 -173.427760000 	 0.500667000 
1464022 	 -173.427760000 	 0.500667000 
1464268 	 -173.427760000 	 0.500667000 
1464500 	 -173.427760000 	 0.500667000 
1464759 	 -173.427760000 	 0.500667000 
1464953 	 -173.427760000 	 0.500667000 
1465141 	 -173.427760000 	 0.500667000 
1465330 	 -173.427760000 	 0.500667000 
1465521 	 -173.427760000 	 0.500667000 
1465704 	 -173.427760000 	 0.500667000 
1465882 	 -173.427760000 	 0.500667000 
1466070 	 -173.427760000 	 0.500667000 
1466254 	 -173.427760000 	 0.500667000 
1466442 	 -173.427760000 	 0.500667000 
1466638 	 -173.427760000 	 0.500667000 
1466873 	 -173.427760000 	 0.500667000 
1467126 	 -173.427760000 	 0.500667000 
1467353 	 -173.427760000 	 0.500667000 
1467580 	 -173.427760000 	 0.500667000 
1467812 	 -173.427760000 	 0.500667000 
1468059 	 -173.427760000 	 0.500667000 
1468301 	 -173.427760000 	 0.500667000 
1468527 	 -173.427760000 	 0.500667000 
1468753 	 -173.427760000 	 0.500667000 
1468976 	 -173.427760000 	 0.500667000 
1469157 	 -173.427760000 	 0.500667000 
1469363 	 -173.427760000 	 0.500667000 
1469563 	 -173.427760000 	 0.500667000 
1469757 	 -173.427760000 	 0.500667000 
1469944 	 -173.427760000 	 0.500667000 
1470135 	 -173.427760000 	 0.500667000 
1470335 	 -173.427760000 	 0.500667000 
1470514 	 -173.427760000 	 0.500667000 
1470709 	 -173.427760000 	 0.500667000 
1470916 	 -173.427760000 	 0.500667000 
1471164 	 -173.427760000 	 0.500667000 
1471412 	 -173.427760000 	 0.500667000 
1471655 	 -173.427760000 	 0.500667000 
1471887 	 -173.427760000 	 0.500667000 
1472119 	 -173.427760000 	 0.500667000 
1472361 	 -173.427760000 	 0.500667000 
1472597 	 -173.427760000 	 0.500667000 
1472832 	 -173.427760000 	 0.500667000 
1473050 	 -173.427760000 	 0.500667000 
1473297 	 -173.427760000 	 0.500667000 
1473531 	 -173.427760000 	 0.500667000 
1473738 	 -173.427760000 	 0.500667000 
1473945 	 -173.427760000 	 0.500667000 
1474165 	 -173.427760000 	 0.500667000 
1474374 	 -173.427760000 	 0.500667000 
1474589 	 -173.427760000 	 0.500667000 
1474816 	 -173.427760000 	 0.500667000 
1475020 	 -173.427760000 	 0.500667000 
1475225 	 -173.427760000 	 0.500667000 
1475442 	 -173.427760000 	 0.500667000 
1475664 	 -173.427760000 	 0.500667000 
1475882 	 -173.427760000 	 0.500667000 
1476122 	 -173.427760000 	 0.500667000 
1476345 	 -173.427760000 	 0.500667000 
1476576 	 -173.427760000 	 0.500667000 
1476825 	 -173.427760000 	 0.500667000 
1477061 	 -173.427760000 	 0.500667000 
1477296 	 -173.427760000 	 0.500667000 
1477545 	 -173.427760000 	 0.500667000 
1477776 	 -173.427760000 	 0.500667000 
1477973 	 -173.427760000 	 0.500667000 
1478170 	 -173.427760000 	 0.500667000 
1478379 	 -173.427760000 	 0.500667000 
1478594 	 -173.427760000 	 0.500667000 
1478792 	 -173.427760000 	 0.500667000 
1478986 	 -173.427760000 	 0.500667000 
1479185 	 -173.427760000 	 0.500667000 
1479387 	 -173.427760000 	 0.500667000 
1479583 	 -173.427760000 	 0.500667000 
1479775 	 -173.427760000 	 0.500667000 
1479992 	 -173.427760000 	 0.500667000 
1480227 	 -173.427760000 	 0.500667000 
1480435 	 -173.427760000 	 0.500667000 
1480666 	 -173.427760000 	 0.500667000 
1480890 	 -173.427760000 	 0.500667000 
1481114 	 -173.427760000 	 0.500667000 
1481355 	 -173.427760000 	 0.500667000 
1481579 	 -173.427760000 	 0.500667000 
1481805 	 -173.427760000 	 0.500667000 
1482023 	 -173.427760000 	 0.500667000 
1482238 	 -173.427760000 	 0.500667000 
1482447 	 -173.427760000 	 0.500667000 
1482650 	 -173.427760000 	 0.500667000 
1482867 	 -173.427760000 	 0.500667000 
1483087 	 -173.427760000 	 0.500667000 
1483294 	 -173.427760000 	 0.500667000 
1483504 	 -173.427760000 	 0.500667000 
1483713 	 -173.427760000 	 0.500667000 
1483904 	 -173.427760000 	 0.500667000 
1484103 	 -173.427760000 	 0.500667000 
1484338 	 -173.427760000 	 0.500667000 
1484556 	 -173.427760000 	 0.500667000 
1484779 	 -173.427760000 	 0.500667000 
1485003 	 -173.427760000 	 0.500667000 
1485229 	 -173.427760000 	 0.500667000 
1485463 	 -173.427760000 	 0.500667000 
1485673 	 -173.427760000 	 0.500667000 
1485887 	 -173.427760000 	 0.500667000 
1486115 	 -173.427760000 	 0.500667000 
1486339 	 -173.427760000 	 0.500667000 
1486545 	 -173.427760000 	 0.500667000 
1486761 	 -173.427760000 	 0.500667000 
1486969 	 -173.427760000 	 0.500667000 
1487182 	 -173.427760000 	 0.500667000 
1487389 	 -173.427760000 	 0.500667000 
1487611 	 -173.427760000 	 0.500667000 
1487825 	 -173.427760000 	 0.500667000 
1488046 	 -173.427760000 	 0.500667000 
1488262 	 -173.427760000 	 0.500667000 
1488488 	 -173.427760000 	 0.500667000 
1488699 	 -173.427760000 	 0.500667000 
1488901 	 -173.427760000 	 0.500667000 
1489109 	 -173.427760000 	 0.500667000 
1489311 	 -173.427760000 	 0.500667000 
1489534 	 -173.427760000 	 0.500667000 
1489754 	 -173.427760000 	 0.500667000 
1489968 	 -173.427760000 	 0.500667000 
1490176 	 -173.427760000 	 0.500667000 
1490387 	 -173.427760000 	 0.500667000 
1490594 	 -173.427760000 	 0.500667000 
1490823 	 -173.427760000 	 0.500667000 
1491043 	 -173.427760000 	 0.500667000 
1491256 	 -173.427760000 	 0.500667000 
1491496 	 -173.427760000 	 0.500667000 
1491729 	 -173.427760000 	 0.500667000 
1491972 	 -173.427760000 	 0.500667000 
1492186 	 -173.427760000 	 0.500667000 
1492428 	 -173.427760000 	 0.500667000 
1492652 	 -173.427760000 	 0.500667000 
1492873 	 -173.427760000 	 0.500667000 
1493094 	 -173.427760000 	 0.500667000 
1493299 	 -173.427760000 	 0.500667000 
1493517 	 -173.427760000 	 0.500667000 
1493715 	 -173.427760000 	 0.500667000 
1493923 	 -173.427760000 	 0.500667000 
1494128 	 -173.427760000 	 0.500667000 
1494340 	 -173.427760000 	 0.500667000 
1494547 	 -173.427760000 	 0.500667000 
1494754 	 -173.427760000 	 0.500667000 
1494981 	 -173.427760000 	 0.500667000 
1495196 	 -173.427760000 	 0.500667000 
1495410 	 -173.427760000 	 0.500667000 
1495644 	 -173.427760000 	 0.500667000 
1495873 	 -173.427760000 	 0.500667000 
1496115 	 -173.427760000 	 0.500667000 
1496337 	 -173.427760000 	 0.500667000 
1496564 	 -173.427760000 	 0.500667000 
1496791 	 -173.427760000 	 0.500667000 
1497021 	 -173.427760000 	 0.500667000 
1497255 	 -173.427760000 	 0.500667000 
1497450 	 -173.427760000 	 0.500667000 
1497662 	 -173.427760000 	 0.500667000 
1497862 	 -173.427760000 	 0.500667000 
1498061 	 -173.427760000 	 0.500667000 
1498267 	 -173.427760000 	 0.500667000 
1498452 	 -173.427760000 	 0.500667000 
1498656 	 -173.427760000 	 0.500667000 
1498864 	 -173.427760000 	 0.500667000 
1499066 	 -173.427760000 	 0.500667000 
1499260 	 -173.427760000 	 0.500667000 
1499487 	 -173.427760000 	 0.500667000 
1499720 	 -173.427760000 	 0.500667000 
1499941 	 -173.427760000 	 0.500667000 
1500159 	 -173.427760000 	 0.500667000 
1500393 	 -173.427760000 	 0.500667000 
1500629 	 -173.427760000 	 0.500667000 
1500862 	 -173.427760000 	 0.500667000 
1501100 	 -173.427760000 	 0.500667000 
1501332 	 -173.427760000 	 0.500667000 
1501589 	 -173.427760000 	 0.500667000 
1501798 	 -173.427760000 	 0.500667000 
1501991 	 -173.427760000 	 0.500667000 
1502184 	 -173.427760000 	 0.500667000 
1502381 	 -173.427760000 	 0.500667000 
1502582 	 -173.427760000 	 0.500667000 
1502776 	 -173.427760000 	 0.500667000 
1502968 	 -173.427760000 	 0.500667000 
1503168 	 -173.427760000 	 0.500667000 
1503353 	 -173.427760000 	 0.500667000 
1503548 	 -173.427760000 	 0.500667000 
1503795 	 -173.427760000 	 0.500667000 
1504025 	 -173.427760000 	 0.500667000 
1504260 	 -173.427760000 	 0.500667000 
1504497 	 -173.427760000 	 0.500667000 
1504705 	 -173.427760000 	 0.500667000 
1504942 	 -173.427760000 	 0.500667000 
1505175 	 -173.427760000 	 0.500667000 
1505395 	 -173.427760000 	 0.500667000 
1505625 	 -173.427760000 	 0.500667000 
1505848 	 -173.427760000 	 0.500667000 
1506050 	 -173.427760000 	 0.500667000 
1506244 	 -173.427760000 	 0.500667000 
1506452 	 -173.427760000 	 0.500667000 
1506660 	 -173.427760000 	 0.500667000 
1506848 	 -173.427760000 	 0.500667000 
1507055 	 -173.427760000 	 0.500667000 
1507244 	 -173.427760000 	 0.500667000 
1507440 	 -173.427760000 	 0.500667000 
1507642 	 -173.427760000 	 0.500667000 
1507833 	 -173.427760000 	 0.500667000 
1508066 	 -173.427760000 	 0.500667000 
1508315 	 -173.427760000 	 0.500667000 
1508559 	 -173.427760000 	 0.500667000 
1508778 	 -173.427760000 	 0.500667000 
1509027 	 -173.427760000 	 0.500667000 
1509249 	 -173.427760000 	 0.500667000 
1509472 	 -173.427760000 	 0.500667000 
1509710 	 -173.427760000 	 0.500667000 
1509932 	 -173.427760000 	 0.500667000 
1510165 	 -173.427760000 	 0.500667000 
1510352 	 -173.427760000 	 0.500667000 
1510540 	 -173.427760000 	 0.500667000 
1510731 	 -173.427760000 	 0.500667000 
1510923 	 -173.427760000 	 0.500667000 
1511104 	 -173.427760000 	 0.500667000 
1511305 	 -173.427760000 	 0.500667000 
1511500 	 -173.427760000 	 0.500667000 
1511694 	 -173.427760000 	 0.500667000 
1511887 	 -173.427760000 	 0.500667000 
1512072 	 -173.427760000 	 0.500667000 
1512302 	 -173.427760000 	 0.500667000 
1512536 	 -173.427760000 	 0.500667000 
1512774 	 -173.427760000 	 0.500667000 
1513015 	 -173.427760000 	 0.500667000 
1513243 	 -173.427760000 	 0.500667000 
1513472 	 -173.427760000 	 0.500667000 
1513706 	 -173.427760000 	 0.500667000 
1513951 	 -173.427760000 	 0.500667000 
1514197 	 -173.427760000 	 0.500667000 
1514414 	 -173.427760000 	 0.500667000 
1514614 	 -173.427760000 	 0.500667000 
1514812 	 -173.427760000 	 0.500667000 
1515010 	 -173.427760000 	 0.500667000 
1515224 	 -173.427760000 	 0.500667000 
1515434 	 -173.427760000 	 0.500667000 
1515638 	 -173.427760000 	 0.500667000 
1515858 	 -173.427760000 	 0.500667000 
1516068 	 -173.427760000 	 0.500667000 
1516284 	 -173.427760000 	 0.500667000 
1516487 	 -173.427760000 	 0.500667000 
1516702 	 -173.427760000 	 0.500667000 
1516927 	 -173.427760000 	 0.500667000 
1517176 	 -173.427760000 	 0.500667000 
1517403 	 -173.427760000 	 0.500667000 
1517637 	 -173.427760000 	 0.500667000 
1517882 	 -173.427760000 	 0.500667000 
1518117 	 -173.427760000 	 0.500667000 
1518355 	 -173.427760000 	 0.500667000 
1518583 	 -173.427760000 	 0.500667000 
1518816 	 -173.427760000 	 0.500667000 
1519014 	 -173.427760000 	 0.500667000 
1519225 	 -173.427760000 	 0.500667000 
1519431 	 -173.427760000 	 0.500667000 
1519636 	 -173.427760000 	 0.500667000 
1519838 	 -173.427760000 	 0.500667000 
1520046 	 -173.427760000 	 0.500667000 
1520255 	 -173.427760000 	 0.500667000 
1520459 	 -173.427760000 	 0.500667000 
1520662 	 -173.427760000 	 0.500667000 
1520883 	 -173.427760000 	 0.500667000 
1521101 	 -173.427760000 	 0.500667000 
1521304 	 -173.427760000 	 0.500667000 
1521535 	 -173.427760000 	 0.500667000 
1521768 	 -173.427760000 	 0.500667000 
1521998 	 -173.427760000 	 0.500667000 
1522232 	 -173.427760000 	 0.500667000 
1522470 	 -173.427760000 	 0.500667000 
1522701 	 -173.427760000 	 0.500667000 
1522935 	 -173.427760000 	 0.500667000 
1523160 	 -173.427760000 	 0.500667000 
1523368 	 -173.427760000 	 0.500667000 
1523575 	 -173.427760000 	 0.500667000 
1523769 	 -173.427760000 	 0.500667000 
1523978 	 -173.427760000 	 0.500667000 
1524171 	 -173.427760000 	 0.500667000 
1524377 	 -173.427760000 	 0.500667000 
1524582 	 -173.427760000 	 0.500667000 
1524791 	 -173.427760000 	 0.500667000 
1524988 	 -173.427760000 	 0.500667000 
1525212 	 -173.427760000 	 0.500667000 
1525428 	 -173.427760000 	 0.500667000 
1525656 	 -173.427760000 	 0.500667000 
1525874 	 -173.427760000 	 0.500667000 
1526097 	 -173.427760000 	 0.500667000 
1526317 	 -173.427760000 	 0.500667000 
1526518 	 -173.427760000 	 0.500667000 
1526735 	 -173.427760000 	 0.500667000 
1526947 	 -173.427760000 	 0.500667000 
1527168 	 -173.427760000 	 0.500667000 
1527375 	 -173.427760000 	 0.500667000 
1527583 	 -173.427760000 	 0.500667000 
1527776 	 -173.427760000 	 0.500667000 
1527966 	 -173.427760000 	 0.500667000 
1528163 	 -173.427760000 	 0.500667000 
1528370 	 -173.427760000 	 0.500667000 
1528591 	 -173.427760000 	 0.500667000 
1528800 	 -173.427760000 	 0.500667000 
1529016 	 -173.427760000 	 0.500667000 
1529213 	 -173.427760000 	 0.500667000 
1529412 	 -173.427760000 	 0.500667000 
1529613 	 -173.427760000 	 0.500667000 
1529841 	 -173.427760000 	 0.500667000 
1530062 	 -173.427760000 	 0.500667000 
1530278 	 -173.427760000 	 0.500667000 
1530490 	 -173.427760000 	 0.500667000 
1530702 	 -173.427760000 	 0.500667000 
1530928 	 -173.427760000 	 0.500667000 
1531150 	 -173.427760000 	 0.500667000 
1531359 	 -173.427760000 	 0.500667000 
1531569 	 -173.427760000 	 0.500667000 
1531788 	 -173.427760000 	 0.500667000 
1532019 	 -173.427760000 	 0.500667000 
1532248 	 -173.427760000 	 0.500667000 
1532464 	 -173.427760000 	 0.500667000 
1532684 	 -173.427760000 	 0.500667000 
1532908 	 -173.427760000 	 0.500667000 
1533119 	 -173.427760000 	 0.500667000 
1533325 	 -173.427760000 	 0.500667000 
1533543 	 -173.427760000 	 0.500667000 
1533757 	 -173.427760000 	 0.500667000 
1533990 	 -173.427760000 	 0.500667000 
1534185 	 -173.427760000 	 0.500667000 
1534413 	 -173.427760000 	 0.500667000 
1534631 	 -173.427760000 	 0.500667000 
1534849 	 -173.427760000 	 0.500667000 
1535068 	 -173.427760000 	 0.500667000 
1535280 	 -173.427760000 	 0.500667000 
1535502 	 -173.427760000 	 0.500667000 
1535710 	 -173.427760000 	 0.500667000 
1535938 	 -173.427760000 	 0.500667000 
1536153 	 -173.427760000 	 0.500667000 
1536379 	 -173.427760000 	 0.500667000 
1536595 	 -173.427760000 	 0.500667000 
1536798 	 -173.427760000 	 0.500667000 
1537028 	 -173.427760000 	 0.500667000 
1537256 	 -173.427760000 	 0.500667000 
1537473 	 -173.427760000 	 0.500667000 
1537693 	 -173.427760000 	 0.500667000 
1537934 	 -173.427760000 	 0.500667000 
1538140 	 -173.427760000 	 0.500667000 
1538342 	 -173.427760000 	 0.500667000 
1538552 	 -173.427760000 	 0.500667000 
1538761 	 -173.427760000 	 0.500667000 
1538962 	 -173.427760000 	 0.500667000 
1539165 	 -173.427760000 	 0.500667000 
1539363 	 -173.427760000 	 0.500667000 
1539565 	 -173.427760000 	 0.500667000 
1539760 	 -173.427760000 	 0.500667000 
1539975 	 -173.427760000 	 0.500667000 
1540175 	 -173.427760000 	 0.500667000 
1540392 	 -173.427760000 	 0.500667000 
1540606 	 -173.427760000 	 0.500667000 
1540817 	 -173.427760000 	 0.500667000 
1541046 	 -173.427760000 	 0.500667000 
1541276 	 -173.427760000 	 0.500667000 
1541495 	 -173.427760000 	 0.500667000 
1541715 	 -173.427760000 	 0.500667000 
1541929 	 -173.427760000 	 0.500667000 
1542151 	 -173.427760000 	 0.500667000 
1542392 	 -173.427760000 	 0.500667000 
1542587 	 -173.427760000 	 0.500667000 
1542782 	 -173.427760000 	 0.500667000 
1542993 	 -173.427760000 	 0.500667000 
1543184 	 -173.427760000 	 0.500667000 
1543391 	 -173.427760000 	 0.500667000 
1543586 	 -173.427760000 	 0.500667000 
1543796 	 -173.427760000 	 0.500667000 
1543994 	 -173.427760000 	 0.500667000 
1544214 	 -173.427760000 	 0.500667000 
1544400 	 -173.427760000 	 0.500667000 
1544637 	 -173.427760000 	 0.500667000 
1544864 	 -173.427760000 	 0.500667000 
1545091 	 -173.427760000 	 0.500667000 
1545338 	 -173.427760000 	 0.500667000 
1545577 	 -173.427760000 	 0.500667000 
1545806 	 -173.427760000 	 0.500667000 
1546040 	 -173.427760000 	 0.500667000 
1546272 	 -173.427760000 	 0.500667000 
1546497 	 -173.427760000 	 0.500667000 
1546721 	 -173.427760000 	 0.500667000 
1546920 	 -173.427760000 	 0.500667000 
1547128 	 -173.427760000 	 0.500667000 
1547320 	 -173.427760000 	 0.500667000 
1547533 	 -173.427760000 	 0.500667000 
1547742 	 -173.427760000 	 0.500667000 
1547950 	 -173.427760000 	 0.500667000 
1548143 	 -173.427760000 	 0.500667000 
1548354 	 -173.427760000 	 0.500667000 
1548553 	 -173.427760000 	 0.500667000 
1548746 	 -173.427760000 	 0.500667000 
1548992 	 -173.427760000 	 0.500667000 
1549232 	 -173.427760000 	 0.500667000 
1549470 	 -173.427760000 	 0.500667000 
1549706 	 -173.427760000 	 0.500667000 
1549964 	 -173.427760000 	 0.500667000 
1550187 	 -173.427760000 	 0.500667000 
1550427 	 -173.427760000 	 0.500667000 
1550663 	 -173.427760000 	 0.500667000 
1550902 	 -173.427760000 	 0.500667000 
1551157 	 -173.427760000 	 0.500667000 
1551370 	 -173.427760000 	 0.500667000 
1551569 	 -173.427760000 	 0.500667000 
1551747 	 -173.427760000 	 0.500667000 
1551933 	 -173.427760000 	 0.500667000 
1552115 	 -173.427760000 	 0.500667000 
1552312 	 -173.427760000 	 0.500667000 
1552487 	 -173.427760000 	 0.500667000 
1552674 	 -173.427760000 	 0.500667000 
1552854 	 -173.427760000 	 0.500667000 
1553045 	 -173.427760000 	 0.500667000 
1553276 	 -173.427760000 	 0.500667000 
1553513 	 -173.427760000 	 0.500667000 
1553755 	 -173.427760000 	 0.500667000 
1553985 	 -173.427760000 	 0.500667000 
1554216 	 -173.427760000 	 0.500667000 
1554456 	 -173.427760000 	 0.500667000 
1554679 	 -173.427760000 	 0.500667000 
1554923 	 -173.427760000 	 0.500667000 
1555143 	 -173.427760000 	 0.500667000 
1555379 	 -173.427760000 	 0.500667000 
1555573 	 -173.427760000 	 0.500667000 
1555768 	 -173.427760000 	 0.500667000 
1555961 	 -173.427760000 	 0.500667000 
1556147 	 -173.427760000 	 0.500667000 
1556339 	 -173.427760000 	 0.500667000 
1556546 	 -173.427760000 	 0.500667000 
1556751 	 -173.427760000 	 0.500667000 
1556934 	 -173.427760000 	 0.500667000 
1557127 	 -173.427760000 	 0.500667000 
1557323 	 -173.427760000 	 0.500667000 
1557555 	 -173.427760000 	 0.500667000 
1557798 	 -173.427760000 	 0.500667000 
1558025 	 -173.427760000 	 0.500667000 
1558258 	 -173.427760000 	 0.500667000 
1558494 	 -173.427760000 	 0.500667000 
1558725 	 -173.427760000 	 0.500667000 
1558951 	 -173.427760000 	 0.500667000 
1559181 	 -173.427760000 	 0.500667000 
1559423 	 -173.427760000 	 0.500667000 
1559657 	 -173.427760000 	 0.500667000 
1559871 	 -173.427760000 	 0.500667000 
1560064 	 -173.427760000 	 0.500667000 
1560249 	 -173.427760000 	 0.500667000 
1560433 	 -173.427760000 	 0.500667000 
1560628 	 -173.427760000 	 0.500667000 
1560814 	 -173.427760000 	 0.500667000 
1560994 	 -173.427760000 	 0.500667000 
1561179 	 -173.427760000 	 0.500667000 
1561356 	 -173.427760000 	 0.500667000 
1561540 	 -173.427760000 	 0.500667000 
1561753 	 -173.427760000 	 0.500667000 
1561989 	 -173.427760000 	 0.500667000 
1562216 	 -173.427760000 	 0.500667000 
1562449 	 -173.427760000 	 0.500667000 
1562683 	 -173.427760000 	 0.500667000 
1562917 	 -173.427760000 	 0.500667000 
1563142 	 -173.427760000 	 0.500667000 
1563355 	 -173.427760000 	 0.500667000 
1563581 	 -173.427760000 	 0.500667000 
1563801 	 -173.427760000 	 0.500667000 
1564015 	 -173.427760000 	 0.500667000 
1564220 	 -173.427760000 	 0.500667000 
1564432 	 -173.427760000 	 0.500667000 
1564646 	 -173.427760000 	 0.500667000 
1564853 	 -173.427760000 	 0.500667000 
1565058 	 -173.427760000 	 0.500667000 
1565284 	 -173.427760000 	 0.500667000 
1565480 	 -173.427760000 	 0.500667000 
1565693 	 -173.427760000 	 0.500667000 
1565891 	 -173.427760000 	 0.500667000 
1566105 	 -173.427760000 	 0.500667000 
1566337 	 -173.427760000 	 0.500667000 
1566547 	 -173.427760000 	 0.500667000 
1566771 	 -173.427760000 	 0.500667000 
1566996 	 -173.427760000 	 0.500667000 
1567214 	 -173.427760000 	 0.500667000 
1567442 	 -173.427760000 	 0.500667000 
1567673 	 -173.427760000 	 0.500667000 
1567904 	 -173.427760000 	 0.500667000 
1568147 	 -173.427760000 	 0.500667000 
1568353 	 -173.427760000 	 0.500667000 
1568555 	 -173.427760000 	 0.500667000 
1568751 	 -173.427760000 	 0.500667000 
1568948 	 -173.427760000 	 0.500667000 
1569141 	 -173.427760000 	 0.500667000 
1569342 	 -173.427760000 	 0.500667000 
1569553 	 -173.427760000 	 0.500667000 
1569762 	 -173.427760000 	 0.500667000 
1569984 	 -173.427760000 	 0.500667000 
1570186 	 -173.427760000 	 0.500667000 
1570411 	 -173.427760000 	 0.500667000 
1570632 	 -173.427760000 	 0.500667000 
1570843 	 -173.427760000 	 0.500667000 
1571051 	 -173.427760000 	 0.500667000 
1571276 	 -173.427760000 	 0.500667000 
1571494 	 -173.427760000 	 0.500667000 
1571702 	 -173.427760000 	 0.500667000 
1571917 	 -173.427760000 	 0.500667000 
1572132 	 -173.427760000 	 0.500667000 
1572351 	 -173.427760000 	 0.500667000 
1572581 	 -173.427760000 	 0.500667000 
1572816 	 -173.427760000 	 0.500667000 
1573036 	 -173.427760000 	 0.500667000 
1573284 	 -173.427760000 	 0.500667000 
1573521 	 -173.427760000 	 0.500667000 
1573757 	 -173.427760000 	 0.500667000 
1573980 	 -173.427760000 	 0.500667000 
1574202 	 -173.427760000 	 0.500667000 
1574446 	 -173.427760000 	 0.500667000 
1574673 	 -173.427760000 	 0.500667000 
1574881 	 -173.427760000 	 0.500667000 
1575098 	 -173.427760000 	 0.500667000 
1575312 	 -173.427760000 	 0.500667000 
1575541 	 -173.427760000 	 0.500667000 
1575745 	 -173.427760000 	 0.500667000 
1575961 	 -173.427760000 	 0.500667000 
1576194 	 -173.427760000 	 0.500667000 
1576409 	 -173.427760000 	 0.500667000 
1576612 	 -173.427760000 	 0.500667000 
1576827 	 -173.427760000 	 0.500667000 
1577044 	 -173.427760000 	 0.500667000 
1577288 	 -173.427760000 	 0.500667000 
1577523 	 -173.427760000 	 0.500667000 
1577746 	 -173.427760000 	 0.500667000 
1577972 	 -173.427760000 	 0.500667000 
1578212 	 -173.427760000 	 0.500667000 
1578432 	 -173.427760000 	 0.500667000 
1578672 	 -173.427760000 	 0.500667000 
1578912 	 -173.427760000 	 0.500667000 
1579149 	 -173.427760000 	 0.500667000 
1579356 	 -173.427760000 	 0.500667000 
1579558 	 -173.427760000 	 0.500667000 
1579765 	 -173.427760000 	 0.500667000 
1579986 	 -173.427760000 	 0.500667000 
1580189 	 -173.427760000 	 0.500667000 
1580393 	 -173.427760000 	 0.500667000 
1580585 	 -173.427760000 	 0.500667000 
1580784 	 -173.427760000 	 0.500667000 
1580995 	 -173.427760000 	 0.500667000 
1581210 	 -173.427760000 	 0.500667000 
1581432 	 -173.427760000 	 0.500667000 
1581665 	 -173.427760000 	 0.500667000 
1581882 	 -173.427760000 	 0.500667000 
1582106 	 -173.427760000 	 0.500667000 
1582341 	 -173.427760000 	 0.500667000 
1582572 	 -173.427760000 	 0.500667000 
1582810 	 -173.427760000 	 0.500667000 
1583061 	 -173.427760000 	 0.500667000 
1583293 	 -173.427760000 	 0.500667000 
1583533 	 -173.427760000 	 0.500667000 
1583738 	 -173.427760000 	 0.500667000 
1583935 	 -173.427760000 	 0.500667000 
1584153 	 -173.427760000 	 0.500667000 
1584375 	 -173.427760000 	 0.500667000 
1584575 	 -173.427760000 	 0.500667000 
1584784 	 -173.427760000 	 0.500667000 
1584975 	 -173.427760000 	 0.500667000 
1585159 	 -173.427760000 	 0.500667000 
1585372 	 -173.427760000 	 0.500667000 
1585570 	 -173.427760000 	 0.500667000 
1585799 	 -173.427760000 	 0.500667000 
1586016 	 -173.427760000 	 0.500667000 
1586239 	 -173.427760000 	 0.500667000 
1586472 	 -173.427760000 	 0.500667000 
1586705 	 -173.427760000 	 0.500667000 
1586935 	 -173.427760000 	 0.500667000 
1587158 	 -173.427760000 	 0.500667000 
1587393 	 -173.427760000 	 0.500667000 
1587621 	 -173.427760000 	 0.500667000 
1587858 	 -173.427760000 	 0.500667000 
1588071 	 -173.427760000 	 0.500667000 
1588285 	 -173.427760000 	 0.500667000 
1588484 	 -173.427760000 	 0.500667000 
1588687 	 -173.427760000 	 0.500667000 
1588882 	 -173.427760000 	 0.500667000 
1589098 	 -173.427760000 	 0.500667000 
1589293 	 -173.427760000 	 0.500667000 
1589488 	 -173.427760000 	 0.500667000 
1589681 	 -173.427760000 	 0.500667000 
1589884 	 -173.427760000 	 0.500667000 
1590119 	 -173.427760000 	 0.500667000 
1590362 	 -173.427760000 	 0.500667000 
1590591 	 -173.427760000 	 0.500667000 
1590834 	 -173.427760000 	 0.500667000 
1591085 	 -173.427760000 	 0.500667000 
1591330 	 -173.427760000 	 0.500667000 
1591566 	 -173.427760000 	 0.500667000 
1591829 	 -173.427760000 	 0.500667000 
1592067 	 -173.427760000 	 0.500667000 
1592315 	 -173.427760000 	 0.500667000 
1592531 	 -173.427760000 	 0.500667000 
1592726 	 -173.427760000 	 0.500667000 
1592928 	 -173.427760000 	 0.500667000 
1593115 	 -173.427760000 	 0.500667000 
1593314 	 -173.427760000 	 0.500667000 
1593516 	 -173.427760000 	 0.500667000 
1593714 	 -173.427760000 	 0.500667000 
1593913 	 -173.427760000 	 0.500667000 
1594113 	 -173.427760000 	 0.500667000 
1594314 	 -173.427760000 	 0.500667000 
1594550 	 -173.427760000 	 0.500667000 
1594797 	 -173.427760000 	 0.500667000 
1595032 	 -173.427760000 	 0.500667000 
1595296 	 -173.427760000 	 0.500667000 
1595546 	 -173.427760000 	 0.500667000 
1595783 	 -173.427760000 	 0.500667000 
1596023 	 -173.427760000 	 0.500667000 
1596283 	 -173.427760000 	 0.500667000 
1596512 	 -173.427760000 	 0.500667000 
1596754 	 -173.427760000 	 0.500667000 
1596936 	 -173.427760000 	 0.500667000 
1597127 	 -173.427760000 	 0.500667000 
1597322 	 -173.427760000 	 0.500667000 
1597499 	 -173.427760000 	 0.500667000 
1597672 	 -173.427760000 	 0.500667000 
1597851 	 -173.427760000 	 0.500667000 
1598032 	 -173.427760000 	 0.500667000 
1598216 	 -173.427760000 	 0.500667000 
1598401 	 -173.427760000 	 0.500667000 
1598588 	 -173.427760000 	 0.500667000 
1598828 	 -173.427760000 	 0.500667000 
1599058 	 -173.427760000 	 0.500667000 
1599284 	 -173.427760000 	 0.500667000 
1599525 	 -173.427760000 	 0.500667000 
1599759 	 -173.427760000 	 0.500667000 
1600006 	 -173.427760000 	 0.500667000 
1600227 	 -173.427760000 	 0.500667000 
1600469 	 -173.427760000 	 0.500667000 
1600712 	 -173.427760000 	 0.500667000 
1600939 	 -173.427760000 	 0.500667000 
1601144 	 -173.427760000 	 0.500667000 
1601338 	 -173.427760000 	 0.500667000 
1601545 	 -173.427760000 	 0.500667000 
1601746 	 -173.427760000 	 0.500667000 
1601943 	 -173.427760000 	 0.500667000 
1602131 	 -173.427760000 	 0.500667000 
1602326 	 -173.427760000 	 0.500667000 
1602525 	 -173.427760000 	 0.500667000 
1602709 	 -173.427760000 	 0.500667000 
1602903 	 -173.427760000 	 0.500667000 
1603128 	 -173.427760000 	 0.500667000 
1603348 	 -173.427760000 	 0.500667000 
1603584 	 -173.427760000 	 0.500667000 
1603816 	 -173.427760000 	 0.500667000 
1604049 	 -173.427760000 	 0.500667000 
1604295 	 -173.427760000 	 0.500667000 
1604501 	 -173.427760000 	 0.500667000 
1604729 	 -173.427760000 	 0.500667000 
1604954 	 -173.427760000 	 0.500667000 
1605191 	 -173.427760000 	 0.500667000 
1605409 	 -173.427760000 	 0.500667000 
1605607 	 -173.427760000 	 0.500667000 
1605819 	 -173.427760000 	 0.500667000 
1606035 	 -173.427760000 	 0.500667000 
1606247 	 -173.427760000 	 0.500667000 
1606467 	 -173.427760000 	 0.500667000 
1606668 	 -173.427760000 	 0.500667000 
1606881 	 -173.427760000 	 0.500667000 
1607099 	 -173.427760000 	 0.500667000 
1607297 	 -173.427760000 	 0.500667000 
1607539 	 -173.427760000 	 0.500667000 
1607769 	 -173.427760000 	 0.500667000 
1607995 	 -173.427760000 	 0.500667000 
1608229 	 -173.427760000 	 0.500667000 
1608444 	 -173.427760000 	 0.500667000 
1608661 	 -173.427760000 	 0.500667000 
1608879 	 -173.427760000 	 0.500667000 
1609099 	 -173.427760000 	 0.500667000 
1609319 	 -173.427760000 	 0.500667000 
1609535 	 -173.427760000 	 0.500667000 
1609757 	 -173.427760000 	 0.500667000 
1609953 	 -173.427760000 	 0.500667000 
1610144 	 -173.427760000 	 0.500667000 
1610351 	 -173.427760000 	 0.500667000 
1610548 	 -173.427760000 	 0.500667000 
1610744 	 -173.427760000 	 0.500667000 
1610943 	 -173.427760000 	 0.500667000 
1611155 	 -173.427760000 	 0.500667000 
1611370 	 -173.427760000 	 0.500667000 
1611575 	 -173.427760000 	 0.500667000 
1611804 	 -173.427760000 	 0.500667000 
1612024 	 -173.427760000 	 0.500667000 
1612228 	 -173.427760000 	 0.500667000 
1612439 	 -173.427760000 	 0.500667000 
1612658 	 -173.427760000 	 0.500667000 
1612884 	 -173.427760000 	 0.500667000 
1613121 	 -173.427760000 	 0.500667000 
1613348 	 -173.427760000 	 0.500667000 
1613580 	 -173.427760000 	 0.500667000 
1613787 	 -173.427760000 	 0.500667000 
1614027 	 -173.427760000 	 0.500667000 
1614256 	 -173.427760000 	 0.500667000 
1614487 	 -173.427760000 	 0.500667000 
1614715 	 -173.427760000 	 0.500667000 
1614932 	 -173.427760000 	 0.500667000 
1615174 	 -173.427760000 	 0.500667000 
1615399 	 -173.427760000 	 0.500667000 
1615610 	 -173.427760000 	 0.500667000 
1615820 	 -173.427760000 	 0.500667000 
1616031 	 -173.427760000 	 0.500667000 
1616233 	 -173.427760000 	 0.500667000 
1616441 	 -173.427760000 	 0.500667000 
1616647 	 -173.427760000 	 0.500667000 
1616869 	 -173.427760000 	 0.500667000 
1617112 	 -173.427760000 	 0.500667000 
1617323 	 -173.427760000 	 0.500667000 
1617540 	 -173.427760000 	 0.500667000 
1617766 	 -173.427760000 	 0.500667000 
1617986 	 -173.427760000 	 0.500667000 
1618199 	 -173.427760000 	 0.500667000 
1618430 	 -173.427760000 	 0.500667000 
1618669 	 -173.427760000 	 0.500667000 
1618900 	 -173.427760000 	 0.500667000 
1619132 	 -173.427760000 	 0.500667000 
1619342 	 -173.427760000 	 0.500667000 
1619575 	 -173.427760000 	 0.500667000 
1619798 	 -173.427760000 	 0.500667000 
1620008 	 -173.427760000 	 0.500667000 
1620245 	 -173.427760000 	 0.500667000 
1620453 	 -173.427760000 	 0.500667000 
1620653 	 -173.427760000 	 0.500667000 
1620865 	 -173.427760000 	 0.500667000 
1621075 	 -173.427760000 	 0.500667000 
1621276 	 -173.427760000 	 0.500667000 
1621487 	 -173.427760000 	 0.500667000 
1621685 	 -173.427760000 	 0.500667000 
1621898 	 -173.427760000 	 0.500667000 
1622106 	 -173.427760000 	 0.500667000 
1622322 	 -173.427760000 	 0.500667000 
1622547 	 -173.427760000 	 0.500667000 
1622772 	 -173.427760000 	 0.500667000 
1623000 	 -173.427760000 	 0.500667000 
1623213 	 -173.427760000 	 0.500667000 
1623439 	 -173.427760000 	 0.500667000 
1623651 	 -173.427760000 	 0.500667000 
1623865 	 -173.427760000 	 0.500667000 
1624081 	 -173.427760000 	 0.500667000 
1624303 	 -173.427760000 	 0.500667000 
1624525 	 -173.427760000 	 0.500667000 
1624746 	 -173.427760000 	 0.500667000 
1624949 	 -173.427760000 	 0.500667000 
1625150 	 -173.427760000 	 0.500667000 
1625354 	 -173.427760000 	 0.500667000 
1625567 	 -173.427760000 	 0.500667000 
1625771 	 -173.427760000 	 0.500667000 
1625996 	 -173.427760000 	 0.500667000 
1626207 	 -173.427760000 	 0.500667000 
1626401 	 -173.427760000 	 0.500667000 
1626617 	 -173.427760000 	 0.500667000 
1626822 	 -173.427760000 	 0.500667000 
1627045 	 -173.427760000 	 0.500667000 
1627262 	 -173.427760000 	 0.500667000 
1627483 	 -173.427760000 	 0.500667000 
1627714 	 -173.427760000 	 0.500667000 
1627937 	 -173.427760000 	 0.500667000 
1628154 	 -173.427760000 	 0.500667000 
1628381 	 -173.427760000 	 0.500667000 
1628619 	 -173.427760000 	 0.500667000 
1628868 	 -173.427760000 	 0.500667000 
1629101 	 -173.427760000 	 0.500667000 
1629304 	 -173.427760000 	 0.500667000 
1629493 	 -173.427760000 	 0.500667000 
1629704 	 -173.427760000 	 0.500667000 
1629903 	 -173.427760000 	 0.500667000 
1630105 	 -173.427760000 	 0.500667000 
1630292 	 -173.427760000 	 0.500667000 
1630498 	 -173.427760000 	 0.500667000 
1630689 	 -173.427760000 	 0.500667000 
1630892 	 -173.427760000 	 0.500667000 
1631105 	 -173.427760000 	 0.500667000 
1631341 	 -173.427760000 	 0.500667000 
1631559 	 -173.427760000 	 0.500667000 
1631801 	 -173.427760000 	 0.500667000 
1632011 	 -173.427760000 	 0.500667000 
1632242 	 -173.427760000 	 0.500667000 
1632469 	 -173.427760000 	 0.500667000 
1632708 	 -173.427760000 	 0.500667000 
1632948 	 -173.427760000 	 0.500667000 
1633182 	 -173.427760000 	 0.500667000 
1633425 	 -173.427760000 	 0.500667000 
1633646 	 -173.427760000 	 0.500667000 
1633852 	 -173.427760000 	 0.500667000 
1634089 	 -173.427760000 	 0.500667000 
1634312 	 -173.427760000 	 0.500667000 
1634523 	 -173.427760000 	 0.500667000 
1634716 	 -173.427760000 	 0.500667000 
1634923 	 -173.427760000 	 0.500667000 
1635129 	 -173.427760000 	 0.500667000 
1635340 	 -173.427760000 	 0.500667000 
1635545 	 -173.427760000 	 0.500667000 
1635759 	 -173.427760000 	 0.500667000 
1635985 	 -173.427760000 	 0.500667000 
1636221 	 -173.427760000 	 0.500667000 
1636433 	 -173.427760000 	 0.500667000 
1636655 	 -173.427760000 	 0.500667000 
1636887 	 -173.427760000 	 0.500667000 
1637121 	 -173.427760000 	 0.500667000 
1637358 	 -173.427760000 	 0.500667000 
1637583 	 -173.427760000 	 0.500667000 
1637815 	 -173.427760000 	 0.500667000 
1638011 	 -173.427760000 	 0.500667000 
1638212 	 -173.427760000 	 0.500667000 
1638407 	 -173.427760000 	 0.500667000 
1638595 	 -173.427760000 	 0.500667000 
1638794 	 -173.427760000 	 0.500667000 
1638977 	 -173.427760000 	 0.500667000 
1639171 	 -173.427760000 	 0.500667000 
1639374 	 -173.427760000 	 0.500667000 
1639575 	 -173.427760000 	 0.500667000 
1639776 	 -173.427760000 	 0.500667000 
1639999 	 -173.427760000 	 0.500667000 
1640218 	 -173.427760000 	 0.500667000 
1640459 	 -173.427760000 	 0.500667000 
1640699 	 -173.427760000 	 0.500667000 
1640942 	 -173.427760000 	 0.500667000 
1641171 	 -173.427760000 	 0.500667000 
1641412 	 -173.427760000 	 0.500667000 
1641654 	 -173.427760000 	 0.500667000 
1641880 	 -173.427760000 	 0.500667000 
1642112 	 -173.427760000 	 0.500667000 
1642316 	 -173.427760000 	 0.500667000 
1642515 	 -173.427760000 	 0.500667000 
1642711 	 -173.427760000 	 0.500667000 
1642916 	 -173.427760000 	 0.500667000 
1643120 	 -173.427760000 	 0.500667000 
1643315 	 -173.427760000 	 0.500667000 
1643512 	 -173.427760000 	 0.500667000 
1643702 	 -173.427760000 	 0.500667000 
1643902 	 -173.427760000 	 0.500667000 
1644088 	 -173.427760000 	 0.500667000 
1644318 	 -173.427760000 	 0.500667000 
1644561 	 -173.427760000 	 0.500667000 
1644782 	 -173.427760000 	 0.500667000 
1645003 	 -173.427760000 	 0.500667000 
1645223 	 -173.427760000 	 0.500667000 
1645437 	 -173.427760000 	 0.500667000 
1645660 	 -173.427760000 	 0.500667000 
1645889 	 -173.427760000 	 0.500667000 
1646111 	 -173.427760000 	 0.500667000 
1646351 	 -173.427760000 	 0.500667000 
1646558 	 -173.427760000 	 0.500667000 
1646757 	 -173.427760000 	 0.500667000 
1646960 	 -173.427760000 	 0.500667000 
1647156 	 -173.427760000 	 0.500667000 
1647358 	 -173.427760000 	 0.500667000 
1647556 	 -173.427760000 	 0.500667000 
1647753 	 -173.427760000 	 0.500667000 
1647957 	 -173.427760000 	 0.500667000 
1648155 	 -173.427760000 	 0.500667000 
1648359 	 -173.427760000 	 0.500667000 
1648579 	 -173.427760000 	 0.500667000 
1648801 	 -173.427760000 	 0.500667000 
1649025 	 -173.427760000 	 0.500667000 
1649245 	 -173.427760000 	 0.500667000 
1649455 	 -173.427760000 	 0.500667000 
1649690 	 -173.427760000 	 0.500667000 
1649915 	 -173.427760000 	 0.500667000 
1650149 	 -173.427760000 	 0.500667000 
1650372 	 -173.427760000 	 0.500667000 
1650594 	 -173.427760000 	 0.500667000 
1650821 	 -173.427760000 	 0.500667000 
1651019 	 -173.427760000 	 0.500667000 
1651233 	 -173.427760000 	 0.500667000 
1651468 	 -173.427760000 	 0.500667000 
1651678 	 -173.427760000 	 0.500667000 
1651891 	 -173.427760000 	 0.500667000 
1652105 	 -173.427760000 	 0.500667000 
1652323 	 -173.427760000 	 0.500667000 
1652554 	 -173.427760000 	 0.500667000 
1652770 	 -173.427760000 	 0.500667000 
1652990 	 -173.427760000 	 0.500667000 
1653218 	 -173.427760000 	 0.500667000 
1653440 	 -173.427760000 	 0.500667000 
1653664 	 -173.427760000 	 0.500667000 
1653882 	 -173.427760000 	 0.500667000 
1654096 	 -173.427760000 	 0.500667000 
1654336 	 -173.427760000 	 0.500667000 
1654567 	 -173.427760000 	 0.500667000 
1654785 	 -173.427760000 	 0.500667000 
1655015 	 -173.427760000 	 0.500667000 
1655216 	 -173.427760000 	 0.500667000 
1655433 	 -173.427760000 	 0.500667000 
1655631 	 -173.427760000 	 0.500667000 
1655836 	 -173.427760000 	 0.500667000 
1656045 	 -173.427760000 	 0.500667000 
1656242 	 -173.427760000 	 0.500667000 
1656450 	 -173.427760000 	 0.500667000 
1656662 	 -173.427760000 	 0.500667000 
1656867 	 -173.427760000 	 0.500667000 
1657087 	 -173.427760000 	 0.500667000 
1657305 	 -173.427760000 	 0.500667000 
1657527 	 -173.427760000 	 0.500667000 
1657758 	 -173.427760000 	 0.500667000 
1657966 	 -173.427760000 	 0.500667000 
1658173 	 -173.427760000 	 0.500667000 
1658389 	 -173.427760000 	 0.500667000 
1658601 	 -173.427760000 	 0.500667000 
1658824 	 -173.427760000 	 0.500667000 
1659053 	 -173.427760000 	 0.500667000 
1659273 	 -173.427760000 	 0.500667000 
1659486 	 -173.427760000 	 0.500667000 
1659698 	 -173.427760000 	 0.500667000 
1659914 	 -173.427760000 	 0.500667000 
1660126 	 -173.427760000 	 0.500667000 
1660349 	 -173.427760000 	 0.500667000 
1660567 	 -173.427760000 	 0.500667000 
1660767 	 -173.427760000 	 0.500667000 
1660981 	 -173.427760000 	 0.500667000 
1661198 	 -173.427760000 	 0.500667000 
1661427 	 -173.427760000 	 0.500667000 
1661634 	 -173.427760000 	 0.500667000 
1661850 	 -173.427760000 	 0.500667000 
1662062 	 -173.427760000 	 0.500667000 
1662271 	 -173.427760000 	 0.500667000 
1662482 	 -173.427760000 	 0.500667000 
1662694 	 -173.427760000 	 0.500667000 
1662899 	 -173.427760000 	 0.500667000 
1663097 	 -173.427760000 	 0.500667000 
1663306 	 -173.427760000 	 0.500667000 
1663509 	 -173.427760000 	 0.500667000 
1663725 	 -173.427760000 	 0.500667000 
1663942 	 -173.427760000 	 0.500667000 
1664164 	 -173.427760000 	 0.500667000 
1664393 	 -173.427760000 	 0.500667000 
1664612 	 -173.427760000 	 0.500667000 
1664838 	 -173.427760000 	 0.500667000 
1665059 	 -173.427760000 	 0.500667000 
1665271 	 -173.427760000 	 0.500667000 
1665488 	 -173.427760000 	 0.500667000 
1665706 	 -173.427760000 	 0.500667000 
1665913 	 -173.427760000 	 0.500667000 
1666115 	 -173.427760000 	 0.500667000 
1666326 	 -173.427760000 	 0.500667000 
1666527 	 -173.427760000 	 0.500667000 
1666731 	 -173.427760000 	 0.500667000 
1666914 	 -173.427760000 	 0.500667000 
1667120 	 -173.427760000 	 0.500667000 
1667322 	 -173.427760000 	 0.500667000 
1667519 	 -173.427760000 	 0.500667000 
1667714 	 -173.427760000 	 0.500667000 
1667954 	 -173.427760000 	 0.500667000 
1668186 	 -173.427760000 	 0.500667000 
1668430 	 -173.427760000 	 0.500667000 
1668681 	 -173.427760000 	 0.500667000 
1668909 	 -173.427760000 	 0.500667000 
1669147 	 -173.427760000 	 0.500667000 
1669364 	 -173.427760000 	 0.500667000 
1669594 	 -173.427760000 	 0.500667000 
1669819 	 -173.427760000 	 0.500667000 
1670069 	 -173.427760000 	 0.500667000 
1670264 	 -173.427760000 	 0.500667000 
1670467 	 -173.427760000 	 0.500667000 
1670664 	 -173.427760000 	 0.500667000 
1670863 	 -173.427760000 	 0.500667000 
1671070 	 -173.427760000 	 0.500667000 
1671290 	 -173.427760000 	 0.500667000 
1671503 	 -173.427760000 	 0.500667000 
1671728 	 -173.427760000 	 0.500667000 
1671928 	 -173.427760000 	 0.500667000 
1672135 	 -173.427760000 	 0.500667000 
1672376 	 -173.427760000 	 0.500667000 
1672621 	 -173.427760000 	 0.500667000 
1672856 	 -173.427760000 	 0.500667000 
1673104 	 -173.427760000 	 0.500667000 
1673329 	 -173.427760000 	 0.500667000 
1673574 	 -173.427760000 	 0.500667000 
1673817 	 -173.427760000 	 0.500667000 
1674037 	 -173.427760000 	 0.500667000 
1674269 	 -173.427760000 	 0.500667000 
1674508 	 -173.427760000 	 0.500667000 
1674712 	 -173.427760000 	 0.500667000 
1674915 	 -173.427760000 	 0.500667000 
1675106 	 -173.427760000 	 0.500667000 
1675314 	 -173.427760000 	 0.500667000 
1675507 	 -173.427760000 	 0.500667000 
1675715 	 -173.427760000 	 0.500667000 
1675911 	 -173.427760000 	 0.500667000 
1676105 	 -173.427760000 	 0.500667000 
1676295 	 -173.427760000 	 0.500667000 
1676487 	 -173.427760000 	 0.500667000 
1676717 	 -173.427760000 	 0.500667000 
1676934 	 -173.427760000 	 0.500667000 
1677150 	 -173.427760000 	 0.500667000 
1677373 	 -173.427760000 	 0.500667000 
1677597 	 -173.427760000 	 0.500667000 
1677827 	 -173.427760000 	 0.500667000 
1678048 	 -173.427760000 	 0.500667000 
1678274 	 -173.427760000 	 0.500667000 
1678524 	 -173.427760000 	 0.500667000 
1678767 	 -173.427760000 	 0.500667000 
1678984 	 -173.427760000 	 0.500667000 
1679199 	 -173.427760000 	 0.500667000 
1679401 	 -173.427760000 	 0.500667000 
1679588 	 -173.427760000 	 0.500667000 
1679786 	 -173.427760000 	 0.500667000 
1679990 	 -173.427760000 	 0.500667000 
1680196 	 -173.427760000 	 0.500667000 
1680397 	 -173.427760000 	 0.500667000 
1680591 	 -173.427760000 	 0.500667000 
1680799 	 -173.427760000 	 0.500667000 
1681045 	 -173.427760000 	 0.500667000 
1681301 	 -173.427760000 	 0.500667000 
1681550 	 -173.427760000 	 0.500667000 
1681785 	 -173.427760000 	 0.500667000 
1682035 	 -173.427760000 	 0.500667000 
1682270 	 -173.427760000 	 0.500667000 
1682535 	 -173.427760000 	 0.500667000 
1682766 	 -173.427760000 	 0.500667000 
1682996 	 -173.427760000 	 0.500667000 
1683207 	 -173.427760000 	 0.500667000 
1683420 	 -173.427760000 	 0.500667000 
1683625 	 -173.427760000 	 0.500667000 
1683813 	 -173.427760000 	 0.500667000 
1684012 	 -173.427760000 	 0.500667000 
1684215 	 -173.427760000 	 0.500667000 
1684411 	 -173.427760000 	 0.500667000 
1684611 	 -173.427760000 	 0.500667000 
1684827 	 -173.427760000 	 0.500667000 
1685039 	 -173.427760000 	 0.500667000 
1685236 	 -173.427760000 	 0.500667000 
1685474 	 -173.427760000 	 0.500667000 
1685700 	 -173.427760000 	 0.500667000 
1685942 	 -173.427760000 	 0.500667000 
1686163 	 -173.427760000 	 0.500667000 
1686424 	 -173.427760000 	 0.500667000 
1686648 	 -173.427760000 	 0.500667000 
1686891 	 -173.427760000 	 0.500667000 
1687128 	 -173.427760000 	 0.500667000 
1687359 	 -173.427760000 	 0.500667000 
1687574 	 -173.427760000 	 0.500667000 
1687764 	 -173.427760000 	 0.500667000 
1687961 	 -173.427760000 	 0.500667000 
1688141 	 -173.427760000 	 0.500667000 
1688330 	 -173.427760000 	 0.500667000 
1688516 	 -173.427760000 	 0.500667000 
1688720 	 -173.427760000 	 0.500667000 
1688906 	 -173.427760000 	 0.500667000 
1689100 	 -173.427760000 	 0.500667000 
1689292 	 -173.427760000 	 0.500667000 
1689478 	 -173.427760000 	 0.500667000 
1689706 	 -173.427760000 	 0.500667000 
1689929 	 -173.427760000 	 0.500667000 
1690161 	 -173.427760000 	 0.500667000 
1690395 	 -173.427760000 	 0.500667000 
1690613 	 -173.427760000 	 0.500667000 
1690852 	 -173.427760000 	 0.500667000 
1691075 	 -173.427760000 	 0.500667000 
1691300 	 -173.427760000 	 0.500667000 
1691515 	 -173.427760000 	 0.500667000 
1691738 	 -173.427760000 	 0.500667000 
1691964 	 -173.427760000 	 0.500667000 
1692186 	 -173.427760000 	 0.500667000 
1692401 	 -173.427760000 	 0.500667000 
1692616 	 -173.427760000 	 0.500667000 
1692832 	 -173.427760000 	 0.500667000 
1693042 	 -173.427760000 	 0.500667000 
1693266 	 -173.427760000 	 0.500667000 
1693500 	 -173.427760000 	 0.500667000 
1693726 	 -173.427760000 	 0.500667000 
1693946 	 -173.427760000 	 0.500667000 
1694176 	 -173.427760000 	 0.500667000 
1694406 	 -173.427760000 	 0.500667000 
1694623 	 -173.427760000 	 0.500667000 
1694860 	 -173.427760000 	 0.500667000 
1695093 	 -173.427760000 	 0.500667000 
1695317 	 -173.427760000 	 0.500667000 
1695567 	 -173.427760000 	 0.500667000 
1695797 	 -173.427760000 	 0.500667000 
1696025 	 -173.427760000 	 0.500667000 
1696241 	 -173.427760000 	 0.500667000 
1696452 	 -173.427760000 	 0.500667000 
1696664 	 -173.427760000 	 0.500667000 
1696866 	 -173.427760000 	 0.500667000 
1697073 	 -173.427760000 	 0.500667000 
1697280 	 -173.427760000 	 0.500667000 
1697484 	 -173.427760000 	 0.500667000 
1697702 	 -173.427760000 	 0.500667000 
1697916 	 -173.427760000 	 0.500667000 
1698131 	 -173.427760000 	 0.500667000 
1698331 	 -173.427760000 	 0.500667000 
1698535 	 -173.427760000 	 0.500667000 
1698740 	 -173.427760000 	 0.500667000 
1698944 	 -173.427760000 	 0.500667000 
1699156 	 -173.427760000 	 0.500667000 
1699387 	 -173.427760000 	 0.500667000 
1699593 	 -173.427760000 	 0.500667000 
1699807 	 -173.427760000 	 0.500667000 
1700016 	 -173.427760000 	 0.500667000 
1700227 	 -173.427760000 	 0.500667000 
1700439 	 -173.427760000 	 0.500667000 
1700694 	 -173.427760000 	 0.500667000 
1700936 	 -173.427760000 	 0.500667000 
1701165 	 -173.427760000 	 0.500667000 
1701389 	 -173.427760000 	 0.500667000 
1701621 	 -173.427760000 	 0.500667000 
1701863 	 -173.427760000 	 0.500667000 
1702105 	 -173.427760000 	 0.500667000 
1702355 	 -173.427760000 	 0.500667000 
1702593 	 -173.427760000 	 0.500667000 
1702830 	 -173.427760000 	 0.500667000 
1703041 	 -173.427760000 	 0.500667000 
1703248 	 -173.427760000 	 0.500667000 
1703441 	 -173.427760000 	 0.500667000 
1703652 	 -173.427760000 	 0.500667000 
1703873 	 -173.427760000 	 0.500667000 
1704078 	 -173.427760000 	 0.500667000 
1704280 	 -173.427760000 	 0.500667000 
1704494 	 -173.427760000 	 0.500667000 
1704699 	 -173.427760000 	 0.500667000 
1704903 	 -173.427760000 	 0.500667000 
1705153 	 -173.427760000 	 0.500667000 
1705396 	 -173.427760000 	 0.500667000 
1705639 	 -173.427760000 	 0.500667000 
1705877 	 -173.427760000 	 0.500667000 
1706104 	 -173.427760000 	 0.500667000 
1706340 	 -173.427760000 	 0.500667000 
1706577 	 -173.427760000 	 0.500667000 
1706808 	 -173.427760000 	 0.500667000 
1707044 	 -173.427760000 	 0.500667000 
1707284 	 -173.427760000 	 0.500667000 
1707501 	 -173.427760000 	 0.500667000 
1707717 	 -173.427760000 	 0.500667000 
1707933 	 -173.427760000 	 0.500667000 
1708151 	 -173.427760000 	 0.500667000 
1708353 	 -173.427760000 	 0.500667000 
1708545 	 -173.427760000 	 0.500667000 
1708753 	 -173.427760000 	 0.500667000 
1708952 	 -173.427760000 	 0.500667000 
1709173 	 -173.427760000 	 0.500667000 
1709366 	 -173.427760000 	 0.500667000 
1709607 	 -173.427760000 	 0.500667000 
1709829 	 -173.427760000 	 0.500667000 
1710063 	 -173.427760000 	 0.500667000 
1710299 	 -173.427760000 	 0.500667000 
1710518 	 -173.427760000 	 0.500667000 
1710748 	 -173.427760000 	 0.500667000 
1710982 	 -173.427760000 	 0.500667000 
1711203 	 -173.427760000 	 0.500667000 
1711416 	 -173.427760000 	 0.500667000 
1711637 	 -173.427760000 	 0.500667000 
1711836 	 -173.427760000 	 0.500667000 
1712024 	 -173.427760000 	 0.500667000 
1712235 	 -173.427760000 	 0.500667000 
1712436 	 -173.427760000 	 0.500667000 
1712653 	 -173.427760000 	 0.500667000 
1712865 	 -173.427760000 	 0.500667000 
1713081 	 -173.427760000 	 0.500667000 
1713287 	 -173.427760000 	 0.500667000 
1713493 	 -173.427760000 	 0.500667000 
1713689 	 -173.427760000 	 0.500667000 
1713927 	 -173.427760000 	 0.500667000 
1714161 	 -173.427760000 	 0.500667000 
1714383 	 -173.427760000 	 0.500667000 
1714607 	 -173.427760000 	 0.500667000 
1714837 	 -173.427760000 	 0.500667000 
1715061 	 -173.427760000 	 0.500667000 
1715290 	 -173.427760000 	 0.500667000 
1715517 	 -173.427760000 	 0.500667000 
1715750 	 -173.427760000 	 0.500667000 
1715978 	 -173.427760000 	 0.500667000 
1716162 	 -173.427760000 	 0.500667000 
1716371 	 -173.427760000 	 0.500667000 
1716578 	 -173.427760000 	 0.500667000 
1716773 	 -173.427760000 	 0.500667000 
1716963 	 -173.427760000 	 0.500667000 
1717161 	 -173.427760000 	 0.500667000 
1717358 	 -173.427760000 	 0.500667000 
1717551 	 -173.427760000 	 0.500667000 
1717748 	 -173.427760000 	 0.500667000 
1717951 	 -173.427760000 	 0.500667000 
1718195 	 -173.427760000 	 0.500667000 
1718434 	 -173.427760000 	 0.500667000 
1718683 	 -173.427760000 	 0.500667000 
1718911 	 -173.427760000 	 0.500667000 
1719148 	 -173.427760000 	 0.500667000 
1719384 	 -173.427760000 	 0.500667000 
1719646 	 -173.427760000 	 0.500667000 
1719885 	 -173.427760000 	 0.500667000 
1720134 	 -173.427760000 	 0.500667000 
1720380 	 -173.427760000 	 0.500667000 
1720585 	 -173.427760000 	 0.500667000 
1720792 	 -173.427760000 	 0.500667000 
1720979 	 -173.427760000 	 0.500667000 
1721173 	 -173.427760000 	 0.500667000 
1721357 	 -173.427760000 	 0.500667000 
1721559 	 -173.427760000 	 0.500667000 
1721734 	 -173.427760000 	 0.500667000 
1721916 	 -173.427760000 	 0.500667000 
1722112 	 -173.427760000 	 0.500667000 
1722315 	 -173.427760000 	 0.500667000 
1722538 	 -173.427760000 	 0.500667000 
1722786 	 -173.427760000 	 0.500667000 
1723037 	 -173.427760000 	 0.500667000 
1723272 	 -173.427760000 	 0.500667000 
1723497 	 -173.427760000 	 0.500667000 
1723752 	 -173.427760000 	 0.500667000 
1724020 	 -173.427760000 	 0.500667000 
1724263 	 -173.427760000 	 0.500667000 
1724518 	 -173.427760000 	 0.500667000 
1724762 	 -173.427760000 	 0.500667000 
1724952 	 -173.427760000 	 0.500667000 
1725143 	 -173.427760000 	 0.500667000 
1725329 	 -173.427760000 	 0.500667000 
1725505 	 -173.427760000 	 0.500667000 
1725712 	 -173.427760000 	 0.500667000 
1725899 	 -173.427760000 	 0.500667000 
1726075 	 -173.427760000 	 0.500667000 
1726246 	 -173.427760000 	 0.500667000 
1726442 	 -173.427760000 	 0.500667000 
1726652 	 -173.427760000 	 0.500667000 
1726898 	 -173.427760000 	 0.500667000 
1727147 	 -173.427760000 	 0.500667000 
1727378 	 -173.427760000 	 0.500667000 
1727608 	 -173.427760000 	 0.500667000 
1727841 	 -173.427760000 	 0.500667000 
1728082 	 -173.427760000 	 0.500667000 
1728312 	 -173.427760000 	 0.500667000 
1728561 	 -173.427760000 	 0.500667000 
1728794 	 -173.427760000 	 0.500667000 
1729039 	 -173.427760000 	 0.500667000 
1729229 	 -173.427760000 	 0.500667000 
1729420 	 -173.427760000 	 0.500667000 
1729614 	 -173.427760000 	 0.500667000 
1729793 	 -173.427760000 	 0.500667000 
1729975 	 -173.427760000 	 0.500667000 
1730159 	 -173.427760000 	 0.500667000 
1730354 	 -173.427760000 	 0.500667000 
1730528 	 -173.427760000 	 0.500667000 
1730727 	 -173.427760000 	 0.500667000 
1730910 	 -173.427760000 	 0.500667000 
1731149 	 -173.427760000 	 0.500667000 
1731391 	 -173.427760000 	 0.500667000 
1731605 	 -173.427760000 	 0.500667000 
1731835 	 -173.427760000 	 0.500667000 
1732062 	 -173.427760000 	 0.500667000 
1732287 	 -173.427760000 	 0.500667000 
1732518 	 -173.427760000 	 0.500667000 
1732744 	 -173.427760000 	 0.500667000 
1732982 	 -173.427760000 	 0.500667000 
1733211 	 -173.427760000 	 0.500667000 
1733402 	 -173.427760000 	 0.500667000 
1733599 	 -173.427760000 	 0.500667000 
1733799 	 -173.427760000 	 0.500667000 
1733990 	 -173.427760000 	 0.500667000 
1734198 	 -173.427760000 	 0.500667000 
1734389 	 -173.427760000 	 0.500667000 
1734616 	 -173.427760000 	 0.500667000 
1734827 	 -173.427760000 	 0.500667000 
1735027 	 -173.427760000 	 0.500667000 
1735220 	 -173.427760000 	 0.500667000 
1735450 	 -173.427760000 	 0.500667000 
1735686 	 -173.427760000 	 0.500667000 
1735903 	 -173.427760000 	 0.500667000 
1736150 	 -173.427760000 	 0.500667000 
1736363 	 -173.427760000 	 0.500667000 
1736588 	 -173.427760000 	 0.500667000 
1736838 	 -173.427760000 	 0.500667000 
1737052 	 -173.427760000 	 0.500667000 
1737276 	 -173.427760000 	 0.500667000 
1737505 	 -173.427760000 	 0.500667000 
1737709 	 -173.427760000 	 0.500667000 
1737920 	 -173.427760000 	 0.500667000 
1738132 	 -173.427760000 	 0.500667000 
1738330 	 -173.427760000 	 0.500667000 
1738541 	 -173.427760000 	 0.500667000 
1738743 	 -173.427760000 	 0.500667000 
1738957 	 -173.427760000 	 0.500667000 
1739153 	 -173.427760000 	 0.500667000 
1739367 	 -173.427760000 	 0.500667000 
1739573 	 -173.427760000 	 0.500667000 
1739794 	 -173.427760000 	 0.500667000 
1740027 	 -173.427760000 	 0.500667000 
1740254 	 -173.427760000 	 0.500667000 
1740477 	 -173.427760000 	 0.500667000 
1740688 	 -173.427760000 	 0.500667000 
1740904 	 -173.427760000 	 0.500667000 
1741136 	 -173.427760000 	 0.500667000 
1741361 	 -173.427760000 	 0.500667000 
1741599 	 -173.427760000 	 0.500667000 
1741830 	 -173.427760000 	 0.500667000 
1742046 	 -173.427760000 	 0.500667000 
1742263 	 -173.427760000 	 0.500667000 
1742484 	 -173.427760000 	 0.500667000 
1742679 	 -173.427760000 	 0.500667000 
1742904 	 -173.427760000 	 0.500667000 
1743128 	 -173.427760000 	 0.500667000 
1743343 	 -173.427760000 	 0.500667000 
1743585 	 -173.427760000 	 0.500667000 
1743810 	 -173.427760000 	 0.500667000 
1744020 	 -173.427760000 	 0.500667000 
1744245 	 -173.427760000 	 0.500667000 
1744467 	 -173.427760000 	 0.500667000 
1744675 	 -173.427760000 	 0.500667000 
1744876 	 -173.427760000 	 0.500667000 
1745100 	 -173.427760000 	 0.500667000 
1745305 	 -173.427760000 	 0.500667000 
1745524 	 -173.427760000 	 0.500667000 
1745738 	 -173.427760000 	 0.500667000 
1745953 	 -173.427760000 	 0.500667000 
1746185 	 -173.427760000 	 0.500667000 
1746416 	 -173.427760000 	 0.500667000 
1746653 	 -173.427760000 	 0.500667000 
1746879 	 -173.427760000 	 0.500667000 
1747102 	 -173.427760000 	 0.500667000 
1747338 	 -173.427760000 	 0.500667000 
1747560 	 -173.427760000 	 0.500667000 
1747796 	 -173.427760000 	 0.500667000 
1748038 	 -173.427760000 	 0.500667000 
1748257 	 -173.427760000 	 0.500667000 
1748476 	 -173.427760000 	 0.500667000 
1748686 	 -173.427760000 	 0.500667000 
1748882 	 -173.427760000 	 0.500667000 
1749092 	 -173.427760000 	 0.500667000 
1749310 	 -173.427760000 	 0.500667000 
1749503 	 -173.427760000 	 0.500667000 
1749743 	 -173.427760000 	 0.500667000 
1749962 	 -173.427760000 	 0.500667000 
1750163 	 -173.427760000 	 0.500667000 
1750368 	 -173.427760000 	 0.500667000 
1750580 	 -173.427760000 	 0.500667000 
1750805 	 -173.427760000 	 0.500667000 
1751034 	 -173.427760000 	 0.500667000 
1751269 	 -173.427760000 	 0.500667000 
1751503 	 -173.427760000 	 0.500667000 
1751722 	 -173.427760000 	 0.500667000 
1751948 	 -173.427760000 	 0.500667000 
1752163 	 -173.427760000 	 0.500667000 
1752389 	 -173.427760000 	 0.500667000 
1752623 	 -173.427760000 	 0.500667000 
1752846 	 -173.427760000 	 0.500667000 
1753049 	 -173.427760000 	 0.500667000 
1753271 	 -173.427760000 	 0.500667000 
1753474 	 -173.427760000 	 0.500667000 
1753672 	 -173.427760000 	 0.500667000 
1753874 	 -173.427760000 	 0.500667000 
1754091 	 -173.427760000 	 0.500667000 
1754309 	 -173.427760000 	 0.500667000 
1754512 	 -173.434520000 	 0.493907000 
1754724 	 -173.434520000 	 0.493907000 
1754947 	 -173.434520000 	 0.493907000 
1755175 	 -173.434520000 	 0.493907000 
1755397 	 -173.434520000 	 0.493907000 
1755609 	 -173.434520000 	 0.493907000 
1755832 	 -173.434520000 	 0.493907000 
1756036 	 -173.434520000 	 0.493907000 
1756241 	 -173.434520000 	 0.493907000 
1756479 	 -173.434520000 	 0.493907000 
1756707 	 -173.434520000 	 0.493907000 
1756942 	 -173.434520000 	 0.493907000 
1757162 	 -173.434520000 	 0.493907000 
1757368 	 -173.434520000 	 0.493907000 
1757569 	 -173.434520000 	 0.493907000 
1757768 	 -173.434520000 	 0.493907000 
1757966 	 -173.434520000 	 0.493907000 
1758178 	 -173.434520000 	 0.493907000 
1758382 	 -173.434520000 	 0.493907000 
1758595 	 -173.434520000 	 0.493907000 
1758805 	 -173.434520000 	 0.493907000 
1759007 	 -173.434520000 	 0.493907000 
1759199 	 -173.434520000 	 0.493907000 
1759428 	 -173.434520000 	 0.493907000 
1759653 	 -173.434520000 	 0.493907000 
1759890 	 -173.434520000 	 0.493907000 
1760128 	 -173.434520000 	 0.493907000 
1760374 	 -173.434520000 	 0.493907000 
1760598 	 -173.434520000 	 0.493907000 
1760830 	 -173.434520000 	 0.493907000 
1761069 	 -173.434520000 	 0.493907000 
1761298 	 -173.434520000 	 0.493907000 
1761528 	 -173.434520000 	 0.493907000 
1761718 	 -173.434520000 	 0.493907000 
1761908 	 -173.434520000 	 0.493907000 
1762109 	 -173.434520000 	 0.493907000 
1762312 	 -173.434520000 	 0.493907000 
1762512 	 -173.434520000 	 0.493907000 
1762704 	 -173.434520000 	 0.493907000 
1762906 	 -173.434520000 	 0.493907000 
1763100 	 -173.434520000 	 0.493907000 
1763301 	 -173.434520000 	 0.493907000 
1763504 	 -173.434520000 	 0.493907000 
1763742 	 -173.434520000 	 0.493907000 
1763993 	 -173.434520000 	 0.493907000 
1764251 	 -173.434520000 	 0.493907000 
1764491 	 -173.434520000 	 0.493907000 
1764731 	 -173.434520000 	 0.493907000 
1764972 	 -173.434520000 	 0.493907000 
1765228 	 -173.434520000 	 0.493907000 
1765483 	 -173.434520000 	 0.493907000 
1765726 	 -173.434520000 	 0.493907000 
1765968 	 -173.434520000 	 0.493907000 
1766154 	 -173.434520000 	 0.493907000 
1766364 	 -173.434520000 	 0.493907000 
1766569 	 -173.434520000 	 0.493907000 
1766781 	 -173.434520000 	 0.493907000 
1766973 	 -173.434520000 	 0.493907000 
1767167 	 -173.434520000 	 0.493907000 
1767381 	 -173.434520000 	 0.493907000 
1767591 	 -173.434520000 	 0.493907000 
1767793 	 -173.434520000 	 0.493907000 
1767995 	 -173.434520000 	 0.493907000 
1768228 	 -173.434520000 	 0.493907000 
1768478 	 -173.434520000 	 0.493907000 
1768712 	 -173.434520000 	 0.493907000 
1768937 	 -173.434520000 	 0.493907000 
1769180 	 -173.434520000 	 0.493907000 
1769420 	 -173.434520000 	 0.493907000 
1769650 	 -173.434520000 	 0.493907000 
1769884 	 -173.434520000 	 0.493907000 
1770126 	 -173.434520000 	 0.493907000 
1770338 	 -173.434520000 	 0.493907000 
1770532 	 -173.434520000 	 0.493907000 
1770744 	 -173.434520000 	 0.493907000 
1770953 	 -173.434520000 	 0.493907000 
1771154 	 -173.434520000 	 0.493907000 
1771357 	 -173.434520000 	 0.493907000 
1771558 	 -173.434520000 	 0.493907000 
1771768 	 -173.434520000 	 0.493907000 
1771967 	 -173.434520000 	 0.493907000 
1772155 	 -173.434520000 	 0.493907000 
1772358 	 -173.434520000 	 0.493907000 
1772569 	 -173.434520000 	 0.493907000 
1772781 	 -173.434520000 	 0.493907000 
1772998 	 -173.441280000 	 0.487147000 
1773220 	 -173.441280000 	 0.487147000 
1773455 	 -173.441280000 	 0.487147000 
1773665 	 -173.441280000 	 0.487147000 
1773890 	 -173.441280000 	 0.487147000 
1774106 	 -173.441280000 	 0.487147000 
1774313 	 -173.441280000 	 0.487147000 
1774537 	 -173.441280000 	 0.487147000 
1774720 	 -173.441280000 	 0.487147000 
1774909 	 -173.441280000 	 0.487147000 
1775121 	 -173.441280000 	 0.487147000 
1775326 	 -173.441280000 	 0.487147000 
1775527 	 -173.441280000 	 0.487147000 
1775710 	 -173.441280000 	 0.487147000 
1775917 	 -173.441280000 	 0.487147000 
1776122 	 -173.441280000 	 0.487147000 
1776315 	 -173.441280000 	 0.487147000 
1776515 	 -173.441280000 	 0.487147000 
1776750 	 -173.441280000 	 0.487147000 
1776980 	 -173.441280000 	 0.487147000 
1777212 	 -173.441280000 	 0.487147000 
1777455 	 -173.441280000 	 0.487147000 
1777680 	 -173.441280000 	 0.487147000 
1777905 	 -173.441280000 	 0.487147000 
1778130 	 -173.441280000 	 0.487147000 
1778380 	 -173.441280000 	 0.487147000 
1778629 	 -173.441280000 	 0.487147000 
1778864 	 -173.441280000 	 0.487147000 
1779081 	 -173.441280000 	 0.487147000 
1779273 	 -173.441280000 	 0.487147000 
1779475 	 -173.441280000 	 0.487147000 
1779697 	 -173.441280000 	 0.487147000 
1779898 	 -173.441280000 	 0.487147000 
1780086 	 -173.441280000 	 0.487147000 
1780293 	 -173.441280000 	 0.487147000 
1780497 	 -173.441280000 	 0.487147000 
1780695 	 -173.441280000 	 0.487147000 
1780897 	 -173.441280000 	 0.487147000 
1781111 	 -173.441280000 	 0.487147000 
1781321 	 -173.441280000 	 0.487147000 
1781516 	 -173.441280000 	 0.487147000 
1781738 	 -173.441280000 	 0.487147000 
1781954 	 -173.441280000 	 0.487147000 
1782173 	 -173.441280000 	 0.487147000 
1782373 	 -173.441280000 	 0.487147000 
1782594 	 -173.441280000 	 0.487147000 
1782830 	 -173.441280000 	 0.487147000 
1783069 	 -173.441280000 	 0.487147000 
1783280 	 -173.441280000 	 0.487147000 
1783486 	 -173.441280000 	 0.487147000 
1783682 	 -173.441280000 	 0.487147000 
1783880 	 -173.441280000 	 0.487147000 
1784111 	 -173.441280000 	 0.487147000 
1784326 	 -173.441280000 	 0.487147000 
1784525 	 -173.441280000 	 0.487147000 
1784728 	 -173.441280000 	 0.487147000 
1784932 	 -173.441280000 	 0.487147000 
1785155 	 -173.441280000 	 0.487147000 
1785378 	 -173.441280000 	 0.487147000 
1785594 	 -173.441280000 	 0.487147000 
1785823 	 -173.441280000 	 0.487147000 
1786039 	 -173.441280000 	 0.487147000 
1786258 	 -173.441280000 	 0.487147000 
1786474 	 -173.441280000 	 0.487147000 
1786690 	 -173.441280000 	 0.487147000 
1786897 	 -173.441280000 	 0.487147000 
1787127 	 -173.441280000 	 0.487147000 
1787353 	 -173.441280000 	 0.487147000 
1787578 	 -173.441280000 	 0.487147000 
1787806 	 -173.441280000 	 0.487147000 
1788015 	 -173.441280000 	 0.487147000 
1788238 	 -173.441280000 	 0.487147000 
1788436 	 -173.441280000 	 0.487147000 
1788650 	 -173.441280000 	 0.487147000 
1788864 	 -173.441280000 	 0.487147000 
1789083 	 -173.441280000 	 0.487147000 
1789282 	 -173.441280000 	 0.487147000 
1789506 	 -173.441280000 	 0.487147000 
1789720 	 -173.441280000 	 0.487147000 
1789922 	 -173.441280000 	 0.487147000 
1790135 	 -173.441280000 	 0.487147000 
1790343 	 -173.441280000 	 0.487147000 
1790556 	 -173.441280000 	 0.487147000 
1790765 	 -173.441280000 	 0.487147000 
1790988 	 -173.441280000 	 0.487147000 
1791202 	 -173.441280000 	 0.487147000 
1791432 	 -173.441280000 	 0.487147000 
1791650 	 -173.441280000 	 0.487147000 
1791868 	 -173.441280000 	 0.487147000 
1792094 	 -173.441280000 	 0.487147000 
1792315 	 -173.441280000 	 0.487147000 
1792540 	 -173.441280000 	 0.487147000 
1792789 	 -173.441280000 	 0.487147000 
1792997 	 -173.441280000 	 0.487147000 
1793206 	 -173.441280000 	 0.487147000 
1793418 	 -173.441280000 	 0.487147000 
1793640 	 -173.441280000 	 0.487147000 
1793850 	 -173.441280000 	 0.487147000 
1794075 	 -173.441280000 	 0.487147000 
1794285 	 -173.441280000 	 0.487147000 
1794507 	 -173.441280000 	 0.487147000 
1794731 	 -173.441280000 	 0.487147000 
1794933 	 -173.441280000 	 0.487147000 
1795146 	 -173.441280000 	 0.487147000 
1795365 	 -173.441280000 	 0.487147000 
1795570 	 -173.441280000 	 0.487147000 
1795775 	 -173.441280000 	 0.487147000 
1795969 	 -173.441280000 	 0.487147000 
1796202 	 -173.441280000 	 0.487147000 
1796427 	 -173.441280000 	 0.487147000 
1796639 	 -173.441280000 	 0.487147000 
1796842 	 -173.441280000 	 0.487147000 
1797073 	 -173.441280000 	 0.487147000 
1797286 	 -173.441280000 	 0.487147000 
1797495 	 -173.441280000 	 0.487147000 
1797714 	 -173.441280000 	 0.487147000 
1797927 	 -173.441280000 	 0.487147000 
1798144 	 -173.441280000 	 0.487147000 
1798350 	 -173.441280000 	 0.487147000 
1798553 	 -173.441280000 	 0.487147000 
1798748 	 -173.441280000 	 0.487147000 
1798962 	 -173.441280000 	 0.487147000 
1799152 	 -173.441280000 	 0.487147000 
1799351 	 -173.441280000 	 0.487147000 
1799552 	 -173.441280000 	 0.487147000 
1799740 	 -173.441280000 	 0.487147000 
1799946 	 -173.441280000 	 0.487147000 
1800166 	 -173.441280000 	 0.487147000 
1800382 	 -173.441280000 	 0.487147000 
1800620 	 -173.441280000 	 0.487147000 
1800851 	 -173.441280000 	 0.487147000 
1801086 	 -173.441280000 	 0.487147000 
1801296 	 -173.441280000 	 0.487147000 
1801543 	 -173.441280000 	 0.487147000 
1801794 	 -173.441280000 	 0.487147000 
1802025 	 -173.441280000 	 0.487147000 
1802256 	 -173.441280000 	 0.487147000 
1802492 	 -173.441280000 	 0.487147000 
1802707 	 -173.441280000 	 0.487147000 
1802899 	 -173.441280000 	 0.487147000 
1803097 	 -173.441280000 	 0.487147000 
1803295 	 -173.441280000 	 0.487147000 
1803492 	 -173.441280000 	 0.487147000 
1803697 	 -173.441280000 	 0.487147000 
1803909 	 -173.441280000 	 0.487147000 
1804135 	 -173.441280000 	 0.487147000 
1804339 	 -173.441280000 	 0.487147000 
1804532 	 -173.441280000 	 0.487147000 
1804775 	 -173.441280000 	 0.487147000 
1805006 	 -173.441280000 	 0.487147000 
1805226 	 -173.441280000 	 0.487147000 
1805465 	 -173.441280000 	 0.487147000 
1805684 	 -173.441280000 	 0.487147000 
1805905 	 -173.441280000 	 0.487147000 
1806132 	 -173.441280000 	 0.487147000 
1806374 	 -173.441280000 	 0.487147000 
1806601 	 -173.441280000 	 0.487147000 
1806853 	 -173.441280000 	 0.487147000 
1807076 	 -173.441280000 	 0.487147000 
1807293 	 -173.441280000 	 0.487147000 
1807500 	 -173.441280000 	 0.487147000 
1807697 	 -173.441280000 	 0.487147000 
1807901 	 -173.441280000 	 0.487147000 
1808103 	 -173.441280000 	 0.487147000 
1808319 	 -173.441280000 	 0.487147000 
1808503 	 -173.441280000 	 0.487147000 
1808704 	 -173.441280000 	 0.487147000 
1808912 	 -173.441280000 	 0.487147000 
1809156 	 -173.441280000 	 0.487147000 
1809387 	 -173.441280000 	 0.487147000 
1809619 	 -173.441280000 	 0.487147000 
1809850 	 -173.441280000 	 0.487147000 
1810090 	 -173.441280000 	 0.487147000 
1810314 	 -173.441280000 	 0.487147000 
1810540 	 -173.441280000 	 0.487147000 
1810778 	 -173.441280000 	 0.487147000 
1811014 	 -173.441280000 	 0.487147000 
1811235 	 -173.441280000 	 0.487147000 
1811430 	 -173.441280000 	 0.487147000 
1811621 	 -173.441280000 	 0.487147000 
1811811 	 -173.441280000 	 0.487147000 
1812009 	 -173.441280000 	 0.487147000 
1812216 	 -173.441280000 	 0.487147000 
1812416 	 -173.441280000 	 0.487147000 
1812624 	 -173.441280000 	 0.487147000 
1812811 	 -173.441280000 	 0.487147000 
1813018 	 -173.441280000 	 0.487147000 
1813210 	 -173.441280000 	 0.487147000 
1813444 	 -173.441280000 	 0.487147000 
1813685 	 -173.441280000 	 0.487147000 
1813907 	 -173.441280000 	 0.487147000 
1814129 	 -173.441280000 	 0.487147000 
1814348 	 -173.441280000 	 0.487147000 
1814555 	 -173.441280000 	 0.487147000 
1814779 	 -173.441280000 	 0.487147000 
1815022 	 -173.441280000 	 0.487147000 
1815274 	 -173.441280000 	 0.487147000 
1815524 	 -173.441280000 	 0.487147000 
1815725 	 -173.441280000 	 0.487147000 
1815922 	 -173.441280000 	 0.487147000 
1816117 	 -173.441280000 	 0.487147000 
1816315 	 -173.441280000 	 0.487147000 
1816524 	 -173.441280000 	 0.487147000 
1816710 	 -173.441280000 	 0.487147000 
1816907 	 -173.441280000 	 0.487147000 
1817117 	 -173.441280000 	 0.487147000 
1817311 	 -173.441280000 	 0.487147000 
1817491 	 -173.441280000 	 0.487147000 
1817724 	 -173.441280000 	 0.487147000 
1817955 	 -173.441280000 	 0.487147000 
1818183 	 -173.441280000 	 0.487147000 
1818407 	 -173.441280000 	 0.487147000 
1818648 	 -173.441280000 	 0.487147000 
1818889 	 -173.441280000 	 0.487147000 
1819120 	 -173.441280000 	 0.487147000 
1819343 	 -173.441280000 	 0.487147000 
1819569 	 -173.441280000 	 0.487147000 
1819783 	 -173.441280000 	 0.487147000 
1819982 	 -173.441280000 	 0.487147000 
1820172 	 -173.441280000 	 0.487147000 
1820393 	 -173.441280000 	 0.487147000 
1820596 	 -173.441280000 	 0.487147000 
1820796 	 -173.441280000 	 0.487147000 
1821010 	 -173.441280000 	 0.487147000 
1821209 	 -173.441280000 	 0.487147000 
1821412 	 -173.441280000 	 0.487147000 
1821621 	 -173.441280000 	 0.487147000 
1821813 	 -173.441280000 	 0.487147000 
1822037 	 -173.441280000 	 0.487147000 
1822263 	 -173.441280000 	 0.487147000 
1822499 	 -173.441280000 	 0.487147000 
1822714 	 -173.441280000 	 0.487147000 
1822954 	 -173.441280000 	 0.487147000 
1823189 	 -173.441280000 	 0.487147000 
1823407 	 -173.441280000 	 0.487147000 
1823627 	 -173.441280000 	 0.487147000 
1823860 	 -173.441280000 	 0.487147000 
1824084 	 -173.441280000 	 0.487147000 
1824295 	 -173.441280000 	 0.487147000 
1824497 	 -173.441280000 	 0.487147000 
1824705 	 -173.441280000 	 0.487147000 
1824917 	 -173.441280000 	 0.487147000 
1825128 	 -173.441280000 	 0.487147000 
1825351 	 -173.441280000 	 0.487147000 
1825549 	 -173.441280000 	 0.487147000 
1825760 	 -173.441280000 	 0.487147000 
1825967 	 -173.441280000 	 0.487147000 
1826177 	 -173.441280000 	 0.487147000 
1826387 	 -173.441280000 	 0.487147000 
1826595 	 -173.441280000 	 0.487147000 
1826837 	 -173.441280000 	 0.487147000 
1827064 	 -173.441280000 	 0.487147000 
1827278 	 -173.441280000 	 0.487147000 
1827507 	 -173.441280000 	 0.487147000 
1827720 	 -173.441280000 	 0.487147000 
1827943 	 -173.441280000 	 0.487147000 
1828173 	 -173.441280000 	 0.487147000 
1828382 	 -173.441280000 	 0.487147000 
1828602 	 -173.441280000 	 0.487147000 
1828805 	 -173.441280000 	 0.487147000 
1829014 	 -173.441280000 	 0.487147000 
1829219 	 -173.441280000 	 0.487147000 
1829424 	 -173.441280000 	 0.487147000 
1829630 	 -173.441280000 	 0.487147000 
1829838 	 -173.441280000 	 0.487147000 
1830044 	 -173.441280000 	 0.487147000 
1830267 	 -173.441280000 	 0.487147000 
1830480 	 -173.441280000 	 0.487147000 
1830694 	 -173.441280000 	 0.487147000 
1830906 	 -173.441280000 	 0.487147000 
1831121 	 -173.441280000 	 0.487147000 
1831341 	 -173.441280000 	 0.487147000 
1831564 	 -173.441280000 	 0.487147000 
1831786 	 -173.441280000 	 0.487147000 
1832006 	 -173.441280000 	 0.487147000 
1832227 	 -173.441280000 	 0.487147000 
1832429 	 -173.441280000 	 0.487147000 
1832661 	 -173.441280000 	 0.487147000 
1832879 	 -173.441280000 	 0.487147000 
1833101 	 -173.441280000 	 0.487147000 
1833330 	 -173.441280000 	 0.487147000 
1833540 	 -173.441280000 	 0.487147000 
1833760 	 -173.441280000 	 0.487147000 
1833970 	 -173.441280000 	 0.487147000 
1834188 	 -173.441280000 	 0.487147000 
1834412 	 -173.441280000 	 0.487147000 
1834650 	 -173.441280000 	 0.487147000 
1834888 	 -173.441280000 	 0.487147000 
1835101 	 -173.441280000 	 0.487147000 
1835311 	 -173.441280000 	 0.487147000 
1835522 	 -173.441280000 	 0.487147000 
1835723 	 -173.441280000 	 0.487147000 
1835946 	 -173.441280000 	 0.487147000 
1836166 	 -173.441280000 	 0.487147000 
1836369 	 -173.441280000 	 0.487147000 
1836578 	 -173.441280000 	 0.487147000 
1836793 	 -173.441280000 	 0.487147000 
1837008 	 -173.441280000 	 0.487147000 
1837221 	 -173.441280000 	 0.487147000 
1837451 	 -173.441280000 	 0.487147000 
1837656 	 -173.441280000 	 0.487147000 
1837857 	 -173.441280000 	 0.487147000 
1838074 	 -173.441280000 	 0.487147000 
1838291 	 -173.441280000 	 0.487147000 
1838505 	 -173.441280000 	 0.487147000 
1838732 	 -173.441280000 	 0.487147000 
1838948 	 -173.441280000 	 0.487147000 
1839180 	 -173.441280000 	 0.487147000 
1839388 	 -173.441280000 	 0.487147000 
1839606 	 -173.441280000 	 0.487147000 
1839807 	 -173.441280000 	 0.487147000 
1840027 	 -173.441280000 	 0.487147000 
1840225 	 -173.441280000 	 0.487147000 
1840424 	 -173.441280000 	 0.487147000 
1840641 	 -173.441280000 	 0.487147000 
1840853 	 -173.441280000 	 0.487147000 
1841069 	 -173.441280000 	 0.487147000 
1841268 	 -173.441280000 	 0.487147000 
1841490 	 -173.441280000 	 0.487147000 
1841713 	 -173.441280000 	 0.487147000 
1841925 	 -173.441280000 	 0.487147000 
1842155 	 -173.441280000 	 0.487147000 
1842395 	 -173.441280000 	 0.487147000 
1842631 	 -173.441280000 	 0.487147000 
1842853 	 -173.441280000 	 0.487147000 
1843092 	 -173.441280000 	 0.487147000 
1843319 	 -173.441280000 	 0.487147000 
1843570 	 -173.441280000 	 0.487147000 
1843762 	 -173.441280000 	 0.487147000 
1843971 	 -173.441280000 	 0.487147000 
1844170 	 -173.441280000 	 0.487147000 
1844371 	 -173.441280000 	 0.487147000 
1844579 	 -173.441280000 	 0.487147000 
1844769 	 -173.441280000 	 0.487147000 
1844965 	 -173.441280000 	 0.487147000 
1845169 	 -173.441280000 	 0.487147000 
1845363 	 -173.441280000 	 0.487147000 
1845562 	 -173.441280000 	 0.487147000 
1845805 	 -173.441280000 	 0.487147000 
1846055 	 -173.441280000 	 0.487147000 
1846319 	 -173.441280000 	 0.487147000 
1846559 	 -173.441280000 	 0.487147000 
1846791 	 -173.441280000 	 0.487147000 
1847021 	 -173.441280000 	 0.487147000 
1847268 	 -173.441280000 	 0.487147000 
1847505 	 -173.441280000 	 0.487147000 
1847753 	 -173.441280000 	 0.487147000 
1848000 	 -173.441280000 	 0.487147000 
1848196 	 -173.441280000 	 0.487147000 
1848383 	 -173.441280000 	 0.487147000 
1848577 	 -173.441280000 	 0.487147000 
1848755 	 -173.441280000 	 0.487147000 
1848948 	 -173.441280000 	 0.487147000 
1849147 	 -173.441280000 	 0.487147000 
1849337 	 -173.441280000 	 0.487147000 
1849527 	 -173.441280000 	 0.487147000 
1849712 	 -173.441280000 	 0.487147000 
1849891 	 -173.441280000 	 0.487147000 
1850143 	 -173.441280000 	 0.487147000 
1850379 	 -173.441280000 	 0.487147000 
1850634 	 -173.441280000 	 0.487147000 
1850892 	 -173.441280000 	 0.487147000 
1851149 	 -173.441280000 	 0.487147000 
1851392 	 -173.441280000 	 0.487147000 
1851634 	 -173.441280000 	 0.487147000 
1851866 	 -173.441280000 	 0.487147000 
1852107 	 -173.441280000 	 0.487147000 
1852382 	 -173.441280000 	 0.487147000 
1852587 	 -173.441280000 	 0.487147000 
1852792 	 -173.441280000 	 0.487147000 
1852980 	 -173.441280000 	 0.487147000 
1853181 	 -173.441280000 	 0.487147000 
1853377 	 -173.441280000 	 0.487147000 
1853580 	 -173.441280000 	 0.487147000 
1853772 	 -173.441280000 	 0.487147000 
1853969 	 -173.441280000 	 0.487147000 
1854171 	 -173.441280000 	 0.487147000 
1854366 	 -173.441280000 	 0.487147000 
1854602 	 -173.441280000 	 0.487147000 
1854827 	 -173.441280000 	 0.487147000 
1855073 	 -173.441280000 	 0.487147000 
1855304 	 -173.441280000 	 0.487147000 
1855534 	 -173.441280000 	 0.487147000 
1855761 	 -173.441280000 	 0.487147000 
1856000 	 -173.441280000 	 0.487147000 
1856249 	 -173.441280000 	 0.487147000 
1856489 	 -173.441280000 	 0.487147000 
1856741 	 -173.441280000 	 0.487147000 
1856944 	 -173.441280000 	 0.487147000 
1857151 	 -173.441280000 	 0.487147000 
1857350 	 -173.441280000 	 0.487147000 
1857546 	 -173.441280000 	 0.487147000 
1857734 	 -173.441280000 	 0.487147000 
1857915 	 -173.441280000 	 0.487147000 
1858108 	 -173.441280000 	 0.487147000 
1858305 	 -173.441280000 	 0.487147000 
1858520 	 -173.441280000 	 0.487147000 
1858706 	 -173.441280000 	 0.487147000 
1858947 	 -173.441280000 	 0.487147000 
1859170 	 -173.441280000 	 0.487147000 
1859416 	 -173.441280000 	 0.487147000 
1859643 	 -173.441280000 	 0.487147000 
1859877 	 -173.441280000 	 0.487147000 
1860101 	 -173.441280000 	 0.487147000 
1860339 	 -173.441280000 	 0.487147000 
1860589 	 -173.441280000 	 0.487147000 
1860820 	 -173.441280000 	 0.487147000 
1861059 	 -173.441280000 	 0.487147000 
1861247 	 -173.441280000 	 0.487147000 
1861443 	 -173.441280000 	 0.487147000 
1861634 	 -173.441280000 	 0.487147000 
1861835 	 -173.441280000 	 0.487147000 
1862034 	 -173.441280000 	 0.487147000 
1862248 	 -173.441280000 	 0.487147000 
1862448 	 -173.441280000 	 0.487147000 
1862645 	 -173.441280000 	 0.487147000 
1862837 	 -173.441280000 	 0.487147000 
1863030 	 -173.441280000 	 0.487147000 
1863257 	 -173.441280000 	 0.487147000 
1863485 	 -173.441280000 	 0.487147000 
1863717 	 -173.441280000 	 0.487147000 
1863969 	 -173.441280000 	 0.487147000 
1864214 	 -173.441280000 	 0.487147000 
1864452 	 -173.441280000 	 0.487147000 
1864684 	 -173.441280000 	 0.487147000 
1864906 	 -173.441280000 	 0.487147000 
1865137 	 -173.441280000 	 0.487147000 
1865387 	 -173.441280000 	 0.487147000 
1865596 	 -173.441280000 	 0.487147000 
1865798 	 -173.441280000 	 0.487147000 
1865990 	 -173.441280000 	 0.487147000 
1866182 	 -173.441280000 	 0.487147000 
1866381 	 -173.441280000 	 0.487147000 
1866582 	 -173.441280000 	 0.487147000 
1866802 	 -173.441280000 	 0.487147000 
1867008 	 -173.441280000 	 0.487147000 
1867211 	 -173.441280000 	 0.487147000 
1867407 	 -173.441280000 	 0.487147000 
1867644 	 -173.441280000 	 0.487147000 
1867879 	 -173.441280000 	 0.487147000 
1868097 	 -173.441280000 	 0.487147000 
1868344 	 -173.441280000 	 0.487147000 
1868562 	 -173.441280000 	 0.487147000 
1868807 	 -173.441280000 	 0.487147000 
1869036 	 -173.441280000 	 0.487147000 
1869263 	 -173.441280000 	 0.487147000 
1869472 	 -173.441280000 	 0.487147000 
1869705 	 -173.441280000 	 0.487147000 
1869924 	 -173.441280000 	 0.487147000 
1870128 	 -173.441280000 	 0.487147000 
1870351 	 -173.441280000 	 0.487147000 
1870551 	 -173.441280000 	 0.487147000 
1870767 	 -173.441280000 	 0.487147000 
1870991 	 -173.441280000 	 0.487147000 
1871206 	 -173.441280000 	 0.487147000 
1871432 	 -173.441280000 	 0.487147000 
1871649 	 -173.441280000 	 0.487147000 
1871861 	 -173.441280000 	 0.487147000 
1872091 	 -173.441280000 	 0.487147000 
1872304 	 -173.441280000 	 0.487147000 
1872546 	 -173.441280000 	 0.487147000 
1872791 	 -173.441280000 	 0.487147000 
1873014 	 -173.441280000 	 0.487147000 
1873231 	 -173.441280000 	 0.487147000 
1873448 	 -173.441280000 	 0.487147000 
1873684 	 -173.441280000 	 0.487147000 
1873888 	 -173.441280000 	 0.487147000 
1874110 	 -173.441280000 	 0.487147000 
1874305 	 -173.441280000 	 0.487147000 
1874501 	 -173.441280000 	 0.487147000 
1874724 	 -173.441280000 	 0.487147000 
1874923 	 -173.441280000 	 0.487147000 
1875129 	 -173.441280000 	 0.487147000 
1875320 	 -173.441280000 	 0.487147000 
1875523 	 -173.441280000 	 0.487147000 
1875732 	 -173.441280000 	 0.487147000 
1875942 	 -173.441280000 	 0.487147000 
1876133 	 -173.441280000 	 0.487147000 
1876342 	 -173.441280000 	 0.487147000 
1876556 	 -173.441280000 	 0.487147000 
1876760 	 -173.441280000 	 0.487147000 
1876979 	 -173.441280000 	 0.487147000 
1877216 	 -173.441280000 	 0.487147000 
1877432 	 -173.441280000 	 0.487147000 
1877648 	 -173.441280000 	 0.487147000 
1877863 	 -173.441280000 	 0.487147000 
1878082 	 -173.441280000 	 0.487147000 
1878285 	 -173.441280000 	 0.487147000 
1878508 	 -173.441280000 	 0.487147000 
1878722 	 -173.441280000 	 0.487147000 
1878938 	 -173.441280000 	 0.487147000 
1879150 	 -173.441280000 	 0.487147000 
1879369 	 -173.441280000 	 0.487147000 
1879596 	 -173.441280000 	 0.487147000 
1879815 	 -173.441280000 	 0.487147000 
1880009 	 -173.441280000 	 0.487147000 
1880239 	 -173.441280000 	 0.487147000 
1880465 	 -173.441280000 	 0.487147000 
1880676 	 -173.441280000 	 0.487147000 
1880900 	 -173.441280000 	 0.487147000 
1881132 	 -173.441280000 	 0.487147000 
1881338 	 -173.441280000 	 0.487147000 
1881534 	 -173.441280000 	 0.487147000 
1881734 	 -173.441280000 	 0.487147000 
1881937 	 -173.441280000 	 0.487147000 
1882149 	 -173.441280000 	 0.487147000 
1882349 	 -173.441280000 	 0.487147000 
1882556 	 -173.441280000 	 0.487147000 
1882771 	 -173.441280000 	 0.487147000 
1882997 	 -173.441280000 	 0.487147000 
1883235 	 -173.441280000 	 0.487147000 
1883460 	 -173.441280000 	 0.487147000 
1883687 	 -173.441280000 	 0.487147000 
1883906 	 -173.441280000 	 0.487147000 
1884140 	 -173.441280000 	 0.487147000 
1884373 	 -173.441280000 	 0.487147000 
1884600 	 -173.441280000 	 0.487147000 
1884809 	 -173.441280000 	 0.487147000 
1885016 	 -173.441280000 	 0.487147000 
1885224 	 -173.441280000 	 0.487147000 
1885453 	 -173.441280000 	 0.487147000 
1885650 	 -173.441280000 	 0.487147000 
1885842 	 -173.441280000 	 0.487147000 
1886042 	 -173.441280000 	 0.487147000 
1886247 	 -173.441280000 	 0.487147000 
1886456 	 -173.441280000 	 0.487147000 
1886657 	 -173.441280000 	 0.487147000 
1886849 	 -173.441280000 	 0.487147000 
1887074 	 -173.441280000 	 0.487147000 
1887322 	 -173.441280000 	 0.487147000 
1887542 	 -173.441280000 	 0.487147000 
1887765 	 -173.441280000 	 0.487147000 
1888032 	 -173.441280000 	 0.487147000 
1888271 	 -173.441280000 	 0.487147000 
1888511 	 -173.441280000 	 0.487147000 
1888738 	 -173.441280000 	 0.487147000 
1888977 	 -173.441280000 	 0.487147000 
1889226 	 -173.441280000 	 0.487147000 
1889422 	 -173.441280000 	 0.487147000 
1889631 	 -173.441280000 	 0.487147000 
1889816 	 -173.441280000 	 0.487147000 
1890006 	 -173.441280000 	 0.487147000 
1890207 	 -173.441280000 	 0.487147000 
1890412 	 -173.441280000 	 0.487147000 
1890608 	 -173.441280000 	 0.487147000 
1890813 	 -173.441280000 	 0.487147000 
1891011 	 -173.441280000 	 0.487147000 
1891202 	 -173.441280000 	 0.487147000 
1891425 	 -173.441280000 	 0.487147000 
1891666 	 -173.441280000 	 0.487147000 
1891883 	 -173.441280000 	 0.487147000 
1892110 	 -173.448040000 	 0.480387000 
1892349 	 -173.448040000 	 0.480387000 
1892574 	 -173.448040000 	 0.480387000 
1892809 	 -173.448040000 	 0.480387000 
1893043 	 -173.448040000 	 0.480387000 
1893269 	 -173.448040000 	 0.480387000 
1893520 	 -173.448040000 	 0.480387000 
1893726 	 -173.448040000 	 0.480387000 
1893931 	 -173.448040000 	 0.480387000 
1894147 	 -173.448040000 	 0.480387000 
1894332 	 -173.448040000 	 0.480387000 
1894533 	 -173.448040000 	 0.480387000 
1894732 	 -173.448040000 	 0.480387000 
1894937 	 -173.448040000 	 0.480387000 
1895151 	 -173.448040000 	 0.480387000 
1895334 	 -173.448040000 	 0.480387000 
1895529 	 -173.448040000 	 0.480387000 
1895764 	 -173.448040000 	 0.480387000 
1895999 	 -173.448040000 	 0.480387000 
1896228 	 -173.448040000 	 0.480387000 
1896452 	 -173.448040000 	 0.480387000 
1896680 	 -173.448040000 	 0.480387000 
1896919 	 -173.448040000 	 0.480387000 
1897161 	 -173.448040000 	 0.480387000 
1897396 	 -173.448040000 	 0.480387000 
1897638 	 -173.448040000 	 0.480387000 
1897879 	 -173.448040000 	 0.480387000 
1898082 	 -173.448040000 	 0.480387000 
1898269 	 -173.448040000 	 0.480387000 
1898459 	 -173.448040000 	 0.480387000 
1898657 	 -173.448040000 	 0.480387000 
1898847 	 -173.448040000 	 0.480387000 
1899030 	 -173.448040000 	 0.480387000 
1899216 	 -173.448040000 	 0.480387000 
1899429 	 -173.448040000 	 0.480387000 
1899633 	 -173.448040000 	 0.480387000 
1899839 	 -173.448040000 	 0.480387000 
1900068 	 -173.448040000 	 0.480387000 
1900310 	 -173.448040000 	 0.480387000 
1900544 	 -173.448040000 	 0.480387000 
1900768 	 -173.448040000 	 0.480387000 
1901003 	 -173.448040000 	 0.480387000 
1901256 	 -173.448040000 	 0.480387000 
1901486 	 -173.448040000 	 0.480387000 
1901714 	 -173.448040000 	 0.480387000 
1901949 	 -173.448040000 	 0.480387000 
1902203 	 -173.448040000 	 0.480387000 
1902390 	 -173.448040000 	 0.480387000 
1902592 	 -173.448040000 	 0.480387000 
1902802 	 -173.448040000 	 0.480387000 
1902997 	 -173.448040000 	 0.480387000 
1903179 	 -173.448040000 	 0.480387000 
1903386 	 -173.448040000 	 0.480387000 
1903597 	 -173.448040000 	 0.480387000 
1903809 	 -173.448040000 	 0.480387000 
1903996 	 -173.448040000 	 0.480387000 
1904217 	 -173.448040000 	 0.480387000 
1904466 	 -173.448040000 	 0.480387000 
1904705 	 -173.448040000 	 0.480387000 
1904941 	 -173.448040000 	 0.480387000 
1905185 	 -173.448040000 	 0.480387000 
1905421 	 -173.448040000 	 0.480387000 
1905658 	 -173.448040000 	 0.480387000 
1905898 	 -173.448040000 	 0.480387000 
1906141 	 -173.448040000 	 0.480387000 
1906370 	 -173.448040000 	 0.480387000 
1906586 	 -173.448040000 	 0.480387000 
1906781 	 -173.448040000 	 0.480387000 
1907000 	 -173.448040000 	 0.480387000 
1907206 	 -173.448040000 	 0.480387000 
1907406 	 -173.448040000 	 0.480387000 
1907618 	 -173.448040000 	 0.480387000 
1907820 	 -173.448040000 	 0.480387000 
1908024 	 -173.448040000 	 0.480387000 
1908241 	 -173.448040000 	 0.480387000 
1908458 	 -173.448040000 	 0.480387000 
1908660 	 -173.448040000 	 0.480387000 
1908888 	 -173.448040000 	 0.480387000 
1909101 	 -173.448040000 	 0.480387000 
1909319 	 -173.448040000 	 0.480387000 
1909550 	 -173.448040000 	 0.480387000 
1909773 	 -173.448040000 	 0.480387000 
1909990 	 -173.448040000 	 0.480387000 
1910209 	 -173.448040000 	 0.480387000 
1910438 	 -173.454800000 	 0.473627000 
1910647 	 -173.454800000 	 0.473627000 
1910863 	 -173.454800000 	 0.473627000 
1911093 	 -173.454800000 	 0.473627000 
1911324 	 -173.454800000 	 0.473627000 
1911557 	 -173.454800000 	 0.473627000 
1911781 	 -173.454800000 	 0.473627000 
1912005 	 -173.454800000 	 0.473627000 
1912210 	 -173.454800000 	 0.473627000 
1912419 	 -173.454800000 	 0.473627000 
1912648 	 -173.454800000 	 0.473627000 
1912862 	 -173.454800000 	 0.473627000 
1913080 	 -173.454800000 	 0.473627000 
1913294 	 -173.454800000 	 0.473627000 
1913514 	 -173.454800000 	 0.473627000 
1913740 	 -173.454800000 	 0.473627000 
1913959 	 -173.454800000 	 0.473627000 
1914159 	 -173.454800000 	 0.473627000 
1914380 	 -173.454800000 	 0.473627000 
1914609 	 -173.454800000 	 0.473627000 
1914823 	 -173.454800000 	 0.473627000 
1915038 	 -173.454800000 	 0.473627000 
1915267 	 -173.454800000 	 0.473627000 
1915494 	 -173.454800000 	 0.473627000 
1915734 	 -173.454800000 	 0.473627000 
1915972 	 -173.454800000 	 0.473627000 
1916212 	 -173.454800000 	 0.473627000 
1916452 	 -173.454800000 	 0.473627000 
1916701 	 -173.454800000 	 0.473627000 
1916934 	 -173.454800000 	 0.473627000 
1917162 	 -173.454800000 	 0.473627000 
1917400 	 -173.454800000 	 0.473627000 
1917638 	 -173.454800000 	 0.473627000 
1917838 	 -173.454800000 	 0.473627000 
1918064 	 -173.454800000 	 0.473627000 
1918295 	 -173.454800000 	 0.473627000 
1918504 	 -173.454800000 	 0.473627000 
1918739 	 -173.454800000 	 0.473627000 
1918945 	 -173.454800000 	 0.473627000 
1919155 	 -173.454800000 	 0.473627000 
1919383 	 -173.454800000 	 0.473627000 
1919601 	 -173.454800000 	 0.473627000 
1919813 	 -173.454800000 	 0.473627000 
1920031 	 -173.454800000 	 0.473627000 
1920257 	 -173.454800000 	 0.473627000 
1920481 	 -173.454800000 	 0.473627000 
1920691 	 -173.454800000 	 0.473627000 
1920913 	 -173.454800000 	 0.473627000 
1921119 	 -173.454800000 	 0.473627000 
1921349 	 -173.454800000 	 0.473627000 
1921572 	 -173.454800000 	 0.473627000 
1921787 	 -173.454800000 	 0.473627000 
1922009 	 -173.454800000 	 0.473627000 
1922210 	 -173.454800000 	 0.473627000 
1922428 	 -173.454800000 	 0.473627000 
1922617 	 -173.454800000 	 0.473627000 
1922819 	 -173.454800000 	 0.473627000 
1923018 	 -173.454800000 	 0.473627000 
1923211 	 -173.454800000 	 0.473627000 
1923438 	 -173.454800000 	 0.473627000 
1923650 	 -173.454800000 	 0.473627000 
1923853 	 -173.454800000 	 0.473627000 
1924069 	 -173.454800000 	 0.473627000 
1924306 	 -173.454800000 	 0.473627000 
1924525 	 -173.454800000 	 0.473627000 
1924741 	 -173.454800000 	 0.473627000 
1924966 	 -173.454800000 	 0.473627000 
1925190 	 -173.454800000 	 0.473627000 
1925412 	 -173.454800000 	 0.473627000 
1925625 	 -173.454800000 	 0.473627000 
1925828 	 -173.454800000 	 0.473627000 
1926043 	 -173.454800000 	 0.473627000 
1926264 	 -173.454800000 	 0.473627000 
1926462 	 -173.454800000 	 0.473627000 
1926673 	 -173.454800000 	 0.473627000 
1926884 	 -173.454800000 	 0.473627000 
1927097 	 -173.454800000 	 0.473627000 
1927305 	 -173.454800000 	 0.473627000 
1927525 	 -173.454800000 	 0.473627000 
1927730 	 -173.454800000 	 0.473627000 
1927941 	 -173.454800000 	 0.473627000 
1928166 	 -173.454800000 	 0.473627000 
1928382 	 -173.454800000 	 0.473627000 
1928616 	 -173.454800000 	 0.473627000 
1928839 	 -173.454800000 	 0.473627000 
1929069 	 -173.454800000 	 0.473627000 
1929290 	 -173.454800000 	 0.473627000 
1929526 	 -173.454800000 	 0.473627000 
1929758 	 -173.454800000 	 0.473627000 
1929985 	 -173.454800000 	 0.473627000 
1930219 	 -173.454800000 	 0.473627000 
1930449 	 -173.454800000 	 0.473627000 
1930671 	 -173.454800000 	 0.473627000 
1930879 	 -173.454800000 	 0.473627000 
1931076 	 -173.454800000 	 0.473627000 
1931291 	 -173.454800000 	 0.473627000 
1931476 	 -173.454800000 	 0.473627000 
1931674 	 -173.454800000 	 0.473627000 
1931872 	 -173.454800000 	 0.473627000 
1932066 	 -173.454800000 	 0.473627000 
1932271 	 -173.454800000 	 0.473627000 
1932460 	 -173.454800000 	 0.473627000 
1932667 	 -173.454800000 	 0.473627000 
1932909 	 -173.454800000 	 0.473627000 
1933160 	 -173.454800000 	 0.473627000 
1933391 	 -173.454800000 	 0.473627000 
1933622 	 -173.454800000 	 0.473627000 
1933870 	 -173.454800000 	 0.473627000 
1934110 	 -173.454800000 	 0.473627000 
1934342 	 -173.454800000 	 0.473627000 
1934561 	 -173.454800000 	 0.473627000 
1934795 	 -173.454800000 	 0.473627000 
1935049 	 -173.454800000 	 0.473627000 
1935258 	 -173.454800000 	 0.473627000 
1935464 	 -173.454800000 	 0.473627000 
1935663 	 -173.454800000 	 0.473627000 
1935870 	 -173.454800000 	 0.473627000 
1936066 	 -173.454800000 	 0.473627000 
1936283 	 -173.454800000 	 0.473627000 
1936493 	 -173.454800000 	 0.473627000 
1936688 	 -173.454800000 	 0.473627000 
1936881 	 -173.454800000 	 0.473627000 
1937081 	 -173.454800000 	 0.473627000 
1937332 	 -173.454800000 	 0.473627000 
1937556 	 -173.454800000 	 0.473627000 
1937784 	 -173.454800000 	 0.473627000 
1938016 	 -173.454800000 	 0.473627000 
1938249 	 -173.454800000 	 0.473627000 
1938470 	 -173.454800000 	 0.473627000 
1938702 	 -173.454800000 	 0.473627000 
1938934 	 -173.454800000 	 0.473627000 
1939177 	 -173.454800000 	 0.473627000 
1939429 	 -173.454800000 	 0.473627000 
1939628 	 -173.454800000 	 0.473627000 
1939835 	 -173.454800000 	 0.473627000 
1940047 	 -173.454800000 	 0.473627000 
1940249 	 -173.454800000 	 0.473627000 
1940459 	 -173.454800000 	 0.473627000 
1940645 	 -173.454800000 	 0.473627000 
1940841 	 -173.454800000 	 0.473627000 
1941038 	 -173.454800000 	 0.473627000 
1941216 	 -173.454800000 	 0.473627000 
1941398 	 -173.454800000 	 0.473627000 
1941642 	 -173.454800000 	 0.473627000 
1941857 	 -173.454800000 	 0.473627000 
1942079 	 -173.454800000 	 0.473627000 
1942311 	 -173.454800000 	 0.473627000 
1942528 	 -173.454800000 	 0.473627000 
1942767 	 -173.454800000 	 0.473627000 
1942998 	 -173.454800000 	 0.473627000 
1943229 	 -173.454800000 	 0.473627000 
1943462 	 -173.454800000 	 0.473627000 
1943694 	 -173.454800000 	 0.473627000 
1943889 	 -173.454800000 	 0.473627000 
1944106 	 -173.454800000 	 0.473627000 
1944298 	 -173.454800000 	 0.473627000 
1944501 	 -173.454800000 	 0.473627000 
1944711 	 -173.454800000 	 0.473627000 
1944912 	 -173.454800000 	 0.473627000 
1945115 	 -173.454800000 	 0.473627000 
1945320 	 -173.454800000 	 0.473627000 
1945511 	 -173.454800000 	 0.473627000 
1945693 	 -173.454800000 	 0.473627000 
1945910 	 -173.454800000 	 0.473627000 
1946147 	 -173.454800000 	 0.473627000 
1946380 	 -173.454800000 	 0.473627000 
1946608 	 -173.454800000 	 0.473627000 
1946837 	 -173.454800000 	 0.473627000 
1947057 	 -173.454800000 	 0.473627000 
1947260 	 -173.454800000 	 0.473627000 
1947481 	 -173.454800000 	 0.473627000 
1947730 	 -173.454800000 	 0.473627000 
1947966 	 -173.454800000 	 0.473627000 
1948182 	 -173.454800000 	 0.473627000 
1948380 	 -173.454800000 	 0.473627000 
1948611 	 -173.454800000 	 0.473627000 
1948810 	 -173.454800000 	 0.473627000 
1949019 	 -173.454800000 	 0.473627000 
1949226 	 -173.454800000 	 0.473627000 
1949425 	 -173.454800000 	 0.473627000 
1949624 	 -173.454800000 	 0.473627000 
1949844 	 -173.454800000 	 0.473627000 
1950050 	 -173.454800000 	 0.473627000 
1950300 	 -173.454800000 	 0.473627000 
1950521 	 -173.454800000 	 0.473627000 
1950771 	 -173.454800000 	 0.473627000 
1951000 	 -173.454800000 	 0.473627000 
1951244 	 -173.454800000 	 0.473627000 
1951477 	 -173.454800000 	 0.473627000 
1951730 	 -173.454800000 	 0.473627000 
1951965 	 -173.454800000 	 0.473627000 
1952194 	 -173.454800000 	 0.473627000 
1952427 	 -173.454800000 	 0.473627000 
1952632 	 -173.454800000 	 0.473627000 
1952841 	 -173.454800000 	 0.473627000 
1953027 	 -173.454800000 	 0.473627000 
1953229 	 -173.454800000 	 0.473627000 
1953429 	 -173.454800000 	 0.473627000 
1953634 	 -173.454800000 	 0.473627000 
1953836 	 -173.454800000 	 0.473627000 
1954032 	 -173.454800000 	 0.473627000 
1954225 	 -173.454800000 	 0.473627000 
1954418 	 -173.454800000 	 0.473627000 
1954623 	 -173.454800000 	 0.473627000 
1954842 	 -173.454800000 	 0.473627000 
1955076 	 -173.454800000 	 0.473627000 
1955290 	 -173.454800000 	 0.473627000 
1955528 	 -173.454800000 	 0.473627000 
1955744 	 -173.454800000 	 0.473627000 
1955982 	 -173.454800000 	 0.473627000 
1956202 	 -173.454800000 	 0.473627000 
1956426 	 -173.454800000 	 0.473627000 
1956639 	 -173.454800000 	 0.473627000 
1956855 	 -173.454800000 	 0.473627000 
1957068 	 -173.454800000 	 0.473627000 
1957289 	 -173.454800000 	 0.473627000 
1957508 	 -173.454800000 	 0.473627000 
1957731 	 -173.454800000 	 0.473627000 
1957942 	 -173.454800000 	 0.473627000 
1958165 	 -173.454800000 	 0.473627000 
1958394 	 -173.454800000 	 0.473627000 
1958604 	 -173.454800000 	 0.473627000 
1958829 	 -173.454800000 	 0.473627000 
1959039 	 -173.454800000 	 0.473627000 
1959253 	 -173.454800000 	 0.473627000 
1959473 	 -173.454800000 	 0.473627000 
1959683 	 -173.454800000 	 0.473627000 
1959897 	 -173.454800000 	 0.473627000 
1960113 	 -173.454800000 	 0.473627000 
1960332 	 -173.454800000 	 0.473627000 
1960559 	 -173.454800000 	 0.473627000 
1960773 	 -173.454800000 	 0.473627000 
1960989 	 -173.454800000 	 0.473627000 
1961209 	 -173.454800000 	 0.473627000 
1961426 	 -173.454800000 	 0.473627000 
1961656 	 -173.454800000 	 0.473627000 
1961874 	 -173.454800000 	 0.473627000 
1962107 	 -173.454800000 	 0.473627000 
1962328 	 -173.454800000 	 0.473627000 
1962562 	 -173.454800000 	 0.473627000 
1962781 	 -173.454800000 	 0.473627000 
1962989 	 -173.454800000 	 0.473627000 
1963227 	 -173.454800000 	 0.473627000 
1963418 	 -173.454800000 	 0.473627000 
1963625 	 -173.454800000 	 0.473627000 
1963844 	 -173.454800000 	 0.473627000 
1964060 	 -173.454800000 	 0.473627000 
1964276 	 -173.454800000 	 0.473627000 
1964510 	 -173.454800000 	 0.473627000 
1964713 	 -173.454800000 	 0.473627000 
1964932 	 -173.454800000 	 0.473627000 
1965140 	 -173.454800000 	 0.473627000 
1965361 	 -173.454800000 	 0.473627000 
1965594 	 -173.454800000 	 0.473627000 
1965812 	 -173.454800000 	 0.473627000 
1966063 	 -173.454800000 	 0.473627000 
1966271 	 -173.454800000 	 0.473627000 
1966486 	 -173.454800000 	 0.473627000 
1966723 	 -173.454800000 	 0.473627000 
1966942 	 -173.454800000 	 0.473627000 
1967159 	 -173.454800000 	 0.473627000 
1967401 	 -173.454800000 	 0.473627000 
1967602 	 -173.454800000 	 0.473627000 
1967798 	 -173.454800000 	 0.473627000 
1967997 	 -173.454800000 	 0.473627000 
1968194 	 -173.454800000 	 0.473627000 
1968391 	 -173.454800000 	 0.473627000 
1968603 	 -173.454800000 	 0.473627000 
1968816 	 -173.454800000 	 0.473627000 
1969009 	 -173.454800000 	 0.473627000 
1969218 	 -173.454800000 	 0.473627000 
1969426 	 -173.454800000 	 0.473627000 
1969627 	 -173.454800000 	 0.473627000 
1969844 	 -173.454800000 	 0.473627000 
1970053 	 -173.454800000 	 0.473627000 
1970267 	 -173.454800000 	 0.473627000 
1970497 	 -173.454800000 	 0.473627000 
1970717 	 -173.454800000 	 0.473627000 
1970919 	 -173.454800000 	 0.473627000 
1971138 	 -173.454800000 	 0.473627000 
1971350 	 -173.454800000 	 0.473627000 
1971569 	 -173.454800000 	 0.473627000 
1971788 	 -173.454800000 	 0.473627000 
1971989 	 -173.454800000 	 0.473627000 
1972180 	 -173.454800000 	 0.473627000 
1972380 	 -173.454800000 	 0.473627000 
1972577 	 -173.454800000 	 0.473627000 
1972784 	 -173.454800000 	 0.473627000 
1973000 	 -173.454800000 	 0.473627000 
1973190 	 -173.454800000 	 0.473627000 
1973375 	 -173.454800000 	 0.473627000 
1973559 	 -173.454800000 	 0.473627000 
1973768 	 -173.454800000 	 0.473627000 
1974012 	 -173.454800000 	 0.473627000 
1974232 	 -173.454800000 	 0.473627000 
1974450 	 -173.454800000 	 0.473627000 
1974655 	 -173.454800000 	 0.473627000 
1974910 	 -173.454800000 	 0.473627000 
1975121 	 -173.454800000 	 0.473627000 
1975337 	 -173.454800000 	 0.473627000 
1975568 	 -173.454800000 	 0.473627000 
1975798 	 -173.454800000 	 0.473627000 
1976019 	 -173.454800000 	 0.473627000 
1976230 	 -173.454800000 	 0.473627000 
1976433 	 -173.454800000 	 0.473627000 
1976646 	 -173.454800000 	 0.473627000 
1976853 	 -173.454800000 	 0.473627000 
1977053 	 -173.454800000 	 0.473627000 
1977246 	 -173.454800000 	 0.473627000 
1977449 	 -173.454800000 	 0.473627000 
1977645 	 -173.454800000 	 0.473627000 
1977833 	 -173.454800000 	 0.473627000 
1978034 	 -173.454800000 	 0.473627000 
1978265 	 -173.454800000 	 0.473627000 
1978520 	 -173.454800000 	 0.473627000 
1978777 	 -173.454800000 	 0.473627000 
1979011 	 -173.454800000 	 0.473627000 
1979249 	 -173.454800000 	 0.473627000 
1979494 	 -173.454800000 	 0.473627000 
1979747 	 -173.454800000 	 0.473627000 
1979994 	 -173.454800000 	 0.473627000 
1980222 	 -173.454800000 	 0.473627000 
1980464 	 -173.454800000 	 0.473627000 
1980669 	 -173.454800000 	 0.473627000 
1980862 	 -173.454800000 	 0.473627000 
1981050 	 -173.454800000 	 0.473627000 
1981247 	 -173.454800000 	 0.473627000 
1981439 	 -173.454800000 	 0.473627000 
1981632 	 -173.454800000 	 0.473627000 
1981826 	 -173.454800000 	 0.473627000 
1982026 	 -173.454800000 	 0.473627000 
1982221 	 -173.454800000 	 0.473627000 
1982424 	 -173.454800000 	 0.473627000 
1982641 	 -173.454800000 	 0.473627000 
1982866 	 -173.454800000 	 0.473627000 
1983109 	 -173.454800000 	 0.473627000 
1983343 	 -173.454800000 	 0.473627000 
1983591 	 -173.454800000 	 0.473627000 
1983834 	 -173.454800000 	 0.473627000 
1984059 	 -173.454800000 	 0.473627000 
1984299 	 -173.454800000 	 0.473627000 
1984539 	 -173.454800000 	 0.473627000 
1984781 	 -173.454800000 	 0.473627000 
1985000 	 -173.454800000 	 0.473627000 
1985198 	 -173.454800000 	 0.473627000 
1985406 	 -173.454800000 	 0.473627000 
1985613 	 -173.454800000 	 0.473627000 
1985805 	 -173.454800000 	 0.473627000 
1986005 	 -173.454800000 	 0.473627000 
1986204 	 -173.454800000 	 0.473627000 
1986427 	 -173.454800000 	 0.473627000 
1986635 	 -173.454800000 	 0.473627000 
1986825 	 -173.454800000 	 0.473627000 
1987062 	 -173.454800000 	 0.473627000 
1987286 	 -173.454800000 	 0.473627000 
1987526 	 -173.454800000 	 0.473627000 
1987765 	 -173.454800000 	 0.473627000 
1988016 	 -173.454800000 	 0.473627000 
1988271 	 -173.454800000 	 0.473627000 
1988509 	 -173.454800000 	 0.473627000 
1988753 	 -173.454800000 	 0.473627000 
1988989 	 -173.454800000 	 0.473627000 
1989233 	 -173.454800000 	 0.473627000 
1989432 	 -173.454800000 	 0.473627000 
1989636 	 -173.454800000 	 0.473627000 
1989832 	 -173.454800000 	 0.473627000 
1990052 	 -173.454800000 	 0.473627000 
1990250 	 -173.454800000 	 0.473627000 
1990449 	 -173.454800000 	 0.473627000 
1990644 	 -173.454800000 	 0.473627000 
1990857 	 -173.454800000 	 0.473627000 
1991078 	 -173.454800000 	 0.473627000 
1991291 	 -173.454800000 	 0.473627000 
1991537 	 -173.454800000 	 0.473627000 
1991756 	 -173.454800000 	 0.473627000 
1991966 	 -173.454800000 	 0.473627000 
1992187 	 -173.454800000 	 0.473627000 
1992416 	 -173.454800000 	 0.473627000 
1992636 	 -173.454800000 	 0.473627000 
1992852 	 -173.454800000 	 0.473627000 
1993070 	 -173.454800000 	 0.473627000 
1993303 	 -173.454800000 	 0.473627000 
1993529 	 -173.454800000 	 0.473627000 
1993730 	 -173.454800000 	 0.473627000 
1993935 	 -173.454800000 	 0.473627000 
1994131 	 -173.454800000 	 0.473627000 
1994328 	 -173.454800000 	 0.473627000 
1994523 	 -173.454800000 	 0.473627000 
1994729 	 -173.454800000 	 0.473627000 
1994953 	 -173.454800000 	 0.473627000 
1995158 	 -173.454800000 	 0.473627000 
1995365 	 -173.454800000 	 0.473627000 
1995571 	 -173.454800000 	 0.473627000 
1995803 	 -173.454800000 	 0.473627000 
1996016 	 -173.454800000 	 0.473627000 
1996243 	 -173.454800000 	 0.473627000 
1996463 	 -173.454800000 	 0.473627000 
1996684 	 -173.454800000 	 0.473627000 
1996935 	 -173.454800000 	 0.473627000 
1997143 	 -173.454800000 	 0.473627000 
1997377 	 -173.454800000 	 0.473627000 
1997609 	 -173.454800000 	 0.473627000 
1997833 	 -173.454800000 	 0.473627000 
1998032 	 -173.454800000 	 0.473627000 
1998238 	 -173.454800000 	 0.473627000 
1998442 	 -173.454800000 	 0.473627000 
1998658 	 -173.454800000 	 0.473627000 
1998861 	 -173.454800000 	 0.473627000 
1999063 	 -173.454800000 	 0.473627000 
1999268 	 -173.454800000 	 0.473627000 
1999467 	 -173.454800000 	 0.473627000 
1999667 	 -173.454800000 	 0.473627000 
1999869 	 -173.454800000 	 0.473627000 
2000086 	 -173.454800000 	 0.473627000 
2000314 	 -173.454800000 	 0.473627000 
2000528 	 -173.454800000 	 0.473627000 
2000739 	 -173.454800000 	 0.473627000 
2000956 	 -173.454800000 	 0.473627000 
2001168 	 -173.454800000 	 0.473627000 
2001395 	 -173.454800000 	 0.473627000 
2001620 	 -173.454800000 	 0.473627000 
2001853 	 -173.454800000 	 0.473627000 
2002063 	 -173.454800000 	 0.473627000 
2002285 	 -173.454800000 	 0.473627000 
2002511 	 -173.454800000 	 0.473627000 
2002737 	 -173.454800000 	 0.473627000 
2002959 	 -173.454800000 	 0.473627000 
2003189 	 -173.454800000 	 0.473627000 
2003408 	 -173.454800000 	 0.473627000 
2003627 	 -173.454800000 	 0.473627000 
2003847 	 -173.454800000 	 0.473627000 
2004067 	 -173.454800000 	 0.473627000 
2004288 	 -173.454800000 	 0.473627000 
2004524 	 -173.454800000 	 0.473627000 
2004737 	 -173.454800000 	 0.473627000 
2004952 	 -173.454800000 	 0.473627000 
2005167 	 -173.454800000 	 0.473627000 
2005390 	 -173.454800000 	 0.473627000 
2005582 	 -173.454800000 	 0.473627000 
2005803 	 -173.454800000 	 0.473627000 
2006020 	 -173.454800000 	 0.473627000 
2006241 	 -173.454800000 	 0.473627000 
2006456 	 -173.454800000 	 0.473627000 
2006678 	 -173.454800000 	 0.473627000 
2006900 	 -173.454800000 	 0.473627000 
2007120 	 -173.454800000 	 0.473627000 
2007346 	 -173.454800000 	 0.473627000 
2007556 	 -173.454800000 	 0.473627000 
2007769 	 -173.454800000 	 0.473627000 
2007981 	 -173.454800000 	 0.473627000 
2008207 	 -173.454800000 	 0.473627000 
2008425 	 -173.454800000 	 0.473627000 
2008646 	 -173.454800000 	 0.473627000 
2008856 	 -173.454800000 	 0.473627000 
2009083 	 -173.454800000 	 0.473627000 
2009293 	 -173.454800000 	 0.473627000 
2009509 	 -173.454800000 	 0.473627000 
2009717 	 -173.454800000 	 0.473627000 
2009925 	 -173.454800000 	 0.473627000 
2010134 	 -173.454800000 	 0.473627000 
2010351 	 -173.454800000 	 0.473627000 
2010558 	 -173.454800000 	 0.473627000 
2010776 	 -173.454800000 	 0.473627000 
2010987 	 -173.454800000 	 0.473627000 
2011229 	 -173.454800000 	 0.473627000 
2011452 	 -173.454800000 	 0.473627000 
2011677 	 -173.454800000 	 0.473627000 
2011891 	 -173.454800000 	 0.473627000 
2012113 	 -173.454800000 	 0.473627000 
2012336 	 -173.454800000 	 0.473627000 
2012552 	 -173.454800000 	 0.473627000 
2012773 	 -173.454800000 	 0.473627000 
2012999 	 -173.454800000 	 0.473627000 
2013223 	 -173.454800000 	 0.473627000 
2013428 	 -173.454800000 	 0.473627000 
2013624 	 -173.454800000 	 0.473627000 
2013845 	 -173.454800000 	 0.473627000 
2014060 	 -173.454800000 	 0.473627000 
2014264 	 -173.454800000 	 0.473627000 
2014491 	 -173.454800000 	 0.473627000 
2014695 	 -173.454800000 	 0.473627000 
2014904 	 -173.454800000 	 0.473627000 
2015112 	 -173.454800000 	 0.473627000 
2015345 	 -173.454800000 	 0.473627000 
2015564 	 -173.454800000 	 0.473627000 
2015791 	 -173.454800000 	 0.473627000 
2016023 	 -173.454800000 	 0.473627000 
2016234 	 -173.454800000 	 0.473627000 
2016460 	 -173.454800000 	 0.473627000 
2016675 	 -173.454800000 	 0.473627000 
2016904 	 -173.454800000 	 0.473627000 
2017128 	 -173.454800000 	 0.473627000 
2017339 	 -173.454800000 	 0.473627000 
2017526 	 -173.454800000 	 0.473627000 
2017731 	 -173.454800000 	 0.473627000 
2017927 	 -173.454800000 	 0.473627000 
2018144 	 -173.454800000 	 0.473627000 
2018333 	 -173.454800000 	 0.473627000 
2018540 	 -173.454800000 	 0.473627000 
2018738 	 -173.454800000 	 0.473627000 
2018922 	 -173.454800000 	 0.473627000 
2019114 	 -173.454800000 	 0.473627000 
2019316 	 -173.454800000 	 0.473627000 
2019544 	 -173.454800000 	 0.473627000 
2019795 	 -173.454800000 	 0.473627000 
2020037 	 -173.454800000 	 0.473627000 
2020262 	 -173.454800000 	 0.473627000 
2020488 	 -173.454800000 	 0.473627000 
2020702 	 -173.454800000 	 0.473627000 
2020935 	 -173.454800000 	 0.473627000 
2021161 	 -173.454800000 	 0.473627000 
2021402 	 -173.454800000 	 0.473627000 
2021629 	 -173.454800000 	 0.473627000 
2021831 	 -173.454800000 	 0.473627000 
2022032 	 -173.454800000 	 0.473627000 
2022220 	 -173.454800000 	 0.473627000 
2022437 	 -173.454800000 	 0.473627000 
2022645 	 -173.454800000 	 0.473627000 
2022844 	 -173.454800000 	 0.473627000 
2023035 	 -173.454800000 	 0.473627000 
2023232 	 -173.454800000 	 0.473627000 
2023439 	 -173.454800000 	 0.473627000 
2023641 	 -173.454800000 	 0.473627000 
2023877 	 -173.454800000 	 0.473627000 
2024113 	 -173.454800000 	 0.473627000 
2024351 	 -173.454800000 	 0.473627000 
2024605 	 -173.454800000 	 0.473627000 
2024845 	 -173.454800000 	 0.473627000 
2025070 	 -173.454800000 	 0.473627000 
2025299 	 -173.454800000 	 0.473627000 
2025541 	 -173.454800000 	 0.473627000 
2025788 	 -173.454800000 	 0.473627000 
2026015 	 -173.454800000 	 0.473627000 
2026210 	 -173.454800000 	 0.473627000 
2026408 	 -173.454800000 	 0.473627000 
2026600 	 -173.454800000 	 0.473627000 
2026791 	 -173.454800000 	 0.473627000 
2026991 	 -173.454800000 	 0.473627000 
2027201 	 -173.454800000 	 0.473627000 
2027382 	 -173.454800000 	 0.473627000 
2027563 	 -173.454800000 	 0.473627000 
2027764 	 -173.454800000 	 0.473627000 
2027951 	 -173.454800000 	 0.473627000 
2028184 	 -173.454800000 	 0.473627000 
2028411 	 -173.454800000 	 0.473627000 
2028641 	 -173.454800000 	 0.473627000 
2028861 	 -173.454800000 	 0.473627000 
2029102 	 -173.454800000 	 0.473627000 
2029338 	 -173.454800000 	 0.473627000 
2029581 	 -173.454800000 	 0.473627000 
2029805 	 -173.454800000 	 0.473627000 
2030044 	 -173.454800000 	 0.473627000 
2030288 	 -173.454800000 	 0.473627000 
2030485 	 -173.454800000 	 0.473627000 
2030678 	 -173.454800000 	 0.473627000 
2030865 	 -173.454800000 	 0.473627000 
2031070 	 -173.454800000 	 0.473627000 
2031262 	 -173.454800000 	 0.473627000 
2031455 	 -173.454800000 	 0.473627000 
2031646 	 -173.454800000 	 0.473627000 
2031837 	 -173.454800000 	 0.473627000 
2032017 	 -173.454800000 	 0.473627000 
2032197 	 -173.454800000 	 0.473627000 
2032423 	 -173.454800000 	 0.473627000 
2032673 	 -173.454800000 	 0.473627000 
2032908 	 -173.454800000 	 0.473627000 
2033141 	 -173.454800000 	 0.473627000 
2033371 	 -173.454800000 	 0.473627000 
2033611 	 -173.454800000 	 0.473627000 
2033839 	 -173.454800000 	 0.473627000 
2034068 	 -173.454800000 	 0.473627000 
2034305 	 -173.454800000 	 0.473627000 
2034517 	 -173.454800000 	 0.473627000 
2034716 	 -173.454800000 	 0.473627000 
2034925 	 -173.454800000 	 0.473627000 
2035118 	 -173.454800000 	 0.473627000 
2035317 	 -173.454800000 	 0.473627000 
2035536 	 -173.454800000 	 0.473627000 
2035741 	 -173.454800000 	 0.473627000 
2035945 	 -173.454800000 	 0.473627000 
2036149 	 -173.454800000 	 0.473627000 
2036336 	 -173.454800000 	 0.473627000 
2036539 	 -173.454800000 	 0.473627000 
2036774 	 -173.454800000 	 0.473627000 
2036997 	 -173.454800000 	 0.473627000 
2037238 	 -173.454800000 	 0.473627000 
2037452 	 -173.454800000 	 0.473627000 
2037686 	 -173.454800000 	 0.473627000 
2037917 	 -173.454800000 	 0.473627000 
2038161 	 -173.454800000 	 0.473627000 
2038383 	 -173.454800000 	 0.473627000 
2038611 	 -173.454800000 	 0.473627000 
2038849 	 -173.454800000 	 0.473627000 
2039077 	 -173.454800000 	 0.473627000 
2039290 	 -173.454800000 	 0.473627000 
2039498 	 -173.454800000 	 0.473627000 
2039699 	 -173.454800000 	 0.473627000 
2039914 	 -173.454800000 	 0.473627000 
2040118 	 -173.454800000 	 0.473627000 
2040322 	 -173.454800000 	 0.473627000 
2040531 	 -173.454800000 	 0.473627000 
2040743 	 -173.454800000 	 0.473627000 
2040947 	 -173.454800000 	 0.473627000 
2041180 	 -173.454800000 	 0.473627000 
2041422 	 -173.454800000 	 0.473627000 
2041637 	 -173.454800000 	 0.473627000 
2041860 	 -173.454800000 	 0.473627000 
2042073 	 -173.454800000 	 0.473627000 
2042291 	 -173.454800000 	 0.473627000 
2042529 	 -173.454800000 	 0.473627000 
2042760 	 -173.454800000 	 0.473627000 
2042987 	 -173.454800000 	 0.473627000 
2043216 	 -173.454800000 	 0.473627000 
2043463 	 -173.454800000 	 0.473627000 
2043691 	 -173.454800000 	 0.473627000 
2043928 	 -173.454800000 	 0.473627000 
2044161 	 -173.454800000 	 0.473627000 
2044389 	 -173.454800000 	 0.473627000 
2044605 	 -173.454800000 	 0.473627000 
2044841 	 -173.454800000 	 0.473627000 
2045068 	 -173.454800000 	 0.473627000 
2045291 	 -173.454800000 	 0.473627000 
2045515 	 -173.454800000 	 0.473627000 
2045765 	 -173.454800000 	 0.473627000 
2045987 	 -173.454800000 	 0.473627000 
2046193 	 -173.454800000 	 0.473627000 
2046427 	 -173.454800000 	 0.473627000 
2046663 	 -173.454800000 	 0.473627000 
2046871 	 -173.454800000 	 0.473627000 
2047078 	 -173.454800000 	 0.473627000 
2047294 	 -173.454800000 	 0.473627000 
2047533 	 -173.454800000 	 0.473627000 
2047739 	 -173.454800000 	 0.473627000 
2047953 	 -173.454800000 	 0.473627000 
2048194 	 -173.454800000 	 0.473627000 
2048409 	 -173.454800000 	 0.473627000 
2048605 	 -173.454800000 	 0.473627000 
2048817 	 -173.454800000 	 0.473627000 
2049032 	 -173.454800000 	 0.473627000 
2049248 	 -173.454800000 	 0.473627000 
2049465 	 -173.454800000 	 0.473627000 
2049680 	 -173.454800000 	 0.473627000 
2049889 	 -173.454800000 	 0.473627000 
2050103 	 -173.454800000 	 0.473627000 
2050323 	 -173.454800000 	 0.473627000 
2050532 	 -173.454800000 	 0.473627000 
2050753 	 -173.454800000 	 0.473627000 
2050973 	 -173.454800000 	 0.473627000 
2051188 	 -173.454800000 	 0.473627000 
2051402 	 -173.454800000 	 0.473627000 
2051616 	 -173.454800000 	 0.473627000 
2051825 	 -173.454800000 	 0.473627000 
2052057 	 -173.454800000 	 0.473627000 
2052296 	 -173.454800000 	 0.473627000 
2052523 	 -173.454800000 	 0.473627000 
2052785 	 -173.454800000 	 0.473627000 
2053012 	 -173.454800000 	 0.473627000 
2053235 	 -173.454800000 	 0.473627000 
2053476 	 -173.454800000 	 0.473627000 
2053716 	 -173.454800000 	 0.473627000 
2053939 	 -173.454800000 	 0.473627000 
2054174 	 -173.454800000 	 0.473627000 
2054404 	 -173.454800000 	 0.473627000 
2054606 	 -173.454800000 	 0.473627000 
2054824 	 -173.454800000 	 0.473627000 
2055047 	 -173.454800000 	 0.473627000 
2055259 	 -173.454800000 	 0.473627000 
2055477 	 -173.454800000 	 0.473627000 
2055680 	 -173.454800000 	 0.473627000 
2055876 	 -173.454800000 	 0.473627000 
2056080 	 -173.454800000 	 0.473627000 
2056310 	 -173.454800000 	 0.473627000 
2056508 	 -173.454800000 	 0.473627000 
2056730 	 -173.454800000 	 0.473627000 
2056966 	 -173.454800000 	 0.473627000 
2057200 	 -173.454800000 	 0.473627000 
2057431 	 -173.454800000 	 0.473627000 
2057645 	 -173.454800000 	 0.473627000 
2057865 	 -173.454800000 	 0.473627000 
2058084 	 -173.454800000 	 0.473627000 
2058320 	 -173.454800000 	 0.473627000 
2058543 	 -173.454800000 	 0.473627000 
2058787 	 -173.454800000 	 0.473627000 
2059006 	 -173.454800000 	 0.473627000 
2059203 	 -173.454800000 	 0.473627000 
2059393 	 -173.454800000 	 0.473627000 
2059597 	 -173.454800000 	 0.473627000 
2059808 	 -173.454800000 	 0.473627000 
2060009 	 -173.454800000 	 0.473627000 
2060217 	 -173.454800000 	 0.473627000 
2060424 	 -173.454800000 	 0.473627000 
2060632 	 -173.454800000 	 0.473627000 
2060839 	 -173.454800000 	 0.473627000 
2061066 	 -173.454800000 	 0.473627000 
2061320 	 -173.454800000 	 0.473627000 
2061563 	 -173.454800000 	 0.473627000 
2061802 	 -173.454800000 	 0.473627000 
2062046 	 -173.454800000 	 0.473627000 
2062291 	 -173.454800000 	 0.473627000 
2062544 	 -173.454800000 	 0.473627000 
2062791 	 -173.454800000 	 0.473627000 
2063029 	 -173.454800000 	 0.473627000 
2063257 	 -173.454800000 	 0.473627000 
2063460 	 -173.454800000 	 0.473627000 
2063661 	 -173.454800000 	 0.473627000 
2063856 	 -173.454800000 	 0.473627000 
2064050 	 -173.454800000 	 0.473627000 
2064261 	 -173.454800000 	 0.473627000 
2064463 	 -173.454800000 	 0.473627000 
2064669 	 -173.454800000 	 0.473627000 
2064870 	 -173.454800000 	 0.473627000 
2065054 	 -173.454800000 	 0.473627000 
2065265 	 -173.454800000 	 0.473627000 
2065484 	 -173.454800000 	 0.473627000 
2065700 	 -173.454800000 	 0.473627000 
2065937 	 -173.454800000 	 0.473627000 
2066163 	 -173.454800000 	 0.473627000 
2066379 	 -173.454800000 	 0.473627000 
2066610 	 -173.454800000 	 0.473627000 
2066833 	 -173.454800000 	 0.473627000 
2067079 	 -173.454800000 	 0.473627000 
2067322 	 -173.454800000 	 0.473627000 
2067535 	 -173.454800000 	 0.473627000 
2067738 	 -173.454800000 	 0.473627000 
2067942 	 -173.454800000 	 0.473627000 
2068136 	 -173.454800000 	 0.473627000 
2068339 	 -173.454800000 	 0.473627000 
2068531 	 -173.454800000 	 0.473627000 
2068712 	 -173.454800000 	 0.473627000 
2068890 	 -173.454800000 	 0.473627000 
2069076 	 -173.454800000 	 0.473627000 
2069265 	 -173.454800000 	 0.473627000 
2069451 	 -173.454800000 	 0.473627000 
2069693 	 -173.454800000 	 0.473627000 
2069925 	 -173.454800000 	 0.473627000 
2070168 	 -173.454800000 	 0.473627000 
2070408 	 -173.454800000 	 0.473627000 
2070646 	 -173.454800000 	 0.473627000 
2070867 	 -173.454800000 	 0.473627000 
2071115 	 -173.454800000 	 0.473627000 
2071354 	 -173.454800000 	 0.473627000 
2071601 	 -173.454800000 	 0.473627000 
2071845 	 -173.454800000 	 0.473627000 
2072050 	 -173.454800000 	 0.473627000 
2072258 	 -173.454800000 	 0.473627000 
2072468 	 -173.454800000 	 0.473627000 
2072653 	 -173.454800000 	 0.473627000 
2072842 	 -173.454800000 	 0.473627000 
2073045 	 -173.454800000 	 0.473627000 
2073231 	 -173.454800000 	 0.473627000 
2073416 	 -173.454800000 	 0.473627000 
2073616 	 -173.454800000 	 0.473627000 
2073826 	 -173.454800000 	 0.473627000 
2074067 	 -173.454800000 	 0.473627000 
2074293 	 -173.454800000 	 0.473627000 
2074517 	 -173.454800000 	 0.473627000 
2074766 	 -173.454800000 	 0.473627000 
2075005 	 -173.454800000 	 0.473627000 
2075233 	 -173.454800000 	 0.473627000 
2075459 	 -173.454800000 	 0.473627000 
2075690 	 -173.454800000 	 0.473627000 
2075918 	 -173.454800000 	 0.473627000 
2076157 	 -173.454800000 	 0.473627000 
2076339 	 -173.454800000 	 0.473627000 
2076530 	 -173.454800000 	 0.473627000 
2076733 	 -173.454800000 	 0.473627000 
2076936 	 -173.454800000 	 0.473627000 
2077137 	 -173.454800000 	 0.473627000 
2077344 	 -173.454800000 	 0.473627000 
2077564 	 -173.454800000 	 0.473627000 
2077773 	 -173.454800000 	 0.473627000 
2077972 	 -173.454800000 	 0.473627000 
2078174 	 -173.454800000 	 0.473627000 
2078396 	 -173.454800000 	 0.473627000 
2078652 	 -173.454800000 	 0.473627000 
2078880 	 -173.454800000 	 0.473627000 
2079124 	 -173.454800000 	 0.473627000 
2079350 	 -173.454800000 	 0.473627000 
2079575 	 -173.454800000 	 0.473627000 
2079830 	 -173.454800000 	 0.473627000 
2080054 	 -173.454800000 	 0.473627000 
2080294 	 -173.454800000 	 0.473627000 
2080542 	 -173.454800000 	 0.473627000 
2080736 	 -173.454800000 	 0.473627000 
2080950 	 -173.454800000 	 0.473627000 
2081165 	 -173.454800000 	 0.473627000 
2081372 	 -173.454800000 	 0.473627000 
2081564 	 -173.454800000 	 0.473627000 
2081765 	 -173.454800000 	 0.473627000 
2081983 	 -173.454800000 	 0.473627000 
2082179 	 -173.454800000 	 0.473627000 
2082393 	 -173.454800000 	 0.473627000 
2082604 	 -173.454800000 	 0.473627000 
2082807 	 -173.454800000 	 0.473627000 
2083032 	 -173.454800000 	 0.473627000 
2083247 	 -173.454800000 	 0.473627000 
2083458 	 -173.454800000 	 0.473627000 
2083666 	 -173.454800000 	 0.473627000 
2083880 	 -173.454800000 	 0.473627000 
2084105 	 -173.454800000 	 0.473627000 
2084315 	 -173.454800000 	 0.473627000 
2084532 	 -173.454800000 	 0.473627000 
2084761 	 -173.454800000 	 0.473627000 
2084954 	 -173.454800000 	 0.473627000 
2085148 	 -173.454800000 	 0.473627000 
2085342 	 -173.454800000 	 0.473627000 
2085549 	 -173.454800000 	 0.473627000 
2085740 	 -173.454800000 	 0.473627000 
2085952 	 -173.454800000 	 0.473627000 
2086146 	 -173.454800000 	 0.473627000 
2086346 	 -173.454800000 	 0.473627000 
2086539 	 -173.454800000 	 0.473627000 
2086757 	 -173.454800000 	 0.473627000 
2086960 	 -173.454800000 	 0.473627000 
2087173 	 -173.454800000 	 0.473627000 
2087387 	 -173.454800000 	 0.473627000 
2087604 	 -173.454800000 	 0.473627000 
2087818 	 -173.454800000 	 0.473627000 
2088040 	 -173.454800000 	 0.473627000 
2088257 	 -173.454800000 	 0.473627000 
2088464 	 -173.454800000 	 0.473627000 
2088676 	 -173.454800000 	 0.473627000 
2088892 	 -173.454800000 	 0.473627000 
2089108 	 -173.454800000 	 0.473627000 
2089310 	 -173.454800000 	 0.473627000 
2089529 	 -173.454800000 	 0.473627000 
2089757 	 -173.454800000 	 0.473627000 
2089971 	 -173.454800000 	 0.473627000 
2090193 	 -173.454800000 	 0.473627000 
2090407 	 -173.454800000 	 0.473627000 
2090639 	 -173.454800000 	 0.473627000 
2090857 	 -173.454800000 	 0.473627000 
2091076 	 -173.454800000 	 0.473627000 
2091292 	 -173.454800000 	 0.473627000 
2091499 	 -173.454800000 	 0.473627000 
2091706 	 -173.454800000 	 0.473627000 
2091923 	 -173.454800000 	 0.473627000 
2092131 	 -173.454800000 	 0.473627000 
2092354 	 -173.454800000 	 0.473627000 
2092576 	 -173.454800000 	 0.473627000 
2092788 	 -173.454800000 	 0.473627000 
2093009 	 -173.454800000 	 0.473627000 
2093227 	 -173.454800000 	 0.473627000 
2093463 	 -173.454800000 	 0.473627000 
2093684 	 -173.454800000 	 0.473627000 
2093905 	 -173.454800000 	 0.473627000 
2094121 	 -173.454800000 	 0.473627000 
2094353 	 -173.454800000 	 0.473627000 
2094584 	 -173.454800000 	 0.473627000 
2094801 	 -173.454800000 	 0.473627000 
2095038 	 -173.454800000 	 0.473627000 
2095259 	 -173.454800000 	 0.473627000 
2095497 	 -173.454800000 	 0.473627000 
2095699 	 -173.454800000 	 0.473627000 
2095897 	 -173.454800000 	 0.473627000 
2096100 	 -173.454800000 	 0.473627000 
2096322 	 -173.454800000 	 0.473627000 
2096529 	 -173.454800000 	 0.473627000 
2096735 	 -173.454800000 	 0.473627000 
2096934 	 -173.454800000 	 0.473627000 
2097151 	 -173.454800000 	 0.473627000 
2097374 	 -173.454800000 	 0.473627000 
2097587 	 -173.454800000 	 0.473627000 
2097801 	 -173.454800000 	 0.473627000 
2098049 	 -173.454800000 	 0.473627000 
2098298 	 -173.454800000 	 0.473627000 
2098528 	 -173.454800000 	 0.473627000 
2098749 	 -173.454800000 	 0.473627000 
2098973 	 -173.454800000 	 0.473627000 
2099196 	 -173.454800000 	 0.473627000 
2099415 	 -173.454800000 	 0.473627000 
2099640 	 -173.454800000 	 0.473627000 
2099860 	 -173.454800000 	 0.473627000 
2100050 	 -173.454800000 	 0.473627000 
2100252 	 -173.454800000 	 0.473627000 
2100471 	 -173.454800000 	 0.473627000 
2100693 	 -173.454800000 	 0.473627000 
2100901 	 -173.454800000 	 0.473627000 
2101097 	 -173.454800000 	 0.473627000 
2101296 	 -173.454800000 	 0.473627000 
2101513 	 -173.454800000 	 0.473627000 
2101720 	 -173.454800000 	 0.473627000 
2101929 	 -173.454800000 	 0.473627000 
2102166 	 -173.454800000 	 0.473627000 
2102391 	 -173.454800000 	 0.473627000 
2102626 	 -173.454800000 	 0.473627000 
2102872 	 -173.454800000 	 0.473627000 
2103102 	 -173.454800000 	 0.473627000 
2103334 	 -173.454800000 	 0.473627000 
2103566 	 -173.454800000 	 0.473627000 
2103803 	 -173.454800000 	 0.473627000 
2104032 	 -173.454800000 	 0.473627000 
2104262 	 -173.454800000 	 0.473627000 
2104456 	 -173.454800000 	 0.473627000 
2104669 	 -173.454800000 	 0.473627000 
2104869 	 -173.454800000 	 0.473627000 
2105080 	 -173.454800000 	 0.473627000 
2105285 	 -173.454800000 	 0.473627000 
2105472 	 -173.454800000 	 0.473627000 
2105668 	 -173.454800000 	 0.473627000 
2105881 	 -173.454800000 	 0.473627000 
2106067 	 -173.454800000 	 0.473627000 
2106262 	 -173.454800000 	 0.473627000 
2106502 	 -173.454800000 	 0.473627000 
2106760 	 -173.454800000 	 0.473627000 
2107002 	 -173.454800000 	 0.473627000 
2107255 	 -173.454800000 	 0.473627000 
2107505 	 -173.454800000 	 0.473627000 
2107741 	 -173.454800000 	 0.473627000 
2107977 	 -173.454800000 	 0.473627000 
2108215 	 -173.454800000 	 0.473627000 
2108475 	 -173.454800000 	 0.473627000 
2108736 	 -173.454800000 	 0.473627000 
2108932 	 -173.454800000 	 0.473627000 
2109127 	 -173.454800000 	 0.473627000 
2109323 	 -173.454800000 	 0.473627000 
2109529 	 -173.454800000 	 0.473627000 
2109727 	 -173.454800000 	 0.473627000 
2109931 	 -173.454800000 	 0.473627000 
2110148 	 -173.454800000 	 0.473627000 
2110346 	 -173.454800000 	 0.473627000 
2110547 	 -173.454800000 	 0.473627000 
2110743 	 -173.454800000 	 0.473627000 
2110986 	 -173.454800000 	 0.473627000 
2111228 	 -173.454800000 	 0.473627000 
2111449 	 -173.454800000 	 0.473627000 
2111696 	 -173.454800000 	 0.473627000 
2111928 	 -173.454800000 	 0.473627000 
2112170 	 -173.454800000 	 0.473627000 
2112401 	 -173.454800000 	 0.473627000 
2112642 	 -173.454800000 	 0.473627000 
2112874 	 -173.454800000 	 0.473627000 
2113117 	 -173.454800000 	 0.473627000 
2113319 	 -173.454800000 	 0.473627000 
2113517 	 -173.454800000 	 0.473627000 
2113716 	 -173.454800000 	 0.473627000 
2113924 	 -173.454800000 	 0.473627000 
2114116 	 -173.454800000 	 0.473627000 
2114314 	 -173.454800000 	 0.473627000 
2114517 	 -173.454800000 	 0.473627000 
2114722 	 -173.454800000 	 0.473627000 
2114928 	 -173.454800000 	 0.473627000 
2115135 	 -173.454800000 	 0.473627000 
2115368 	 -173.454800000 	 0.473627000 
2115602 	 -173.454800000 	 0.473627000 
2115821 	 -173.454800000 	 0.473627000 
2116061 	 -173.454800000 	 0.473627000 
2116309 	 -173.454800000 	 0.473627000 
2116556 	 -173.454800000 	 0.473627000 
2116792 	 -173.454800000 	 0.473627000 
2117025 	 -173.454800000 	 0.473627000 
2117248 	 -173.454800000 	 0.473627000 
2117492 	 -173.454800000 	 0.473627000 
2117692 	 -173.454800000 	 0.473627000 
2117904 	 -173.454800000 	 0.473627000 
2118106 	 -173.454800000 	 0.473627000 
2118323 	 -173.454800000 	 0.473627000 
2118519 	 -173.454800000 	 0.473627000 
2118727 	 -173.454800000 	 0.473627000 
2118933 	 -173.454800000 	 0.473627000 
2119137 	 -173.454800000 	 0.473627000 
2119332 	 -173.454800000 	 0.473627000 
2119532 	 -173.454800000 	 0.473627000 
2119761 	 -173.454800000 	 0.473627000 
2120010 	 -173.454800000 	 0.473627000 
2120224 	 -173.454800000 	 0.473627000 
2120450 	 -173.454800000 	 0.473627000 
2120687 	 -173.454800000 	 0.473627000 
2120919 	 -173.454800000 	 0.473627000 
2121145 	 -173.454800000 	 0.473627000 
2121402 	 -173.454800000 	 0.473627000 
2121637 	 -173.454800000 	 0.473627000 
2121895 	 -173.454800000 	 0.473627000 
2122104 	 -173.454800000 	 0.473627000 
2122305 	 -173.454800000 	 0.473627000 
2122500 	 -173.454800000 	 0.473627000 
2122717 	 -173.454800000 	 0.473627000 
2122910 	 -173.454800000 	 0.473627000 
2123112 	 -173.454800000 	 0.473627000 
2123304 	 -173.454800000 	 0.473627000 
2123503 	 -173.454800000 	 0.473627000 
2123701 	 -173.454800000 	 0.473627000 
2123911 	 -173.454800000 	 0.473627000 
2124122 	 -173.454800000 	 0.473627000 
2124347 	 -173.454800000 	 0.473627000 
2124595 	 -173.454800000 	 0.473627000 
2124817 	 -173.454800000 	 0.473627000 
2125053 	 -173.454800000 	 0.473627000 
2125269 	 -173.454800000 	 0.473627000 
2125500 	 -173.454800000 	 0.473627000 
2125721 	 -173.454800000 	 0.473627000 
2125952 	 -173.454800000 	 0.473627000 
2126180 	 -173.454800000 	 0.473627000 
2126394 	 -173.454800000 	 0.473627000 
2126601 	 -173.454800000 	 0.473627000 
2126811 	 -173.454800000 	 0.473627000 
2127022 	 -173.454800000 	 0.473627000 
2127233 	 -173.454800000 	 0.473627000 
2127461 	 -173.454800000 	 0.473627000 
2127675 	 -173.454800000 	 0.473627000 
2127886 	 -173.454800000 	 0.473627000 
2128092 	 -173.454800000 	 0.473627000 
2128301 	 -173.454800000 	 0.473627000 
2128515 	 -173.454800000 	 0.473627000 
2128742 	 -173.454800000 	 0.473627000 
2128951 	 -173.454800000 	 0.473627000 
2129164 	 -173.454800000 	 0.473627000 
2129385 	 -173.454800000 	 0.473627000 
2129596 	 -173.454800000 	 0.473627000 
2129831 	 -173.454800000 	 0.473627000 
2130060 	 -173.454800000 	 0.473627000 
2130279 	 -173.454800000 	 0.473627000 
2130488 	 -173.454800000 	 0.473627000 
2130702 	 -173.454800000 	 0.473627000 
2130925 	 -173.454800000 	 0.473627000 
2131143 	 -173.454800000 	 0.473627000 
2131350 	 -173.454800000 	 0.473627000 
2131560 	 -173.454800000 	 0.473627000 
2131776 	 -173.454800000 	 0.473627000 
2131982 	 -173.454800000 	 0.473627000 
2132195 	 -173.454800000 	 0.473627000 
2132420 	 -173.454800000 	 0.473627000 
2132646 	 -173.454800000 	 0.473627000 
2132875 	 -173.454800000 	 0.473627000 
2133100 	 -173.454800000 	 0.473627000 
2133310 	 -173.454800000 	 0.473627000 
2133539 	 -173.454800000 	 0.473627000 
2133757 	 -173.454800000 	 0.473627000 
2133968 	 -173.454800000 	 0.473627000 
2134184 	 -173.454800000 	 0.473627000 
2134407 	 -173.454800000 	 0.473627000 
2134608 	 -173.454800000 	 0.473627000 
2134839 	 -173.454800000 	 0.473627000 
2135045 	 -173.454800000 	 0.473627000 
2135259 	 -173.454800000 	 0.473627000 
2135466 	 -173.454800000 	 0.473627000 
2135700 	 -173.454800000 	 0.473627000 
2135912 	 -173.454800000 	 0.473627000 
2136121 	 -173.454800000 	 0.473627000 
2136336 	 -173.454800000 	 0.473627000 
2136560 	 -173.454800000 	 0.473627000 
2136770 	 -173.454800000 	 0.473627000 
2136974 	 -173.454800000 	 0.473627000 
2137200 	 -173.454800000 	 0.473627000 
2137410 	 -173.454800000 	 0.473627000 
2137631 	 -173.454800000 	 0.473627000 
2137840 	 -173.454800000 	 0.473627000 
2138049 	 -173.454800000 	 0.473627000 
2138271 	 -173.454800000 	 0.473627000 
2138470 	 -173.454800000 	 0.473627000 
2138670 	 -173.454800000 	 0.473627000 
2138875 	 -173.454800000 	 0.473627000 
2139093 	 -173.454800000 	 0.473627000 
2139333 	 -173.454800000 	 0.473627000 
2139576 	 -173.454800000 	 0.473627000 
2139801 	 -173.454800000 	 0.473627000 
2140028 	 -173.454800000 	 0.473627000 
2140253 	 -173.454800000 	 0.473627000 
2140472 	 -173.454800000 	 0.473627000 
2140711 	 -173.454800000 	 0.473627000 
2140954 	 -173.454800000 	 0.473627000 
2141188 	 -173.454800000 	 0.473627000 
2141431 	 -173.454800000 	 0.473627000 
2141612 	 -173.454800000 	 0.473627000 
2141828 	 -173.454800000 	 0.473627000 
2142026 	 -173.454800000 	 0.473627000 
2142228 	 -173.454800000 	 0.473627000 
2142440 	 -173.454800000 	 0.473627000 
2142639 	 -173.454800000 	 0.473627000 
2142837 	 -173.454800000 	 0.473627000 
2143046 	 -173.454800000 	 0.473627000 
2143254 	 -173.454800000 	 0.473627000 
2143459 	 -173.454800000 	 0.473627000 
2143690 	 -173.454800000 	 0.473627000 
2143927 	 -173.454800000 	 0.473627000 
2144155 	 -173.454800000 	 0.473627000 
2144405 	 -173.454800000 	 0.473627000 
2144651 	 -173.454800000 	 0.473627000 
2144867 	 -173.454800000 	 0.473627000 
2145095 	 -173.454800000 	 0.473627000 
2145323 	 -173.454800000 	 0.473627000 
2145566 	 -173.454800000 	 0.473627000 
2145779 	 -173.454800000 	 0.473627000 
2145978 	 -173.454800000 	 0.473627000 
2146187 	 -173.454800000 	 0.473627000 
2146393 	 -173.454800000 	 0.473627000 
2146603 	 -173.454800000 	 0.473627000 
2146807 	 -173.454800000 	 0.473627000 
2147015 	 -173.454800000 	 0.473627000 
2147210 	 -173.454800000 	 0.473627000 
2147420 	 -173.454800000 	 0.473627000 
2147635 	 -173.454800000 	 0.473627000 
2147823 	 -173.454800000 	 0.473627000 
2148032 	 -173.454800000 	 0.473627000 
2148251 	 -173.454800000 	 0.473627000 
2148481 	 -173.454800000 	 0.473627000 
2148707 	 -173.454800000 	 0.473627000 
2148931 	 -173.454800000 	 0.473627000 
2149156 	 -173.454800000 	 0.473627000 
2149359 	 -173.454800000 	 0.473627000 
2149585 	 -173.454800000 	 0.473627000 
2149809 	 -173.454800000 	 0.473627000 
2150025 	 -173.454800000 	 0.473627000 
2150238 	 -173.454800000 	 0.473627000 
2150442 	 -173.454800000 	 0.473627000 
2150661 	 -173.454800000 	 0.473627000 
2150882 	 -173.454800000 	 0.473627000 
2151087 	 -173.454800000 	 0.473627000 
2151294 	 -173.454800000 	 0.473627000 
2151498 	 -173.454800000 	 0.473627000 
2151713 	 -173.454800000 	 0.473627000 
2151917 	 -173.454800000 	 0.473627000 
2152123 	 -173.454800000 	 0.473627000 
2152337 	 -173.454800000 	 0.473627000 
2152545 	 -173.454800000 	 0.473627000 
2152785 	 -173.454800000 	 0.473627000 
2153036 	 -173.454800000 	 0.473627000 
2153256 	 -173.454800000 	 0.473627000 
2153485 	 -173.454800000 	 0.473627000 
2153698 	 -173.454800000 	 0.473627000 
2153934 	 -173.454800000 	 0.473627000 
2154155 	 -173.454800000 	 0.473627000 
2154396 	 -173.454800000 	 0.473627000 
2154591 	 -173.454800000 	 0.473627000 
2154781 	 -173.454800000 	 0.473627000 
2154980 	 -173.454800000 	 0.473627000 
2155173 	 -173.454800000 	 0.473627000 
2155383 	 -173.454800000 	 0.473627000 
2155583 	 -173.454800000 	 0.473627000 
2155771 	 -173.454800000 	 0.473627000 
2155967 	 -173.454800000 	 0.473627000 
2156169 	 -173.454800000 	 0.473627000 
2156367 	 -173.454800000 	 0.473627000 
2156609 	 -173.454800000 	 0.473627000 
2156859 	 -173.454800000 	 0.473627000 
2157081 	 -173.454800000 	 0.473627000 
2157321 	 -173.454800000 	 0.473627000 
2157551 	 -173.454800000 	 0.473627000 
2157768 	 -173.454800000 	 0.473627000 
2158013 	 -173.454800000 	 0.473627000 
2158241 	 -173.454800000 	 0.473627000 
2158478 	 -173.454800000 	 0.473627000 
2158725 	 -173.454800000 	 0.473627000 
2158921 	 -173.454800000 	 0.473627000 
2159122 	 -173.454800000 	 0.473627000 
2159326 	 -173.454800000 	 0.473627000 
2159515 	 -173.454800000 	 0.473627000 
2159715 	 -173.454800000 	 0.473627000 
2159922 	 -173.454800000 	 0.473627000 
2160108 	 -173.454800000 	 0.473627000 
2160318 	 -173.454800000 	 0.473627000 
2160526 	 -173.454800000 	 0.473627000 
2160718 	 -173.454800000 	 0.473627000 
2160951 	 -173.454800000 	 0.473627000 
2161195 	 -173.454800000 	 0.473627000 
2161440 	 -173.454800000 	 0.473627000 
2161659 	 -173.454800000 	 0.473627000 
2161893 	 -173.454800000 	 0.473627000 
2162124 	 -173.454800000 	 0.473627000 
2162349 	 -173.454800000 	 0.473627000 
2162570 	 -173.454800000 	 0.473627000 
2162792 	 -173.454800000 	 0.473627000 
2163027 	 -173.454800000 	 0.473627000 
2163227 	 -173.454800000 	 0.473627000 
2163423 	 -173.454800000 	 0.473627000 
2163610 	 -173.454800000 	 0.473627000 
2163793 	 -173.454800000 	 0.473627000 
2163988 	 -173.454800000 	 0.473627000 
2164180 	 -173.454800000 	 0.473627000 
2164376 	 -173.454800000 	 0.473627000 
2164583 	 -173.454800000 	 0.473627000 
2164774 	 -173.454800000 	 0.473627000 
2164959 	 -173.454800000 	 0.473627000 
2165189 	 -173.454800000 	 0.473627000 
2165430 	 -173.454800000 	 0.473627000 
2165666 	 -173.454800000 	 0.473627000 
2165890 	 -173.454800000 	 0.473627000 
2166128 	 -173.454800000 	 0.473627000 
2166355 	 -173.454800000 	 0.473627000 
2166580 	 -173.454800000 	 0.473627000 
2166805 	 -173.454800000 	 0.473627000 
2167041 	 -173.454800000 	 0.473627000 
2167263 	 -173.454800000 	 0.473627000 
2167458 	 -173.454800000 	 0.473627000 
2167659 	 -173.454800000 	 0.473627000 
2167862 	 -173.454800000 	 0.473627000 
2168062 	 -173.454800000 	 0.473627000 
2168272 	 -173.454800000 	 0.473627000 
2168494 	 -173.454800000 	 0.473627000 
2168698 	 -173.454800000 	 0.473627000 
2168890 	 -173.454800000 	 0.473627000 
2169073 	 -173.454800000 	 0.473627000 
2169269 	 -173.454800000 	 0.473627000 
2169484 	 -173.454800000 	 0.473627000 
2169706 	 -173.454800000 	 0.473627000 
2169929 	 -173.454800000 	 0.473627000 
2170140 	 -173.454800000 	 0.473627000 
2170348 	 -173.454800000 	 0.473627000 
2170585 	 -173.454800000 	 0.473627000 
2170815 	 -173.454800000 	 0.473627000 
2171046 	 -173.454800000 	 0.473627000 
2171280 	 -173.454800000 	 0.473627000 
2171487 	 -173.454800000 	 0.473627000 
2171714 	 -173.454800000 	 0.473627000 
2171927 	 -173.454800000 	 0.473627000 
2172154 	 -173.454800000 	 0.473627000 
2172371 	 -173.454800000 	 0.473627000 
2172593 	 -173.454800000 	 0.473627000 
2172847 	 -173.454800000 	 0.473627000 
2173058 	 -173.454800000 	 0.473627000 
2173288 	 -173.454800000 	 0.473627000 
2173517 	 -173.454800000 	 0.473627000 
2173733 	 -173.454800000 	 0.473627000 
2173926 	 -173.454800000 	 0.473627000 
2174160 	 -173.454800000 	 0.473627000 
2174382 	 -173.454800000 	 0.473627000 
2174602 	 -173.454800000 	 0.473627000 
2174848 	 -173.454800000 	 0.473627000 
2175074 	 -173.454800000 	 0.473627000 
2175297 	 -173.454800000 	 0.473627000 
2175540 	 -173.454800000 	 0.473627000 
2175770 	 -173.454800000 	 0.473627000 
2175989 	 -173.454800000 	 0.473627000 
2176219 	 -173.454800000 	 0.473627000 
2176434 	 -173.454800000 	 0.473627000 
2176648 	 -173.454800000 	 0.473627000 
2176859 	 -173.454800000 	 0.473627000 
2177063 	 -173.454800000 	 0.473627000 
2177276 	 -173.454800000 	 0.473627000 
2177493 	 -173.454800000 	 0.473627000 
2177715 	 -173.454800000 	 0.473627000 
2177917 	 -173.454800000 	 0.473627000 
2178140 	 -173.454800000 	 0.473627000 
2178346 	 -173.454800000 	 0.473627000 
2178557 	 -173.454800000 	 0.473627000 
2178770 	 -173.454800000 	 0.473627000 
2179007 	 -173.454800000 	 0.473627000 
2179226 	 -173.454800000 	 0.473627000 
2179431 	 -173.454800000 	 0.473627000 
2179633 	 -173.454800000 	 0.473627000 
2179853 	 -173.454800000 	 0.473627000 
2180083 	 -173.454800000 	 0.473627000 
2180297 	 -173.454800000 	 0.473627000 
2180505 	 -173.454800000 	 0.473627000 
2180718 	 -173.454800000 	 0.473627000 
2180918 	 -173.454800000 	 0.473627000 
2181133 	 -173.454800000 	 0.473627000 
2181343 	 -173.454800000 	 0.473627000 
2181560 	 -173.454800000 	 0.473627000 
2181763 	 -173.454800000 	 0.473627000 
2181979 	 -173.454800000 	 0.473627000 
2182171 	 -173.454800000 	 0.473627000 
2182405 	 -173.454800000 	 0.473627000 
2182623 	 -173.454800000 	 0.473627000 
2182829 	 -173.454800000 	 0.473627000 
2183040 	 -173.454800000 	 0.473627000 
2183257 	 -173.454800000 	 0.473627000 
2183466 	 -173.454800000 	 0.473627000 
2183671 	 -173.454800000 	 0.473627000 
2183890 	 -173.454800000 	 0.473627000 
2184109 	 -173.454800000 	 0.473627000 
2184329 	 -173.454800000 	 0.473627000 
2184523 	 -173.454800000 	 0.473627000 
2184741 	 -173.454800000 	 0.473627000 
2184964 	 -173.454800000 	 0.473627000 
2185178 	 -173.454800000 	 0.473627000 
2185410 	 -173.454800000 	 0.473627000 
2185625 	 -173.454800000 	 0.473627000 
2185836 	 -173.454800000 	 0.473627000 
2186058 	 -173.454800000 	 0.473627000 
2186271 	 -173.454800000 	 0.473627000 
2186490 	 -173.454800000 	 0.473627000 
2186711 	 -173.454800000 	 0.473627000 
2186933 	 -173.454800000 	 0.473627000 
2187124 	 -173.454800000 	 0.473627000 
2187348 	 -173.454800000 	 0.473627000 
2187530 	 -173.454800000 	 0.473627000 
2187714 	 -173.454800000 	 0.473627000 
2187900 	 -173.454800000 	 0.473627000 
2188100 	 -173.454800000 	 0.473627000 
2188306 	 -173.454800000 	 0.473627000 
2188507 	 -173.454800000 	 0.473627000 
2188706 	 -173.454800000 	 0.473627000 
2188939 	 -173.454800000 	 0.473627000 
2189170 	 -173.454800000 	 0.473627000 
2189393 	 -173.454800000 	 0.473627000 
2189636 	 -173.454800000 	 0.473627000 
2189876 	 -173.454800000 	 0.473627000 
2190109 	 -173.454800000 	 0.473627000 
2190361 	 -173.454800000 	 0.473627000 
2190599 	 -173.454800000 	 0.473627000 
2190821 	 -173.454800000 	 0.473627000 
2191064 	 -173.454800000 	 0.473627000 
2191258 	 -173.454800000 	 0.473627000 
2191445 	 -173.454800000 	 0.473627000 
2191635 	 -173.454800000 	 0.473627000 
2191825 	 -173.454800000 	 0.473627000 
2192027 	 -173.454800000 	 0.473627000 
2192230 	 -173.454800000 	 0.473627000 
2192430 	 -173.454800000 	 0.473627000 
2192633 	 -173.454800000 	 0.473627000 
2192833 	 -173.454800000 	 0.473627000 
2193043 	 -173.454800000 	 0.473627000 
2193278 	 -173.454800000 	 0.473627000 
2193513 	 -173.454800000 	 0.473627000 
2193761 	 -173.454800000 	 0.473627000 
2193988 	 -173.454800000 	 0.473627000 
2194232 	 -173.454800000 	 0.473627000 
2194473 	 -173.454800000 	 0.473627000 
2194703 	 -173.454800000 	 0.473627000 
2194926 	 -173.454800000 	 0.473627000 
2195171 	 -173.454800000 	 0.473627000 
2195413 	 -173.454800000 	 0.473627000 
2195610 	 -173.454800000 	 0.473627000 
2195823 	 -173.454800000 	 0.473627000 
2196004 	 -173.454800000 	 0.473627000 
2196209 	 -173.454800000 	 0.473627000 
2196404 	 -173.454800000 	 0.473627000 
2196594 	 -173.454800000 	 0.473627000 
2196781 	 -173.454800000 	 0.473627000 
2196964 	 -173.454800000 	 0.473627000 
2197152 	 -173.454800000 	 0.473627000 
2197350 	 -173.454800000 	 0.473627000 
2197580 	 -173.454800000 	 0.473627000 
2197826 	 -173.454800000 	 0.473627000 
2198063 	 -173.454800000 	 0.473627000 
2198309 	 -173.454800000 	 0.473627000 
2198547 	 -173.454800000 	 0.473627000 
2198785 	 -173.454800000 	 0.473627000 
2199027 	 -173.454800000 	 0.473627000 
2199261 	 -173.454800000 	 0.473627000 
2199504 	 -173.454800000 	 0.473627000 
2199733 	 -173.454800000 	 0.473627000 
2199943 	 -173.454800000 	 0.473627000 
2200153 	 -173.454800000 	 0.473627000 
2200346 	 -173.454800000 	 0.473627000 
2200540 	 -173.454800000 	 0.473627000 
2200737 	 -173.454800000 	 0.473627000 
2200927 	 -173.454800000 	 0.473627000 
2201139 	 -173.454800000 	 0.473627000 
2201332 	 -173.454800000 	 0.473627000 
2201534 	 -173.454800000 	 0.473627000 
2201734 	 -173.454800000 	 0.473627000 
2201961 	 -173.454800000 	 0.473627000 
2202191 	 -173.454800000 	 0.473627000 
2202422 	 -173.454800000 	 0.473627000 
2202647 	 -173.454800000 	 0.473627000 
2202883 	 -173.454800000 	 0.473627000 
2203113 	 -173.454800000 	 0.473627000 
2203341 	 -173.454800000 	 0.473627000 
2203569 	 -173.454800000 	 0.473627000 
2203794 	 -173.454800000 	 0.473627000 
2204016 	 -173.454800000 	 0.473627000 
2204211 	 -173.454800000 	 0.473627000 
2204412 	 -173.454800000 	 0.473627000 
2204615 	 -173.454800000 	 0.473627000 
2204796 	 -173.454800000 	 0.473627000 
2205000 	 -173.454800000 	 0.473627000 
2205218 	 -173.454800000 	 0.473627000 
2205432 	 -173.454800000 	 0.473627000 
2205646 	 -173.454800000 	 0.473627000 
2205841 	 -173.454800000 	 0.473627000 
2206019 	 -173.454800000 	 0.473627000 
2206245 	 -173.454800000 	 0.473627000 
2206466 	 -173.454800000 	 0.473627000 
2206705 	 -173.454800000 	 0.473627000 
2206934 	 -173.454800000 	 0.473627000 
2207167 	 -173.454800000 	 0.473627000 
2207378 	 -173.454800000 	 0.473627000 
2207612 	 -173.454800000 	 0.473627000 
2207843 	 -173.454800000 	 0.473627000 
2208058 	 -173.454800000 	 0.473627000 
2208279 	 -173.454800000 	 0.473627000 
2208489 	 -173.454800000 	 0.473627000 
2208701 	 -173.454800000 	 0.473627000 
2208911 	 -173.454800000 	 0.473627000 
2209117 	 -173.454800000 	 0.473627000 
2209320 	 -173.454800000 	 0.473627000 
2209519 	 -173.454800000 	 0.473627000 
2209724 	 -173.454800000 	 0.473627000 
2209917 	 -173.454800000 	 0.473627000 
2210125 	 -173.454800000 	 0.473627000 
2210320 	 -173.454800000 	 0.473627000 
2210543 	 -173.454800000 	 0.473627000 
2210784 	 -173.454800000 	 0.473627000 
2211018 	 -173.454800000 	 0.473627000 
2211242 	 -173.454800000 	 0.473627000 
2211465 	 -173.454800000 	 0.473627000 
2211700 	 -173.454800000 	 0.473627000 
2211936 	 -173.454800000 	 0.473627000 
2212167 	 -173.454800000 	 0.473627000 
2212394 	 -173.454800000 	 0.473627000 
2212620 	 -173.454800000 	 0.473627000 
2212822 	 -173.454800000 	 0.473627000 
2213034 	 -173.454800000 	 0.473627000 
2213247 	 -173.454800000 	 0.473627000 
2213456 	 -173.454800000 	 0.473627000 
2213671 	 -173.454800000 	 0.473627000 
2213896 	 -173.454800000 	 0.473627000 
2214098 	 -173.454800000 	 0.473627000 
2214306 	 -173.454800000 	 0.473627000 
2214518 	 -173.454800000 	 0.473627000 
2214730 	 -173.454800000 	 0.473627000 
2214952 	 -173.454800000 	 0.473627000 
2215179 	 -173.454800000 	 0.473627000 
2215409 	 -173.454800000 	 0.473627000 
2215636 	 -173.454800000 	 0.473627000 
2215841 	 -173.454800000 	 0.473627000 
2216059 	 -173.454800000 	 0.473627000 
2216292 	 -173.454800000 	 0.473627000 
2216524 	 -173.454800000 	 0.473627000 
2216755 	 -173.454800000 	 0.473627000 
2216979 	 -173.454800000 	 0.473627000 
2217205 	 -173.454800000 	 0.473627000 
2217414 	 -173.454800000 	 0.473627000 
2217624 	 -173.454800000 	 0.473627000 
2217842 	 -173.454800000 	 0.473627000 
2218061 	 -173.454800000 	 0.473627000 
2218287 	 -173.454800000 	 0.473627000 
2218500 	 -173.454800000 	 0.473627000 
2218714 	 -173.454800000 	 0.473627000 
2218948 	 -173.454800000 	 0.473627000 
2219178 	 -173.454800000 	 0.473627000 
2219396 	 -173.454800000 	 0.473627000 
2219604 	 -173.454800000 	 0.473627000 
2219825 	 -173.454800000 	 0.473627000 
2220031 	 -173.454800000 	 0.473627000 
2220245 	 -173.454800000 	 0.473627000 
2220460 	 -173.454800000 	 0.473627000 
2220679 	 -173.454800000 	 0.473627000 
2220914 	 -173.454800000 	 0.473627000 
2221125 	 -173.454800000 	 0.473627000 
2221340 	 -173.454800000 	 0.473627000 
2221551 	 -173.454800000 	 0.473627000 
2221749 	 -173.454800000 	 0.473627000 
2221940 	 -173.454800000 	 0.473627000 
2222150 	 -173.454800000 	 0.473627000 
2222368 	 -173.454800000 	 0.473627000 
2222569 	 -173.454800000 	 0.473627000 
2222775 	 -173.454800000 	 0.473627000 
2222976 	 -173.454800000 	 0.473627000 
2223182 	 -173.454800000 	 0.473627000 
2223402 	 -173.454800000 	 0.473627000 
2223617 	 -173.454800000 	 0.473627000 
2223817 	 -173.454800000 	 0.473627000 
2224022 	 -173.454800000 	 0.473627000 
2224234 	 -173.454800000 	 0.473627000 
2224450 	 -173.454800000 	 0.473627000 
2224676 	 -173.454800000 	 0.473627000 
2224891 	 -173.454800000 	 0.473627000 
2225108 	 -173.454800000 	 0.473627000 
2225327 	 -173.454800000 	 0.473627000 
2225538 	 -173.454800000 	 0.473627000 
2225751 	 -173.454800000 	 0.473627000 
2225981 	 -173.454800000 	 0.473627000 
2226223 	 -173.454800000 	 0.473627000 
2226453 	 -173.454800000 	 0.473627000 
2226677 	 -173.454800000 	 0.473627000 
2226910 	 -173.454800000 	 0.473627000 
2227143 	 -173.454800000 	 0.473627000 
2227346 	 -173.454800000 	 0.473627000 
2227563 	 -173.454800000 	 0.473627000 
2227778 	 -173.454800000 	 0.473627000 
2227979 	 -173.454800000 	 0.473627000 
2228173 	 -173.454800000 	 0.473627000 
2228392 	 -173.454800000 	 0.473627000 
2228599 	 -173.454800000 	 0.473627000 
2228789 	 -173.454800000 	 0.473627000 
2229014 	 -173.454800000 	 0.473627000 
2229221 	 -173.454800000 	 0.473627000 
2229424 	 -173.454800000 	 0.473627000 
2229627 	 -173.454800000 	 0.473627000 
2229839 	 -173.454800000 	 0.473627000 
2230064 	 -173.454800000 	 0.473627000 
2230295 	 -173.454800000 	 0.473627000 
2230524 	 -173.454800000 	 0.473627000 
2230749 	 -173.454800000 	 0.473627000 
2230977 	 -173.454800000 	 0.473627000 
2231207 	 -173.454800000 	 0.473627000 
2231426 	 -173.454800000 	 0.473627000 
2231647 	 -173.454800000 	 0.473627000 
2231884 	 -173.454800000 	 0.473627000 
2232108 	 -173.454800000 	 0.473627000 
2232322 	 -173.454800000 	 0.473627000 
2232527 	 -173.454800000 	 0.473627000 
2232719 	 -173.454800000 	 0.473627000 
2232934 	 -173.454800000 	 0.473627000 
2233153 	 -173.454800000 	 0.473627000 
2233346 	 -173.454800000 	 0.473627000 
2233556 	 -173.454800000 	 0.473627000 
2233759 	 -173.454800000 	 0.473627000 
2233969 	 -173.454800000 	 0.473627000 
2234170 	 -173.454800000 	 0.473627000 
2234399 	 -173.454800000 	 0.473627000 
2234638 	 -173.454800000 	 0.473627000 
2234851 	 -173.454800000 	 0.473627000 
2235076 	 -173.454800000 	 0.473627000 
2235319 	 -173.454800000 	 0.473627000 
2235538 	 -173.454800000 	 0.473627000 
2235767 	 -173.454800000 	 0.473627000 
2235987 	 -173.454800000 	 0.473627000 
2236216 	 -173.454800000 	 0.473627000 
2236439 	 -173.454800000 	 0.473627000 
2236640 	 -173.454800000 	 0.473627000 
2236846 	 -173.454800000 	 0.473627000 
2237035 	 -173.454800000 	 0.473627000 
2237234 	 -173.454800000 	 0.473627000 
2237428 	 -173.454800000 	 0.473627000 
2237643 	 -173.454800000 	 0.473627000 
2237847 	 -173.454800000 	 0.473627000 
2238041 	 -173.454800000 	 0.473627000 
2238237 	 -173.454800000 	 0.473627000 
2238429 	 -173.454800000 	 0.473627000 
2238666 	 -173.454800000 	 0.473627000 
2238895 	 -173.454800000 	 0.473627000 
2239121 	 -173.454800000 	 0.473627000 
2239362 	 -173.454800000 	 0.473627000 
2239602 	 -173.454800000 	 0.473627000 
2239828 	 -173.454800000 	 0.473627000 
2240057 	 -173.454800000 	 0.473627000 
2240288 	 -173.454800000 	 0.473627000 
2240503 	 -173.454800000 	 0.473627000 
2240737 	 -173.454800000 	 0.473627000 
2240949 	 -173.454800000 	 0.473627000 
2241165 	 -173.454800000 	 0.473627000 
2241366 	 -173.454800000 	 0.473627000 
2241565 	 -173.454800000 	 0.473627000 
2241769 	 -173.454800000 	 0.473627000 
2241982 	 -173.454800000 	 0.473627000 
2242190 	 -173.454800000 	 0.473627000 
2242372 	 -173.454800000 	 0.473627000 
2242565 	 -173.454800000 	 0.473627000 
2242758 	 -173.454800000 	 0.473627000 
2242980 	 -173.454800000 	 0.473627000 
2243213 	 -173.454800000 	 0.473627000 
2243429 	 -173.454800000 	 0.473627000 
2243647 	 -173.454800000 	 0.473627000 
2243870 	 -173.454800000 	 0.473627000 
2244094 	 -173.454800000 	 0.473627000 
2244324 	 -173.454800000 	 0.473627000 
2244548 	 -173.454800000 	 0.473627000 
2244772 	 -173.454800000 	 0.473627000 
2245002 	 -173.454800000 	 0.473627000 
2245213 	 -173.454800000 	 0.473627000 
2245406 	 -173.454800000 	 0.473627000 
2245594 	 -173.454800000 	 0.473627000 
2245802 	 -173.454800000 	 0.473627000 
2246000 	 -173.454800000 	 0.473627000 
2246193 	 -173.454800000 	 0.473627000 
2246392 	 -173.454800000 	 0.473627000 
2246581 	 -173.454800000 	 0.473627000 
2246782 	 -173.454800000 	 0.473627000 
2246974 	 -173.454800000 	 0.473627000 
2247217 	 -173.454800000 	 0.473627000 
2247457 	 -173.454800000 	 0.473627000 
2247691 	 -173.454800000 	 0.473627000 
2247926 	 -173.454800000 	 0.473627000 
2248156 	 -173.454800000 	 0.473627000 
2248360 	 -173.454800000 	 0.473627000 
2248585 	 -173.454800000 	 0.473627000 
2248809 	 -173.454800000 	 0.473627000 
2249046 	 -173.454800000 	 0.473627000 
2249282 	 -173.454800000 	 0.473627000 
2249496 	 -173.454800000 	 0.473627000 
2249686 	 -173.454800000 	 0.473627000 
2249895 	 -173.454800000 	 0.473627000 
2250098 	 -173.454800000 	 0.473627000 
2250310 	 -173.454800000 	 0.473627000 
2250513 	 -173.454800000 	 0.473627000 
2250731 	 -173.454800000 	 0.473627000 
2250938 	 -173.454800000 	 0.473627000 
2251151 	 -173.454800000 	 0.473627000 
2251345 	 -173.454800000 	 0.473627000 
2251559 	 -173.454800000 	 0.473627000 
2251782 	 -173.454800000 	 0.473627000 
2252012 	 -173.454800000 	 0.473627000 
2252218 	 -173.454800000 	 0.473627000 
2252433 	 -173.454800000 	 0.473627000 
2252671 	 -173.454800000 	 0.473627000 
2252894 	 -173.454800000 	 0.473627000 
2253095 	 -173.454800000 	 0.473627000 
2253331 	 -173.454800000 	 0.473627000 
2253566 	 -173.454800000 	 0.473627000 
2253783 	 -173.454800000 	 0.473627000 
2253984 	 -173.454800000 	 0.473627000 
2254194 	 -173.454800000 	 0.473627000 
2254395 	 -173.454800000 	 0.473627000 
2254605 	 -173.454800000 	 0.473627000 
2254814 	 -173.454800000 	 0.473627000 
2255022 	 -173.454800000 	 0.473627000 
2255230 	 -173.454800000 	 0.473627000 
2255442 	 -173.454800000 	 0.473627000 
2255642 	 -173.454800000 	 0.473627000 
2255852 	 -173.454800000 	 0.473627000 
2256087 	 -173.454800000 	 0.473627000 
2256313 	 -173.454800000 	 0.473627000 
2256528 	 -173.454800000 	 0.473627000 
2256778 	 -173.454800000 	 0.473627000 
2257008 	 -173.454800000 	 0.473627000 
2257224 	 -173.454800000 	 0.473627000 
2257443 	 -173.454800000 	 0.473627000 
2257677 	 -173.454800000 	 0.473627000 
2257904 	 -173.454800000 	 0.473627000 
2258097 	 -173.454800000 	 0.473627000 
2258296 	 -173.454800000 	 0.473627000 
2258484 	 -173.454800000 	 0.473627000 
2258681 	 -173.454800000 	 0.473627000 
2258880 	 -173.454800000 	 0.473627000 
2259074 	 -173.454800000 	 0.473627000 
2259281 	 -173.454800000 	 0.473627000 
2259473 	 -173.454800000 	 0.473627000 
2259676 	 -173.454800000 	 0.473627000 
2259879 	 -173.454800000 	 0.473627000 
2260106 	 -173.454800000 	 0.473627000 
2260330 	 -173.454800000 	 0.473627000 
2260548 	 -173.454800000 	 0.473627000 
2260756 	 -173.454800000 	 0.473627000 
2260983 	 -173.454800000 	 0.473627000 
2261207 	 -173.454800000 	 0.473627000 
2261423 	 -173.454800000 	 0.473627000 
2261654 	 -173.454800000 	 0.473627000 
2261893 	 -173.454800000 	 0.473627000 
2262123 	 -173.454800000 	 0.473627000 
2262354 	 -173.454800000 	 0.473627000 
2262578 	 -173.454800000 	 0.473627000 
2262789 	 -173.454800000 	 0.473627000 
2263004 	 -173.454800000 	 0.473627000 
2263211 	 -173.454800000 	 0.473627000 
2263417 	 -173.454800000 	 0.473627000 
2263633 	 -173.454800000 	 0.473627000 
2263850 	 -173.454800000 	 0.473627000 
2264060 	 -173.454800000 	 0.473627000 
2264267 	 -173.454800000 	 0.473627000 
2264494 	 -173.454800000 	 0.473627000 
2264707 	 -173.454800000 	 0.473627000 
2264933 	 -173.454800000 	 0.473627000 
2265138 	 -173.454800000 	 0.473627000 
2265346 	 -173.454800000 	 0.473627000 
2265583 	 -173.454800000 	 0.473627000 
2265798 	 -173.454800000 	 0.473627000 
2266010 	 -173.454800000 	 0.473627000 
2266231 	 -173.454800000 	 0.473627000 
2266443 	 -173.454800000 	 0.473627000 
2266644 	 -173.454800000 	 0.473627000 
2266858 	 -173.454800000 	 0.473627000 
2267075 	 -173.454800000 	 0.473627000 
2267284 	 -173.454800000 	 0.473627000 
2267500 	 -173.454800000 	 0.473627000 
2267721 	 -173.454800000 	 0.473627000 
2267929 	 -173.454800000 	 0.473627000 
2268148 	 -173.454800000 	 0.473627000 
2268360 	 -173.454800000 	 0.473627000 
2268581 	 -173.454800000 	 0.473627000 
2268794 	 -173.454800000 	 0.473627000 
2269013 	 -173.454800000 	 0.473627000 
2269226 	 -173.454800000 	 0.473627000 
2269433 	 -173.454800000 	 0.473627000 
2269638 	 -173.454800000 	 0.473627000 
2269857 	 -173.454800000 	 0.473627000 
2270061 	 -173.454800000 	 0.473627000 
2270265 	 -173.454800000 	 0.473627000 
2270479 	 -173.454800000 	 0.473627000 
2270696 	 -173.454800000 	 0.473627000 
2270926 	 -173.454800000 	 0.473627000 
2271153 	 -173.454800000 	 0.473627000 
2271358 	 -173.454800000 	 0.473627000 
2271567 	 -173.454800000 	 0.473627000 
2271776 	 -173.454800000 	 0.473627000 
2271996 	 -173.454800000 	 0.473627000 
2272210 	 -173.454800000 	 0.473627000 
2272419 	 -173.454800000 	 0.473627000 
2272646 	 -173.454800000 	 0.473627000 
2272861 	 -173.454800000 	 0.473627000 
2273068 	 -173.454800000 	 0.473627000 
2273283 	 -173.454800000 	 0.473627000 
2273475 	 -173.454800000 	 0.473627000 
2273693 	 -173.454800000 	 0.473627000 
2273893 	 -173.454800000 	 0.473627000 
2274101 	 -173.454800000 	 0.473627000 
2274292 	 -173.454800000 	 0.473627000 
2274489 	 -173.454800000 	 0.473627000 
2274689 	 -173.454800000 	 0.473627000 
2274901 	 -173.454800000 	 0.473627000 
2275156 	 -173.454800000 	 0.473627000 
2275374 	 -173.454800000 	 0.473627000 
2275613 	 -173.454800000 	 0.473627000 
2275847 	 -173.454800000 	 0.473627000 
2276085 	 -173.454800000 	 0.473627000 
2276321 	 -173.454800000 	 0.473627000 
2276543 	 -173.454800000 	 0.473627000 
2276772 	 -173.454800000 	 0.473627000 
2277005 	 -173.454800000 	 0.473627000 
2277241 	 -173.454800000 	 0.473627000 
2277430 	 -173.454800000 	 0.473627000 
2277654 	 -173.454800000 	 0.473627000 
2277859 	 -173.454800000 	 0.473627000 
2278056 	 -173.454800000 	 0.473627000 
2278254 	 -173.454800000 	 0.473627000 
2278449 	 -173.454800000 	 0.473627000 
2278661 	 -173.454800000 	 0.473627000 
2278868 	 -173.454800000 	 0.473627000 
2279054 	 -173.454800000 	 0.473627000 
2279272 	 -173.454800000 	 0.473627000 
2279486 	 -173.454800000 	 0.473627000 
2279723 	 -173.454800000 	 0.473627000 
2279959 	 -173.454800000 	 0.473627000 
2280184 	 -173.454800000 	 0.473627000 
2280418 	 -173.454800000 	 0.473627000 
2280653 	 -173.454800000 	 0.473627000 
2280885 	 -173.454800000 	 0.473627000 
2281138 	 -173.454800000 	 0.473627000 
2281361 	 -173.454800000 	 0.473627000 
2281585 	 -173.454800000 	 0.473627000 
2281778 	 -173.454800000 	 0.473627000 
2281977 	 -173.454800000 	 0.473627000 
2282182 	 -173.454800000 	 0.473627000 
2282367 	 -173.454800000 	 0.473627000 
2282555 	 -173.454800000 	 0.473627000 
2282741 	 -173.454800000 	 0.473627000 
2282947 	 -173.454800000 	 0.473627000 
2283152 	 -173.454800000 	 0.473627000 
2283340 	 -173.454800000 	 0.473627000 
2283531 	 -173.454800000 	 0.473627000 
2283757 	 -173.454800000 	 0.473627000 
2283995 	 -173.454800000 	 0.473627000 
2284246 	 -173.454800000 	 0.473627000 
2284484 	 -173.454800000 	 0.473627000 
2284709 	 -173.454800000 	 0.473627000 
2284935 	 -173.454800000 	 0.473627000 
2285167 	 -173.454800000 	 0.473627000 
2285412 	 -173.454800000 	 0.473627000 
2285657 	 -173.454800000 	 0.473627000 
2285897 	 -173.454800000 	 0.473627000 
2286108 	 -173.454800000 	 0.473627000 
2286327 	 -173.454800000 	 0.473627000 
2286538 	 -173.454800000 	 0.473627000 
2286738 	 -173.454800000 	 0.473627000 
2286940 	 -173.454800000 	 0.473627000 
2287142 	 -173.454800000 	 0.473627000 
2287344 	 -173.454800000 	 0.473627000 
2287550 	 -173.454800000 	 0.473627000 
2287766 	 -173.454800000 	 0.473627000 
2287966 	 -173.454800000 	 0.473627000 
2288193 	 -173.454800000 	 0.473627000 
2288430 	 -173.454800000 	 0.473627000 
2288670 	 -173.454800000 	 0.473627000 
2288915 	 -173.454800000 	 0.473627000 
2289168 	 -173.454800000 	 0.473627000 
2289396 	 -173.454800000 	 0.473627000 
2289643 	 -173.454800000 	 0.473627000 
2289904 	 -173.454800000 	 0.473627000 
2290154 	 -173.454800000 	 0.473627000 
2290389 	 -173.454800000 	 0.473627000 
2290592 	 -173.454800000 	 0.473627000 
2290795 	 -173.454800000 	 0.473627000 
2290994 	 -173.454800000 	 0.473627000 
2291206 	 -173.454800000 	 0.473627000 
2291404 	 -173.454800000 	 0.473627000 
2291607 	 -173.454800000 	 0.473627000 
2291808 	 -173.454800000 	 0.473627000 
2292013 	 -173.454800000 	 0.473627000 
2292201 	 -173.454800000 	 0.473627000 
2292400 	 -173.454800000 	 0.473627000 
2292646 	 -173.454800000 	 0.473627000 
2292871 	 -173.454800000 	 0.473627000 
2293094 	 -173.454800000 	 0.473627000 
2293355 	 -173.454800000 	 0.473627000 
2293590 	 -173.454800000 	 0.473627000 
2293831 	 -173.454800000 	 0.473627000 
2294069 	 -173.454800000 	 0.473627000 
2294306 	 -173.454800000 	 0.473627000 
2294541 	 -173.454800000 	 0.473627000 
2294782 	 -173.454800000 	 0.473627000 
2294981 	 -173.454800000 	 0.473627000 
2295212 	 -173.454800000 	 0.473627000 
2295423 	 -173.454800000 	 0.473627000 
2295638 	 -173.454800000 	 0.473627000 
2295847 	 -173.454800000 	 0.473627000 
2296059 	 -173.454800000 	 0.473627000 
2296272 	 -173.454800000 	 0.473627000 
2296494 	 -173.454800000 	 0.473627000 
2296709 	 -173.454800000 	 0.473627000 
2296931 	 -173.454800000 	 0.473627000 
2297166 	 -173.454800000 	 0.473627000 
2297401 	 -173.454800000 	 0.473627000 
2297629 	 -173.454800000 	 0.473627000 
2297868 	 -173.454800000 	 0.473627000 
2298094 	 -173.454800000 	 0.473627000 
2298323 	 -173.454800000 	 0.473627000 
2298544 	 -173.454800000 	 0.473627000 
2298773 	 -173.454800000 	 0.473627000 
2299010 	 -173.454800000 	 0.473627000 
2299232 	 -173.454800000 	 0.473627000 
2299420 	 -173.454800000 	 0.473627000 
2299628 	 -173.454800000 	 0.473627000 
2299818 	 -173.454800000 	 0.473627000 
2300027 	 -173.454800000 	 0.473627000 
2300224 	 -173.454800000 	 0.473627000 
2300419 	 -173.454800000 	 0.473627000 
2300613 	 -173.454800000 	 0.473627000 
2300808 	 -173.454800000 	 0.473627000 
2301000 	 -173.454800000 	 0.473627000 
2301210 	 -173.454800000 	 0.473627000 
2301442 	 -173.454800000 	 0.473627000 
2301656 	 -173.454800000 	 0.473627000 
2301862 	 -173.454800000 	 0.473627000 
2302081 	 -173.454800000 	 0.473627000 
2302305 	 -173.454800000 	 0.473627000 
2302531 	 -173.454800000 	 0.473627000 
2302755 	 -173.454800000 	 0.473627000 
2302956 	 -173.454800000 	 0.473627000 
2303194 	 -173.454800000 	 0.473627000 
2303418 	 -173.454800000 	 0.473627000 
2303624 	 -173.454800000 	 0.473627000 
2303826 	 -173.454800000 	 0.473627000 
2304037 	 -173.454800000 	 0.473627000 
2304242 	 -173.454800000 	 0.473627000 
2304433 	 -173.454800000 	 0.473627000 
2304637 	 -173.454800000 	 0.473627000 
2304844 	 -173.454800000 	 0.473627000 
2305054 	 -173.454800000 	 0.473627000 
2305255 	 -173.454800000 	 0.473627000 
2305452 	 -173.454800000 	 0.473627000 
2305670 	 -173.454800000 	 0.473627000 
2305892 	 -173.454800000 	 0.473627000 
2306107 	 -173.454800000 	 0.473627000 
2306319 	 -173.454800000 	 0.473627000 
2306533 	 -173.454800000 	 0.473627000 
2306746 	 -173.454800000 	 0.473627000 
2306960 	 -173.454800000 	 0.473627000 
2307190 	 -173.454800000 	 0.473627000 
2307427 	 -173.454800000 	 0.473627000 
2307627 	 -173.454800000 	 0.473627000 
2307866 	 -173.454800000 	 0.473627000 
2308082 	 -173.454800000 	 0.473627000 
2308303 	 -173.454800000 	 0.473627000 
2308523 	 -173.454800000 	 0.473627000 
2308744 	 -173.454800000 	 0.473627000 
2308970 	 -173.454800000 	 0.473627000 
2309195 	 -173.454800000 	 0.473627000 
2309421 	 -173.454800000 	 0.473627000 
2309660 	 -173.454800000 	 0.473627000 
2309890 	 -173.454800000 	 0.473627000 
2310116 	 -173.454800000 	 0.473627000 
2310330 	 -173.454800000 	 0.473627000 
2310542 	 -173.454800000 	 0.473627000 
2310774 	 -173.454800000 	 0.473627000 
2310972 	 -173.454800000 	 0.473627000 
2311183 	 -173.454800000 	 0.473627000 
2311398 	 -173.454800000 	 0.473627000 
2311593 	 -173.454800000 	 0.473627000 
2311811 	 -173.454800000 	 0.473627000 
2312010 	 -173.454800000 	 0.473627000 
2312226 	 -173.454800000 	 0.473627000 
2312427 	 -173.454800000 	 0.473627000 
2312664 	 -173.454800000 	 0.473627000 
2312880 	 -173.454800000 	 0.473627000 
2313100 	 -173.454800000 	 0.473627000 
2313321 	 -173.454800000 	 0.473627000 
2313542 	 -173.454800000 	 0.473627000 
2313770 	 -173.454800000 	 0.473627000 
2314004 	 -173.454800000 	 0.473627000 
2314218 	 -173.454800000 	 0.473627000 
2314429 	 -173.454800000 	 0.473627000 
2314649 	 -173.454800000 	 0.473627000 
2314848 	 -173.454800000 	 0.473627000 
2315058 	 -173.454800000 	 0.473627000 
2315257 	 -173.454800000 	 0.473627000 
2315446 	 -173.454800000 	 0.473627000 
2315658 	 -173.454800000 	 0.473627000 
2315856 	 -173.454800000 	 0.473627000 
2316063 	 -173.454800000 	 0.473627000 
2316273 	 -173.454800000 	 0.473627000 
2316518 	 -173.454800000 	 0.473627000 
2316777 	 -173.454800000 	 0.473627000 
2317002 	 -173.454800000 	 0.473627000 
2317227 	 -173.454800000 	 0.473627000 
2317466 	 -173.454800000 	 0.473627000 
2317697 	 -173.454800000 	 0.473627000 
2317933 	 -173.454800000 	 0.473627000 
2318167 	 -173.454800000 	 0.473627000 
2318403 	 -173.454800000 	 0.473627000 
2318630 	 -173.454800000 	 0.473627000 
2318838 	 -173.454800000 	 0.473627000 
2319053 	 -173.454800000 	 0.473627000 
2319269 	 -173.454800000 	 0.473627000 
2319463 	 -173.454800000 	 0.473627000 
2319650 	 -173.454800000 	 0.473627000 
2319850 	 -173.454800000 	 0.473627000 
2320065 	 -173.454800000 	 0.473627000 
2320270 	 -173.454800000 	 0.473627000 
2320477 	 -173.454800000 	 0.473627000 
2320673 	 -173.454800000 	 0.473627000 
2320897 	 -173.454800000 	 0.473627000 
2321130 	 -173.454800000 	 0.473627000 
2321373 	 -173.454800000 	 0.473627000 
2321607 	 -173.454800000 	 0.473627000 
2321828 	 -173.454800000 	 0.473627000 
2322065 	 -173.454800000 	 0.473627000 
2322269 	 -173.454800000 	 0.473627000 
2322513 	 -173.454800000 	 0.473627000 
2322730 	 -173.454800000 	 0.473627000 
2322965 	 -173.454800000 	 0.473627000 
2323185 	 -173.454800000 	 0.473627000 
2323378 	 -173.454800000 	 0.473627000 
2323581 	 -173.454800000 	 0.473627000 
2323802 	 -173.454800000 	 0.473627000 
2324012 	 -173.454800000 	 0.473627000 
2324232 	 -173.454800000 	 0.473627000 
2324445 	 -173.454800000 	 0.473627000 
2324657 	 -173.454800000 	 0.473627000 
2324843 	 -173.454800000 	 0.473627000 
2325049 	 -173.454800000 	 0.473627000 
2325289 	 -173.454800000 	 0.473627000 
2325515 	 -173.454800000 	 0.473627000 
2325737 	 -173.454800000 	 0.473627000 
2325973 	 -173.454800000 	 0.473627000 
2326211 	 -173.454800000 	 0.473627000 
2326442 	 -173.454800000 	 0.473627000 
2326684 	 -173.454800000 	 0.473627000 
2326925 	 -173.454800000 	 0.473627000 
2327144 	 -173.454800000 	 0.473627000 
2327391 	 -173.454800000 	 0.473627000 
2327599 	 -173.454800000 	 0.473627000 
2327804 	 -173.454800000 	 0.473627000 
2328000 	 -173.454800000 	 0.473627000 
2328192 	 -173.461560000 	 0.466867000 
2328399 	 -173.461560000 	 0.466867000 
2328609 	 -173.461560000 	 0.466867000 
2328808 	 -173.461560000 	 0.466867000 
2329013 	 -173.461560000 	 0.466867000 
2329209 	 -173.461560000 	 0.466867000 
2329402 	 -173.461560000 	 0.466867000 
2329656 	 -173.461560000 	 0.466867000 
2329893 	 -173.461560000 	 0.466867000 
2330137 	 -173.461560000 	 0.466867000 
2330372 	 -173.461560000 	 0.466867000 
2330611 	 -173.461560000 	 0.466867000 
2330860 	 -173.461560000 	 0.466867000 
2331094 	 -173.461560000 	 0.466867000 
2331342 	 -173.461560000 	 0.466867000 
2331586 	 -173.461560000 	 0.466867000 
2331831 	 -173.461560000 	 0.466867000 
2332027 	 -173.461560000 	 0.466867000 
2332219 	 -173.461560000 	 0.466867000 
2332430 	 -173.461560000 	 0.466867000 
2332621 	 -173.461560000 	 0.466867000 
2332808 	 -173.461560000 	 0.466867000 
2332988 	 -173.461560000 	 0.466867000 
2333183 	 -173.461560000 	 0.466867000 
2333375 	 -173.461560000 	 0.466867000 
2333553 	 -173.461560000 	 0.466867000 
2333746 	 -173.461560000 	 0.466867000 
2333989 	 -173.461560000 	 0.466867000 
2334226 	 -173.461560000 	 0.466867000 
2334456 	 -173.461560000 	 0.466867000 
2334672 	 -173.461560000 	 0.466867000 
2334915 	 -173.461560000 	 0.466867000 
2335149 	 -173.461560000 	 0.466867000 
2335384 	 -173.461560000 	 0.466867000 
2335632 	 -173.461560000 	 0.466867000 
2335878 	 -173.461560000 	 0.466867000 
2336116 	 -173.461560000 	 0.466867000 
2336302 	 -173.461560000 	 0.466867000 
2336513 	 -173.461560000 	 0.466867000 
2336708 	 -173.461560000 	 0.466867000 
2336901 	 -173.461560000 	 0.466867000 
2337091 	 -173.461560000 	 0.466867000 
2337288 	 -173.461560000 	 0.466867000 
2337506 	 -173.461560000 	 0.466867000 
2337721 	 -173.461560000 	 0.466867000 
2337900 	 -173.461560000 	 0.466867000 
2338086 	 -173.461560000 	 0.466867000 
2338313 	 -173.461560000 	 0.466867000 
2338561 	 -173.461560000 	 0.466867000 
2338778 	 -173.461560000 	 0.466867000 
2339011 	 -173.461560000 	 0.466867000 
2339233 	 -173.461560000 	 0.466867000 
2339488 	 -173.461560000 	 0.466867000 
2339721 	 -173.461560000 	 0.466867000 
2339964 	 -173.461560000 	 0.466867000 
2340190 	 -173.461560000 	 0.466867000 
2340402 	 -173.461560000 	 0.466867000 
2340621 	 -173.461560000 	 0.466867000 
2340826 	 -173.461560000 	 0.466867000 
2341042 	 -173.461560000 	 0.466867000 
2341255 	 -173.461560000 	 0.466867000 
2341471 	 -173.461560000 	 0.466867000 
2341675 	 -173.461560000 	 0.466867000 
2341902 	 -173.461560000 	 0.466867000 
2342104 	 -173.461560000 	 0.466867000 
2342317 	 -173.461560000 	 0.466867000 
2342516 	 -173.461560000 	 0.466867000 
2342745 	 -173.461560000 	 0.466867000 
2342982 	 -173.461560000 	 0.466867000 
2343191 	 -173.461560000 	 0.466867000 
2343414 	 -173.461560000 	 0.466867000 
2343639 	 -173.461560000 	 0.466867000 
2343871 	 -173.461560000 	 0.466867000 
2344086 	 -173.461560000 	 0.466867000 
2344310 	 -173.461560000 	 0.466867000 
2344544 	 -173.461560000 	 0.466867000 
2344779 	 -173.461560000 	 0.466867000 
2344984 	 -173.461560000 	 0.466867000 
2345192 	 -173.461560000 	 0.466867000 
2345387 	 -173.461560000 	 0.466867000 
2345597 	 -173.461560000 	 0.466867000 
2345805 	 -173.461560000 	 0.466867000 
2346022 	 -173.461560000 	 0.466867000 
2346234 	 -173.461560000 	 0.466867000 
2346444 	 -173.461560000 	 0.466867000 
2346658 	 -173.461560000 	 0.466867000 
2346876 	 -173.461560000 	 0.466867000 
2347096 	 -173.461560000 	 0.466867000 
2347333 	 -173.461560000 	 0.466867000 
2347568 	 -173.461560000 	 0.466867000 
2347788 	 -173.461560000 	 0.466867000 
2348019 	 -173.461560000 	 0.466867000 
2348221 	 -173.461560000 	 0.466867000 
2348454 	 -173.461560000 	 0.466867000 
2348688 	 -173.461560000 	 0.466867000 
2348895 	 -173.461560000 	 0.466867000 
2349122 	 -173.461560000 	 0.466867000 
2349327 	 -173.461560000 	 0.466867000 
2349533 	 -173.461560000 	 0.466867000 
2349736 	 -173.461560000 	 0.466867000 
2349941 	 -173.461560000 	 0.466867000 
2350161 	 -173.461560000 	 0.466867000 
2350391 	 -173.461560000 	 0.466867000 
2350607 	 -173.461560000 	 0.466867000 
2350817 	 -173.461560000 	 0.466867000 
2351023 	 -173.461560000 	 0.466867000 
2351252 	 -173.461560000 	 0.466867000 
2351453 	 -173.461560000 	 0.466867000 
2351673 	 -173.461560000 	 0.466867000 
2351898 	 -173.461560000 	 0.466867000 
2352110 	 -173.461560000 	 0.466867000 
2352318 	 -173.461560000 	 0.466867000 
2352526 	 -173.461560000 	 0.466867000 
2352742 	 -173.461560000 	 0.466867000 
2352965 	 -173.461560000 	 0.466867000 
2353182 	 -173.461560000 	 0.466867000 
2353389 	 -173.461560000 	 0.466867000 
2353616 	 -173.461560000 	 0.466867000 
2353819 	 -173.461560000 	 0.466867000 
2354032 	 -173.461560000 	 0.466867000 
2354250 	 -173.461560000 	 0.466867000 
2354461 	 -173.461560000 	 0.466867000 
2354686 	 -173.461560000 	 0.466867000 
2354903 	 -173.461560000 	 0.466867000 
2355111 	 -173.461560000 	 0.466867000 
2355333 	 -173.461560000 	 0.466867000 
2355553 	 -173.461560000 	 0.466867000 
2355769 	 -173.461560000 	 0.466867000 
2355984 	 -173.461560000 	 0.466867000 
2356183 	 -173.461560000 	 0.466867000 
2356381 	 -173.461560000 	 0.466867000 
2356598 	 -173.461560000 	 0.466867000 
2356824 	 -173.461560000 	 0.466867000 
2357024 	 -173.461560000 	 0.466867000 
2357219 	 -173.461560000 	 0.466867000 
2357417 	 -173.461560000 	 0.466867000 
2357616 	 -173.461560000 	 0.466867000 
2357834 	 -173.461560000 	 0.466867000 
2358043 	 -173.461560000 	 0.466867000 
2358264 	 -173.461560000 	 0.466867000 
2358492 	 -173.461560000 	 0.466867000 
2358724 	 -173.461560000 	 0.466867000 
2358965 	 -173.461560000 	 0.466867000 
2359189 	 -173.461560000 	 0.466867000 
2359421 	 -173.461560000 	 0.466867000 
2359661 	 -173.461560000 	 0.466867000 
2359892 	 -173.461560000 	 0.466867000 
2360110 	 -173.461560000 	 0.466867000 
2360326 	 -173.461560000 	 0.466867000 
2360533 	 -173.461560000 	 0.466867000 
2360746 	 -173.461560000 	 0.466867000 
2360962 	 -173.461560000 	 0.466867000 
2361169 	 -173.461560000 	 0.466867000 
2361364 	 -173.461560000 	 0.466867000 
2361555 	 -173.461560000 	 0.466867000 
2361747 	 -173.461560000 	 0.466867000 
2361951 	 -173.461560000 	 0.466867000 
2362181 	 -173.461560000 	 0.466867000 
2362405 	 -173.461560000 	 0.466867000 
2362628 	 -173.461560000 	 0.466867000 
2362842 	 -173.461560000 	 0.466867000 
2363075 	 -173.461560000 	 0.466867000 
2363280 	 -173.461560000 	 0.466867000 
2363495 	 -173.461560000 	 0.466867000 
2363714 	 -173.461560000 	 0.466867000 
2363935 	 -173.461560000 	 0.466867000 
2364161 	 -173.461560000 	 0.466867000 
2364381 	 -173.461560000 	 0.466867000 
2364590 	 -173.461560000 	 0.466867000 
2364785 	 -173.461560000 	 0.466867000 
2365001 	 -173.461560000 	 0.466867000 
2365196 	 -173.461560000 	 0.466867000 
2365399 	 -173.461560000 	 0.466867000 
2365595 	 -173.461560000 	 0.466867000 
2365806 	 -173.461560000 	 0.466867000 
2365998 	 -173.461560000 	 0.466867000 
2366192 	 -173.461560000 	 0.466867000 
2366436 	 -173.461560000 	 0.466867000 
2366661 	 -173.461560000 	 0.466867000 
2366902 	 -173.461560000 	 0.466867000 
2367127 	 -173.461560000 	 0.466867000 
2367371 	 -173.461560000 	 0.466867000 
2367603 	 -173.461560000 	 0.466867000 
2367844 	 -173.461560000 	 0.466867000 
2368078 	 -173.461560000 	 0.466867000 
2368329 	 -173.461560000 	 0.466867000 
2368564 	 -173.461560000 	 0.466867000 
2368763 	 -173.461560000 	 0.466867000 
2368970 	 -173.461560000 	 0.466867000 
2369177 	 -173.461560000 	 0.466867000 
2369360 	 -173.461560000 	 0.466867000 
2369570 	 -173.461560000 	 0.466867000 
2369767 	 -173.461560000 	 0.466867000 
2369971 	 -173.461560000 	 0.466867000 
2370181 	 -173.461560000 	 0.466867000 
2370394 	 -173.461560000 	 0.466867000 
2370610 	 -173.461560000 	 0.466867000 
2370851 	 -173.461560000 	 0.466867000 
2371079 	 -173.461560000 	 0.466867000 
2371310 	 -173.461560000 	 0.466867000 
2371534 	 -173.461560000 	 0.466867000 
2371735 	 -173.461560000 	 0.466867000 
2371977 	 -173.461560000 	 0.466867000 
2372194 	 -173.461560000 	 0.466867000 
2372429 	 -173.461560000 	 0.466867000 
2372656 	 -173.461560000 	 0.466867000 
2372890 	 -173.461560000 	 0.466867000 
2373106 	 -173.461560000 	 0.466867000 
2373301 	 -173.461560000 	 0.466867000 
2373509 	 -173.461560000 	 0.466867000 
2373715 	 -173.461560000 	 0.466867000 
2373916 	 -173.461560000 	 0.466867000 
2374121 	 -173.461560000 	 0.466867000 
2374338 	 -173.461560000 	 0.466867000 
2374538 	 -173.461560000 	 0.466867000 
2374731 	 -173.461560000 	 0.466867000 
2374943 	 -173.461560000 	 0.466867000 
2375179 	 -173.461560000 	 0.466867000 
2375411 	 -173.461560000 	 0.466867000 
2375630 	 -173.461560000 	 0.466867000 
2375851 	 -173.461560000 	 0.466867000 
2376071 	 -173.461560000 	 0.466867000 
2376305 	 -173.461560000 	 0.466867000 
2376537 	 -173.461560000 	 0.466867000 
2376772 	 -173.461560000 	 0.466867000 
2377008 	 -173.461560000 	 0.466867000 
2377234 	 -173.461560000 	 0.466867000 
2377437 	 -173.461560000 	 0.466867000 
2377648 	 -173.461560000 	 0.466867000 
2377863 	 -173.461560000 	 0.466867000 
2378066 	 -173.461560000 	 0.466867000 
2378264 	 -173.461560000 	 0.466867000 
2378476 	 -173.461560000 	 0.466867000 
2378685 	 -173.461560000 	 0.466867000 
2378887 	 -173.461560000 	 0.466867000 
2379077 	 -173.461560000 	 0.466867000 
2379271 	 -173.461560000 	 0.466867000 
2379515 	 -173.461560000 	 0.466867000 
2379743 	 -173.461560000 	 0.466867000 
2379962 	 -173.461560000 	 0.466867000 
2380204 	 -173.461560000 	 0.466867000 
2380432 	 -173.461560000 	 0.466867000 
2380679 	 -173.461560000 	 0.466867000 
2380909 	 -173.461560000 	 0.466867000 
2381142 	 -173.461560000 	 0.466867000 
2381380 	 -173.461560000 	 0.466867000 
2381606 	 -173.461560000 	 0.466867000 
2381811 	 -173.461560000 	 0.466867000 
2382017 	 -173.461560000 	 0.466867000 
2382226 	 -173.461560000 	 0.466867000 
2382434 	 -173.461560000 	 0.466867000 
2382639 	 -173.461560000 	 0.466867000 
2382843 	 -173.461560000 	 0.466867000 
2383051 	 -173.461560000 	 0.466867000 
2383257 	 -173.461560000 	 0.466867000 
2383454 	 -173.461560000 	 0.466867000 
2383662 	 -173.461560000 	 0.466867000 
2383887 	 -173.461560000 	 0.466867000 
2384118 	 -173.461560000 	 0.466867000 
2384362 	 -173.461560000 	 0.466867000 
2384590 	 -173.461560000 	 0.466867000 
2384834 	 -173.461560000 	 0.466867000 
2385061 	 -173.461560000 	 0.466867000 
2385291 	 -173.461560000 	 0.466867000 
2385532 	 -173.461560000 	 0.466867000 
2385765 	 -173.461560000 	 0.466867000 
2385988 	 -173.461560000 	 0.466867000 
2386193 	 -173.461560000 	 0.466867000 
2386395 	 -173.461560000 	 0.466867000 
2386589 	 -173.461560000 	 0.466867000 
2386811 	 -173.461560000 	 0.466867000 
2387010 	 -173.461560000 	 0.466867000 
2387215 	 -173.461560000 	 0.466867000 
2387427 	 -173.461560000 	 0.466867000 
2387639 	 -173.461560000 	 0.466867000 
2387851 	 -173.461560000 	 0.466867000 
2388058 	 -173.461560000 	 0.466867000 
2388295 	 -173.461560000 	 0.466867000 
2388510 	 -173.461560000 	 0.466867000 
2388745 	 -173.461560000 	 0.466867000 
2388968 	 -173.461560000 	 0.466867000 
2389201 	 -173.461560000 	 0.466867000 
2389422 	 -173.461560000 	 0.466867000 
2389646 	 -173.461560000 	 0.466867000 
2389857 	 -173.461560000 	 0.466867000 
2390082 	 -173.461560000 	 0.466867000 
2390285 	 -173.461560000 	 0.466867000 
2390486 	 -173.461560000 	 0.466867000 
2390685 	 -173.461560000 	 0.466867000 
2390893 	 -173.461560000 	 0.466867000 
2391097 	 -173.461560000 	 0.466867000 
2391302 	 -173.461560000 	 0.466867000 
2391507 	 -173.461560000 	 0.466867000 
2391733 	 -173.461560000 	 0.466867000 
2391947 	 -173.461560000 	 0.466867000 
2392138 	 -173.461560000 	 0.466867000 
2392335 	 -173.461560000 	 0.466867000 
2392542 	 -173.461560000 	 0.466867000 
2392753 	 -173.461560000 	 0.466867000 
2392979 	 -173.461560000 	 0.466867000 
2393205 	 -173.461560000 	 0.466867000 
2393421 	 -173.461560000 	 0.466867000 
2393645 	 -173.461560000 	 0.466867000 
2393875 	 -173.461560000 	 0.466867000 
2394088 	 -173.461560000 	 0.466867000 
2394294 	 -173.461560000 	 0.466867000 
2394495 	 -173.461560000 	 0.466867000 
2394703 	 -173.461560000 	 0.466867000 
2394919 	 -173.461560000 	 0.466867000 
2395146 	 -173.461560000 	 0.466867000 
2395359 	 -173.461560000 	 0.466867000 
2395582 	 -173.461560000 	 0.466867000 
2395808 	 -173.461560000 	 0.466867000 
2396019 	 -173.461560000 	 0.466867000 
2396245 	 -173.461560000 	 0.466867000 
2396476 	 -173.461560000 	 0.466867000 
2396679 	 -173.461560000 	 0.466867000 
2396909 	 -173.461560000 	 0.466867000 
2397132 	 -173.461560000 	 0.466867000 
2397353 	 -173.461560000 	 0.466867000 
2397555 	 -173.461560000 	 0.466867000 
2397767 	 -173.461560000 	 0.466867000 
2397982 	 -173.461560000 	 0.466867000 
2398187 	 -173.461560000 	 0.466867000 
2398413 	 -173.461560000 	 0.466867000 
2398628 	 -173.461560000 	 0.466867000 
2398850 	 -173.461560000 	 0.466867000 
2399052 	 -173.461560000 	 0.466867000 
2399288 	 -173.461560000 	 0.466867000 
2399475 	 -173.461560000 	 0.466867000 
2399690 	 -173.461560000 	 0.466867000 
2399898 	 -173.461560000 	 0.466867000 
2400106 	 -173.461560000 	 0.466867000 
2400314 	 -173.461560000 	 0.466867000 
2400534 	 -173.461560000 	 0.466867000 
2400742 	 -173.461560000 	 0.466867000 
2400964 	 -173.461560000 	 0.466867000 
2401169 	 -173.461560000 	 0.466867000 
2401396 	 -173.461560000 	 0.466867000 
2401606 	 -173.461560000 	 0.466867000 
2401822 	 -173.461560000 	 0.466867000 
2402020 	 -173.461560000 	 0.466867000 
2402235 	 -173.461560000 	 0.466867000 
2402441 	 -173.461560000 	 0.466867000 
2402659 	 -173.461560000 	 0.466867000 
2402868 	 -173.461560000 	 0.466867000 
2403063 	 -173.461560000 	 0.466867000 
2403283 	 -173.461560000 	 0.466867000 
2403510 	 -173.461560000 	 0.466867000 
2403737 	 -173.461560000 	 0.466867000 
2403961 	 -173.461560000 	 0.466867000 
2404177 	 -173.461560000 	 0.466867000 
2404407 	 -173.461560000 	 0.466867000 
2404644 	 -173.461560000 	 0.466867000 
2404865 	 -173.461560000 	 0.466867000 
2405087 	 -173.461560000 	 0.466867000 
2405333 	 -173.461560000 	 0.466867000 
2405524 	 -173.461560000 	 0.466867000 
2405743 	 -173.461560000 	 0.466867000 
2405965 	 -173.461560000 	 0.466867000 
2406180 	 -173.461560000 	 0.466867000 
2406391 	 -173.461560000 	 0.466867000 
2406602 	 -173.461560000 	 0.466867000 
2406812 	 -173.461560000 	 0.466867000 
2407012 	 -173.461560000 	 0.466867000 
2407233 	 -173.461560000 	 0.466867000 
2407434 	 -173.461560000 	 0.466867000 
2407672 	 -173.461560000 	 0.466867000 
2407917 	 -173.461560000 	 0.466867000 
2408145 	 -173.461560000 	 0.466867000 
2408358 	 -173.461560000 	 0.466867000 
2408593 	 -173.461560000 	 0.466867000 
2408817 	 -173.461560000 	 0.466867000 
2409044 	 -173.461560000 	 0.466867000 
2409298 	 -173.461560000 	 0.466867000 
2409533 	 -173.461560000 	 0.466867000 
2409767 	 -173.461560000 	 0.466867000 
2409974 	 -173.461560000 	 0.466867000 
2410169 	 -173.461560000 	 0.466867000 
2410364 	 -173.461560000 	 0.466867000 
2410571 	 -173.461560000 	 0.466867000 
2410777 	 -173.461560000 	 0.466867000 
2410979 	 -173.461560000 	 0.466867000 
2411175 	 -173.461560000 	 0.466867000 
2411377 	 -173.461560000 	 0.466867000 
2411574 	 -173.461560000 	 0.466867000 
2411769 	 -173.461560000 	 0.466867000 
2412018 	 -173.461560000 	 0.466867000 
2412259 	 -173.461560000 	 0.466867000 
2412497 	 -173.461560000 	 0.466867000 
2412743 	 -173.461560000 	 0.466867000 
2412961 	 -173.461560000 	 0.466867000 
2413210 	 -173.461560000 	 0.466867000 
2413464 	 -173.461560000 	 0.466867000 
2413713 	 -173.461560000 	 0.466867000 
2413953 	 -173.461560000 	 0.466867000 
2414176 	 -173.461560000 	 0.466867000 
2414381 	 -173.461560000 	 0.466867000 
2414581 	 -173.461560000 	 0.466867000 
2414784 	 -173.461560000 	 0.466867000 
2414976 	 -173.461560000 	 0.466867000 
2415176 	 -173.461560000 	 0.466867000 
2415364 	 -173.461560000 	 0.466867000 
2415574 	 -173.461560000 	 0.466867000 
2415768 	 -173.461560000 	 0.466867000 
2415970 	 -173.461560000 	 0.466867000 
2416161 	 -173.461560000 	 0.466867000 
2416398 	 -173.461560000 	 0.466867000 
2416638 	 -173.461560000 	 0.466867000 
2416874 	 -173.461560000 	 0.466867000 
2417105 	 -173.461560000 	 0.466867000 
2417332 	 -173.461560000 	 0.466867000 
2417578 	 -173.461560000 	 0.466867000 
2417805 	 -173.461560000 	 0.466867000 
2418049 	 -173.461560000 	 0.466867000 
2418262 	 -173.461560000 	 0.466867000 
2418479 	 -173.461560000 	 0.466867000 
2418668 	 -173.461560000 	 0.466867000 
2418868 	 -173.461560000 	 0.466867000 
2419064 	 -173.461560000 	 0.466867000 
2419262 	 -173.461560000 	 0.466867000 
2419475 	 -173.461560000 	 0.466867000 
2419670 	 -173.461560000 	 0.466867000 
2419876 	 -173.461560000 	 0.466867000 
2420088 	 -173.461560000 	 0.466867000 
2420287 	 -173.461560000 	 0.466867000 
2420491 	 -173.461560000 	 0.466867000 
2420722 	 -173.461560000 	 0.466867000 
2420947 	 -173.461560000 	 0.466867000 
2421178 	 -173.461560000 	 0.466867000 
2421430 	 -173.461560000 	 0.466867000 
2421659 	 -173.461560000 	 0.466867000 
2421909 	 -173.461560000 	 0.466867000 
2422145 	 -173.461560000 	 0.466867000 
2422393 	 -173.461560000 	 0.466867000 
2422628 	 -173.461560000 	 0.466867000 
2422860 	 -173.461560000 	 0.466867000 
2423057 	 -173.461560000 	 0.466867000 
2423257 	 -173.461560000 	 0.466867000 
2423455 	 -173.461560000 	 0.466867000 
2423655 	 -173.461560000 	 0.466867000 
2423845 	 -173.461560000 	 0.466867000 
2424038 	 -173.461560000 	 0.466867000 
2424229 	 -173.461560000 	 0.466867000 
2424413 	 -173.461560000 	 0.466867000 
2424606 	 -173.461560000 	 0.466867000 
2424805 	 -173.461560000 	 0.466867000 
2425046 	 -173.461560000 	 0.466867000 
2425299 	 -173.461560000 	 0.466867000 
2425525 	 -173.461560000 	 0.466867000 
2425761 	 -173.461560000 	 0.466867000 
2425988 	 -173.461560000 	 0.466867000 
2426227 	 -173.461560000 	 0.466867000 
2426451 	 -173.461560000 	 0.466867000 
2426682 	 -173.461560000 	 0.466867000 
2426908 	 -173.461560000 	 0.466867000 
2427134 	 -173.461560000 	 0.466867000 
2427326 	 -173.461560000 	 0.466867000 
2427532 	 -173.461560000 	 0.466867000 
2427755 	 -173.461560000 	 0.466867000 
2427963 	 -173.461560000 	 0.466867000 
2428171 	 -173.461560000 	 0.466867000 
2428386 	 -173.461560000 	 0.466867000 
2428591 	 -173.461560000 	 0.466867000 
2428796 	 -173.461560000 	 0.466867000 
2429010 	 -173.461560000 	 0.466867000 
2429213 	 -173.461560000 	 0.466867000 
2429433 	 -173.461560000 	 0.466867000 
2429656 	 -173.461560000 	 0.466867000 
2429872 	 -173.461560000 	 0.466867000 
2430094 	 -173.461560000 	 0.466867000 
2430321 	 -173.461560000 	 0.466867000 
2430563 	 -173.461560000 	 0.466867000 
2430795 	 -173.461560000 	 0.466867000 
2430996 	 -173.461560000 	 0.466867000 
2431227 	 -173.461560000 	 0.466867000 
2431455 	 -173.461560000 	 0.466867000 
2431662 	 -173.461560000 	 0.466867000 
2431870 	 -173.461560000 	 0.466867000 
2432100 	 -173.461560000 	 0.466867000 
2432321 	 -173.461560000 	 0.466867000 
2432533 	 -173.461560000 	 0.466867000 
2432750 	 -173.461560000 	 0.466867000 
2432962 	 -173.461560000 	 0.466867000 
2433181 	 -173.461560000 	 0.466867000 
2433385 	 -173.461560000 	 0.466867000 
2433597 	 -173.461560000 	 0.466867000 
2433824 	 -173.461560000 	 0.466867000 
2434042 	 -173.461560000 	 0.466867000 
2434254 	 -173.461560000 	 0.466867000 
2434455 	 -173.461560000 	 0.466867000 
2434684 	 -173.461560000 	 0.466867000 
2434902 	 -173.461560000 	 0.466867000 
2435120 	 -173.461560000 	 0.466867000 
2435351 	 -173.461560000 	 0.466867000 
2435573 	 -173.461560000 	 0.466867000 
2435779 	 -173.461560000 	 0.466867000 
2435993 	 -173.461560000 	 0.466867000 
2436198 	 -173.461560000 	 0.466867000 
2436403 	 -173.461560000 	 0.466867000 
2436600 	 -173.461560000 	 0.466867000 
2436808 	 -173.461560000 	 0.466867000 
2436998 	 -173.461560000 	 0.466867000 
2437191 	 -173.461560000 	 0.466867000 
2437386 	 -173.461560000 	 0.466867000 
2437614 	 -173.461560000 	 0.466867000 
2437816 	 -173.461560000 	 0.466867000 
2438030 	 -173.461560000 	 0.466867000 
2438257 	 -173.461560000 	 0.466867000 
2438477 	 -173.461560000 	 0.466867000 
2438698 	 -173.461560000 	 0.466867000 
2438898 	 -173.461560000 	 0.466867000 
2439114 	 -173.461560000 	 0.466867000 
2439339 	 -173.461560000 	 0.466867000 
2439564 	 -173.461560000 	 0.466867000 
2439773 	 -173.461560000 	 0.466867000 
2439992 	 -173.461560000 	 0.466867000 
2440206 	 -173.461560000 	 0.466867000 
2440420 	 -173.461560000 	 0.466867000 
2440633 	 -173.461560000 	 0.466867000 
2440859 	 -173.461560000 	 0.466867000 
2441055 	 -173.461560000 	 0.466867000 
2441281 	 -173.461560000 	 0.466867000 
2441521 	 -173.461560000 	 0.466867000 
2441756 	 -173.461560000 	 0.466867000 
2441976 	 -173.461560000 	 0.466867000 
2442194 	 -173.461560000 	 0.466867000 
2442377 	 -173.461560000 	 0.466867000 
2442588 	 -173.461560000 	 0.466867000 
2442804 	 -173.461560000 	 0.466867000 
2443020 	 -173.461560000 	 0.466867000 
2443226 	 -173.461560000 	 0.466867000 
2443437 	 -173.461560000 	 0.466867000 
2443633 	 -173.461560000 	 0.466867000 
2443835 	 -173.461560000 	 0.466867000 
2444031 	 -173.461560000 	 0.466867000 
2444224 	 -173.461560000 	 0.466867000 
2444453 	 -173.461560000 	 0.466867000 
2444695 	 -173.461560000 	 0.466867000 
2444911 	 -173.461560000 	 0.466867000 
2445137 	 -173.461560000 	 0.466867000 
2445362 	 -173.461560000 	 0.466867000 
2445587 	 -173.461560000 	 0.466867000 
2445787 	 -173.461560000 	 0.466867000 
2446018 	 -173.461560000 	 0.466867000 
2446254 	 -173.461560000 	 0.466867000 
2446464 	 -173.461560000 	 0.466867000 
2446667 	 -173.461560000 	 0.466867000 
2446872 	 -173.461560000 	 0.466867000 
2447067 	 -173.461560000 	 0.466867000 
2447272 	 -173.461560000 	 0.466867000 
2447475 	 -173.461560000 	 0.466867000 
2447670 	 -173.461560000 	 0.466867000 
2447869 	 -173.461560000 	 0.466867000 
2448083 	 -173.461560000 	 0.466867000 
2448291 	 -173.461560000 	 0.466867000 
2448486 	 -173.461560000 	 0.466867000 
2448711 	 -173.461560000 	 0.466867000 
2448938 	 -173.461560000 	 0.466867000 
2449161 	 -173.461560000 	 0.466867000 
2449390 	 -173.461560000 	 0.466867000 
2449602 	 -173.461560000 	 0.466867000 
2449824 	 -173.461560000 	 0.466867000 
2450044 	 -173.461560000 	 0.466867000 
2450278 	 -173.461560000 	 0.466867000 
2450503 	 -173.461560000 	 0.466867000 
2450719 	 -173.461560000 	 0.466867000 
2450924 	 -173.461560000 	 0.466867000 
2451132 	 -173.461560000 	 0.466867000 
2451322 	 -173.461560000 	 0.466867000 
2451501 	 -173.461560000 	 0.466867000 
2451696 	 -173.461560000 	 0.466867000 
2451878 	 -173.461560000 	 0.466867000 
2452078 	 -173.461560000 	 0.466867000 
2452282 	 -173.461560000 	 0.466867000 
2452471 	 -173.461560000 	 0.466867000 
2452688 	 -173.461560000 	 0.466867000 
2452941 	 -173.461560000 	 0.466867000 
2453181 	 -173.461560000 	 0.466867000 
2453426 	 -173.461560000 	 0.466867000 
2453658 	 -173.461560000 	 0.466867000 
2453889 	 -173.461560000 	 0.466867000 
2454137 	 -173.461560000 	 0.466867000 
2454373 	 -173.461560000 	 0.466867000 
2454608 	 -173.461560000 	 0.466867000 
2454831 	 -173.461560000 	 0.466867000 
2455068 	 -173.461560000 	 0.466867000 
2455266 	 -173.461560000 	 0.466867000 
2455472 	 -173.461560000 	 0.466867000 
2455677 	 -173.461560000 	 0.466867000 
2455894 	 -173.461560000 	 0.466867000 
2456091 	 -173.461560000 	 0.466867000 
2456311 	 -173.461560000 	 0.466867000 
2456507 	 -173.461560000 	 0.466867000 
2456694 	 -173.461560000 	 0.466867000 
2456902 	 -173.461560000 	 0.466867000 
2457106 	 -173.461560000 	 0.466867000 
2457344 	 -173.461560000 	 0.466867000 
2457589 	 -173.461560000 	 0.466867000 
2457806 	 -173.461560000 	 0.466867000 
2458021 	 -173.461560000 	 0.466867000 
2458243 	 -173.461560000 	 0.466867000 
2458478 	 -173.461560000 	 0.466867000 
2458721 	 -173.461560000 	 0.466867000 
2458950 	 -173.461560000 	 0.466867000 
2459177 	 -173.461560000 	 0.466867000 
2459412 	 -173.461560000 	 0.466867000 
2459608 	 -173.461560000 	 0.466867000 
2459826 	 -173.461560000 	 0.466867000 
2460047 	 -173.461560000 	 0.466867000 
2460257 	 -173.461560000 	 0.466867000 
2460473 	 -173.461560000 	 0.466867000 
2460682 	 -173.461560000 	 0.466867000 
2460887 	 -173.461560000 	 0.466867000 
2461089 	 -173.461560000 	 0.466867000 
2461299 	 -173.461560000 	 0.466867000 
2461497 	 -173.461560000 	 0.466867000 
2461717 	 -173.461560000 	 0.466867000 
2461970 	 -173.461560000 	 0.466867000 
2462208 	 -173.461560000 	 0.466867000 
2462422 	 -173.461560000 	 0.466867000 
2462659 	 -173.461560000 	 0.466867000 
2462902 	 -173.461560000 	 0.466867000 
2463131 	 -173.461560000 	 0.466867000 
2463371 	 -173.461560000 	 0.466867000 
2463613 	 -173.461560000 	 0.466867000 
2463873 	 -173.461560000 	 0.466867000 
2464076 	 -173.461560000 	 0.466867000 
2464275 	 -173.461560000 	 0.466867000 
2464503 	 -173.461560000 	 0.466867000 
2464716 	 -173.461560000 	 0.466867000 
2464920 	 -173.461560000 	 0.466867000 
2465137 	 -173.461560000 	 0.466867000 
2465330 	 -173.461560000 	 0.466867000 
2465523 	 -173.461560000 	 0.466867000 
2465733 	 -173.461560000 	 0.466867000 
2465932 	 -173.461560000 	 0.466867000 
2466171 	 -173.461560000 	 0.466867000 
2466406 	 -173.461560000 	 0.466867000 
2466640 	 -173.461560000 	 0.466867000 
2466872 	 -173.461560000 	 0.466867000 
2467091 	 -173.461560000 	 0.466867000 
2467333 	 -173.461560000 	 0.466867000 
2467570 	 -173.461560000 	 0.466867000 
2467808 	 -173.461560000 	 0.466867000 
2468028 	 -173.461560000 	 0.466867000 
2468239 	 -173.461560000 	 0.466867000 
2468441 	 -173.461560000 	 0.466867000 
2468639 	 -173.461560000 	 0.466867000 
2468833 	 -173.461560000 	 0.466867000 
2469039 	 -173.461560000 	 0.466867000 
2469240 	 -173.461560000 	 0.466867000 
2469448 	 -173.461560000 	 0.466867000 
2469652 	 -173.461560000 	 0.466867000 
2469858 	 -173.461560000 	 0.466867000 
2470047 	 -173.461560000 	 0.466867000 
2470251 	 -173.461560000 	 0.466867000 
2470468 	 -173.461560000 	 0.466867000 
2470684 	 -173.461560000 	 0.466867000 
2470926 	 -173.461560000 	 0.466867000 
2471171 	 -173.461560000 	 0.466867000 
2471398 	 -173.461560000 	 0.466867000 
2471633 	 -173.461560000 	 0.466867000 
2471860 	 -173.461560000 	 0.466867000 
2472082 	 -173.461560000 	 0.466867000 
2472309 	 -173.461560000 	 0.466867000 
2472531 	 -173.461560000 	 0.466867000 
2472741 	 -173.461560000 	 0.466867000 
2472967 	 -173.461560000 	 0.466867000 
2473186 	 -173.461560000 	 0.466867000 
2473398 	 -173.461560000 	 0.466867000 
2473604 	 -173.461560000 	 0.466867000 
2473804 	 -173.461560000 	 0.466867000 
2474003 	 -173.461560000 	 0.466867000 
2474219 	 -173.461560000 	 0.466867000 
2474431 	 -173.461560000 	 0.466867000 
2474633 	 -173.461560000 	 0.466867000 
2474852 	 -173.461560000 	 0.466867000 
2475077 	 -173.461560000 	 0.466867000 
2475296 	 -173.461560000 	 0.466867000 
2475534 	 -173.461560000 	 0.466867000 
2475742 	 -173.461560000 	 0.466867000 
2475982 	 -173.461560000 	 0.466867000 
2476209 	 -173.461560000 	 0.466867000 
2476439 	 -173.461560000 	 0.466867000 
2476671 	 -173.461560000 	 0.466867000 
2476897 	 -173.461560000 	 0.466867000 
2477101 	 -173.461560000 	 0.466867000 
2477316 	 -173.461560000 	 0.466867000 
2477541 	 -173.461560000 	 0.466867000 
2477752 	 -173.461560000 	 0.466867000 
2477960 	 -173.461560000 	 0.466867000 
2478175 	 -173.461560000 	 0.466867000 
2478395 	 -173.461560000 	 0.466867000 
2478606 	 -173.461560000 	 0.466867000 
2478817 	 -173.461560000 	 0.466867000 
2479030 	 -173.461560000 	 0.466867000 
2479247 	 -173.461560000 	 0.466867000 
2479475 	 -173.461560000 	 0.466867000 
2479700 	 -173.461560000 	 0.466867000 
2479917 	 -173.461560000 	 0.466867000 
2480127 	 -173.461560000 	 0.466867000 
2480356 	 -173.461560000 	 0.466867000 
2480575 	 -173.461560000 	 0.466867000 
2480801 	 -173.461560000 	 0.466867000 
2481024 	 -173.461560000 	 0.466867000 
2481251 	 -173.461560000 	 0.466867000 
2481444 	 -173.461560000 	 0.466867000 
2481663 	 -173.461560000 	 0.466867000 
2481882 	 -173.461560000 	 0.466867000 
2482100 	 -173.461560000 	 0.466867000 
2482313 	 -173.461560000 	 0.466867000 
2482539 	 -173.461560000 	 0.466867000 
2482767 	 -173.461560000 	 0.466867000 
2482979 	 -173.461560000 	 0.466867000 
2483188 	 -173.461560000 	 0.466867000 
2483398 	 -173.461560000 	 0.466867000 
2483594 	 -173.461560000 	 0.466867000 
2483804 	 -173.461560000 	 0.466867000 
2484005 	 -173.461560000 	 0.466867000 
2484209 	 -173.461560000 	 0.466867000 
2484415 	 -173.461560000 	 0.466867000 
2484631 	 -173.461560000 	 0.466867000 
2484840 	 -173.461560000 	 0.466867000 
2485068 	 -173.461560000 	 0.466867000 
2485281 	 -173.461560000 	 0.466867000 
2485495 	 -173.461560000 	 0.466867000 
2485728 	 -173.461560000 	 0.466867000 
2485964 	 -173.461560000 	 0.466867000 
2486203 	 -173.461560000 	 0.466867000 
2486437 	 -173.461560000 	 0.466867000 
2486666 	 -173.461560000 	 0.466867000 
2486898 	 -173.461560000 	 0.466867000 
2487140 	 -173.461560000 	 0.466867000 
2487364 	 -173.461560000 	 0.466867000 
2487604 	 -173.461560000 	 0.466867000 
2487833 	 -173.461560000 	 0.466867000 
2488043 	 -173.461560000 	 0.466867000 
2488258 	 -173.461560000 	 0.466867000 
2488479 	 -173.461560000 	 0.466867000 
2488707 	 -173.461560000 	 0.466867000 
2488921 	 -173.461560000 	 0.466867000 
2489138 	 -173.461560000 	 0.466867000 
2489331 	 -173.461560000 	 0.466867000 
2489527 	 -173.461560000 	 0.466867000 
2489750 	 -173.461560000 	 0.466867000 
2489950 	 -173.461560000 	 0.466867000 
2490176 	 -173.461560000 	 0.466867000 
2490389 	 -173.461560000 	 0.466867000 
2490607 	 -173.461560000 	 0.466867000 
2490820 	 -173.461560000 	 0.466867000 
2491046 	 -173.461560000 	 0.466867000 
2491264 	 -173.461560000 	 0.466867000 
2491479 	 -173.461560000 	 0.466867000 
2491704 	 -173.461560000 	 0.466867000 
2491941 	 -173.461560000 	 0.466867000 
2492169 	 -173.461560000 	 0.466867000 
2492358 	 -173.461560000 	 0.466867000 
2492586 	 -173.461560000 	 0.466867000 
2492783 	 -173.461560000 	 0.466867000 
2492975 	 -173.461560000 	 0.466867000 
2493168 	 -173.461560000 	 0.466867000 
2493360 	 -173.461560000 	 0.466867000 
2493548 	 -173.461560000 	 0.466867000 
2493740 	 -173.461560000 	 0.466867000 
2493940 	 -173.461560000 	 0.466867000 
2494153 	 -173.461560000 	 0.466867000 
2494392 	 -173.461560000 	 0.466867000 
2494625 	 -173.461560000 	 0.466867000 
2494855 	 -173.461560000 	 0.466867000 
2495109 	 -173.461560000 	 0.466867000 
2495336 	 -173.461560000 	 0.466867000 
2495563 	 -173.461560000 	 0.466867000 
2495807 	 -173.461560000 	 0.466867000 
2496048 	 -173.461560000 	 0.466867000 
2496280 	 -173.461560000 	 0.466867000 
2496518 	 -173.461560000 	 0.466867000 
2496700 	 -173.461560000 	 0.466867000 
2496898 	 -173.461560000 	 0.466867000 
2497105 	 -173.461560000 	 0.466867000 
2497305 	 -173.461560000 	 0.466867000 
2497497 	 -173.461560000 	 0.466867000 
2497712 	 -173.461560000 	 0.466867000 
2497919 	 -173.461560000 	 0.466867000 
2498117 	 -173.461560000 	 0.466867000 
2498326 	 -173.461560000 	 0.466867000 
2498525 	 -173.461560000 	 0.466867000 
2498731 	 -173.461560000 	 0.466867000 
2498967 	 -173.461560000 	 0.466867000 
2499186 	 -173.461560000 	 0.466867000 
2499399 	 -173.461560000 	 0.466867000 
2499620 	 -173.461560000 	 0.466867000 
2499844 	 -173.461560000 	 0.466867000 
2500077 	 -173.461560000 	 0.466867000 
2500313 	 -173.461560000 	 0.466867000 
2500536 	 -173.461560000 	 0.466867000 
2500782 	 -173.461560000 	 0.466867000 
2500996 	 -173.461560000 	 0.466867000 
2501193 	 -173.461560000 	 0.466867000 
2501392 	 -173.461560000 	 0.466867000 
2501602 	 -173.461560000 	 0.466867000 
2501807 	 -173.461560000 	 0.466867000 
2501997 	 -173.461560000 	 0.466867000 
2502205 	 -173.461560000 	 0.466867000 
2502398 	 -173.461560000 	 0.466867000 
2502594 	 -173.461560000 	 0.466867000 
2502791 	 -173.461560000 	 0.466867000 
2503018 	 -173.461560000 	 0.466867000 
2503270 	 -173.461560000 	 0.466867000 
2503502 	 -173.461560000 	 0.466867000 
2503748 	 -173.461560000 	 0.466867000 
2503976 	 -173.461560000 	 0.466867000 
2504210 	 -173.461560000 	 0.466867000 
2504466 	 -173.461560000 	 0.466867000 
2504710 	 -173.461560000 	 0.466867000 
2504947 	 -173.461560000 	 0.466867000 
2505191 	 -173.461560000 	 0.466867000 
2505390 	 -173.461560000 	 0.466867000 
2505588 	 -173.461560000 	 0.466867000 
2505787 	 -173.461560000 	 0.466867000 
2505972 	 -173.461560000 	 0.466867000 
2506162 	 -173.461560000 	 0.466867000 
2506369 	 -173.461560000 	 0.466867000 
2506569 	 -173.461560000 	 0.466867000 
2506764 	 -173.461560000 	 0.466867000 
2506976 	 -173.461560000 	 0.466867000 
2507170 	 -173.461560000 	 0.466867000 
2507404 	 -173.461560000 	 0.466867000 
2507658 	 -173.461560000 	 0.466867000 
2507879 	 -173.461560000 	 0.466867000 
2508109 	 -173.461560000 	 0.466867000 
2508367 	 -173.461560000 	 0.466867000 
2508624 	 -173.461560000 	 0.466867000 
2508857 	 -173.461560000 	 0.466867000 
2509108 	 -173.461560000 	 0.466867000 
2509332 	 -173.461560000 	 0.466867000 
2509551 	 -173.461560000 	 0.466867000 
2509770 	 -173.461560000 	 0.466867000 
2509970 	 -173.461560000 	 0.466867000 
2510191 	 -173.461560000 	 0.466867000 
2510393 	 -173.461560000 	 0.466867000 
2510579 	 -173.461560000 	 0.466867000 
2510778 	 -173.461560000 	 0.466867000 
2510988 	 -173.461560000 	 0.466867000 
2511186 	 -173.461560000 	 0.466867000 
2511398 	 -173.461560000 	 0.466867000 
2511607 	 -173.461560000 	 0.466867000 
2511833 	 -173.461560000 	 0.466867000 
2512065 	 -173.461560000 	 0.466867000 
2512303 	 -173.461560000 	 0.466867000 
2512539 	 -173.461560000 	 0.466867000 
2512790 	 -173.461560000 	 0.466867000 
2513023 	 -173.461560000 	 0.466867000 
2513254 	 -173.461560000 	 0.466867000 
2513489 	 -173.461560000 	 0.466867000 
2513724 	 -173.461560000 	 0.466867000 
2513961 	 -173.461560000 	 0.466867000 
2514152 	 -173.461560000 	 0.466867000 
2514355 	 -173.461560000 	 0.466867000 
2514540 	 -173.461560000 	 0.466867000 
2514730 	 -173.461560000 	 0.466867000 
2514940 	 -173.461560000 	 0.466867000 
2515153 	 -173.461560000 	 0.466867000 
2515359 	 -173.461560000 	 0.466867000 
2515546 	 -173.461560000 	 0.466867000 
2515756 	 -173.461560000 	 0.466867000 
2515940 	 -173.461560000 	 0.466867000 
2516157 	 -173.461560000 	 0.466867000 
2516386 	 -173.461560000 	 0.466867000 
2516604 	 -173.461560000 	 0.466867000 
2516831 	 -173.461560000 	 0.466867000 
2517069 	 -173.461560000 	 0.466867000 
2517286 	 -173.461560000 	 0.466867000 
2517519 	 -173.461560000 	 0.466867000 
2517738 	 -173.461560000 	 0.466867000 
2517984 	 -173.461560000 	 0.466867000 
2518222 	 -173.461560000 	 0.466867000 
2518433 	 -173.461560000 	 0.466867000 
2518651 	 -173.461560000 	 0.466867000 
2518868 	 -173.461560000 	 0.466867000 
2519099 	 -173.461560000 	 0.466867000 
2519298 	 -173.461560000 	 0.466867000 
2519523 	 -173.461560000 	 0.466867000 
2519738 	 -173.461560000 	 0.466867000 
2519947 	 -173.461560000 	 0.466867000 
2520160 	 -173.461560000 	 0.466867000 
2520374 	 -173.461560000 	 0.466867000 
2520606 	 -173.461560000 	 0.466867000 
2520835 	 -173.461560000 	 0.466867000 
2521046 	 -173.461560000 	 0.466867000 
2521271 	 -173.461560000 	 0.466867000 
2521498 	 -173.461560000 	 0.466867000 
2521732 	 -173.461560000 	 0.466867000 
2521946 	 -173.461560000 	 0.466867000 
2522170 	 -173.461560000 	 0.466867000 
2522400 	 -173.461560000 	 0.466867000 
2522614 	 -173.461560000 	 0.466867000 
2522835 	 -173.461560000 	 0.466867000 
2523056 	 -173.461560000 	 0.466867000 
2523281 	 -173.461560000 	 0.466867000 
2523490 	 -173.461560000 	 0.466867000 
2523718 	 -173.461560000 	 0.466867000 
2523952 	 -173.461560000 	 0.466867000 
2524191 	 -173.461560000 	 0.466867000 
2524430 	 -173.461560000 	 0.466867000 
2524653 	 -173.461560000 	 0.466867000 
2524872 	 -173.461560000 	 0.466867000 
2525096 	 -173.461560000 	 0.466867000 
2525297 	 -173.461560000 	 0.466867000 
2525503 	 -173.461560000 	 0.466867000 
2525718 	 -173.461560000 	 0.466867000 
2525929 	 -173.461560000 	 0.466867000 
2526145 	 -173.461560000 	 0.466867000 
2526355 	 -173.461560000 	 0.466867000 
2526555 	 -173.461560000 	 0.466867000 
2526776 	 -173.461560000 	 0.466867000 
2526969 	 -173.461560000 	 0.466867000 
2527204 	 -173.461560000 	 0.466867000 
2527432 	 -173.461560000 	 0.466867000 
2527665 	 -173.461560000 	 0.466867000 
2527897 	 -173.461560000 	 0.466867000 
2528138 	 -173.461560000 	 0.466867000 
2528365 	 -173.461560000 	 0.466867000 
2528597 	 -173.461560000 	 0.466867000 
2528828 	 -173.461560000 	 0.466867000 
2529060 	 -173.461560000 	 0.466867000 
2529284 	 -173.461560000 	 0.466867000 
2529500 	 -173.461560000 	 0.466867000 
2529706 	 -173.461560000 	 0.466867000 
2529910 	 -173.461560000 	 0.466867000 
2530139 	 -173.461560000 	 0.466867000 
2530342 	 -173.461560000 	 0.466867000 
2530543 	 -173.461560000 	 0.466867000 
2530754 	 -173.461560000 	 0.466867000 
2530970 	 -173.461560000 	 0.466867000 
2531167 	 -173.461560000 	 0.466867000 
2531393 	 -173.461560000 	 0.466867000 
2531637 	 -173.461560000 	 0.466867000 
2531851 	 -173.461560000 	 0.466867000 
2532072 	 -173.461560000 	 0.466867000 
2532298 	 -173.461560000 	 0.466867000 
2532518 	 -173.461560000 	 0.466867000 
2532731 	 -173.461560000 	 0.466867000 
2532943 	 -173.461560000 	 0.466867000 
2533173 	 -173.461560000 	 0.466867000 
2533385 	 -173.461560000 	 0.466867000 
2533612 	 -173.461560000 	 0.466867000 
2533821 	 -173.461560000 	 0.466867000 
2534023 	 -173.461560000 	 0.466867000 
2534215 	 -173.461560000 	 0.466867000 
2534432 	 -173.461560000 	 0.466867000 
2534633 	 -173.461560000 	 0.466867000 
2534837 	 -173.461560000 	 0.466867000 
2535043 	 -173.461560000 	 0.466867000 
2535240 	 -173.461560000 	 0.466867000 
2535441 	 -173.461560000 	 0.466867000 
2535653 	 -173.461560000 	 0.466867000 
2535877 	 -173.461560000 	 0.466867000 
2536106 	 -173.461560000 	 0.466867000 
2536328 	 -173.461560000 	 0.466867000 
2536539 	 -173.461560000 	 0.466867000 
2536780 	 -173.461560000 	 0.466867000 
2537009 	 -173.461560000 	 0.466867000 
2537234 	 -173.461560000 	 0.466867000 
2537475 	 -173.461560000 	 0.466867000 
2537713 	 -173.461560000 	 0.466867000 
2537931 	 -173.461560000 	 0.466867000 
2538134 	 -173.461560000 	 0.466867000 
2538328 	 -173.461560000 	 0.466867000 
2538530 	 -173.461560000 	 0.466867000 
2538746 	 -173.461560000 	 0.466867000 
2538945 	 -173.461560000 	 0.466867000 
2539137 	 -173.461560000 	 0.466867000 
2539344 	 -173.461560000 	 0.466867000 
2539549 	 -173.461560000 	 0.466867000 
2539764 	 -173.461560000 	 0.466867000 
2539963 	 -173.461560000 	 0.466867000 
2540193 	 -173.461560000 	 0.466867000 
2540458 	 -173.461560000 	 0.466867000 
2540702 	 -173.461560000 	 0.466867000 
2540936 	 -173.461560000 	 0.466867000 
2541179 	 -173.461560000 	 0.466867000 
2541438 	 -173.461560000 	 0.466867000 
2541667 	 -173.461560000 	 0.466867000 
2541908 	 -173.461560000 	 0.466867000 
2542139 	 -173.461560000 	 0.466867000 
2542381 	 -173.461560000 	 0.466867000 
2542554 	 -173.461560000 	 0.466867000 
2542750 	 -173.461560000 	 0.466867000 
2542950 	 -173.461560000 	 0.466867000 
2543159 	 -173.461560000 	 0.466867000 
2543357 	 -173.461560000 	 0.466867000 
2543562 	 -173.461560000 	 0.466867000 
2543762 	 -173.461560000 	 0.466867000 
2543944 	 -173.461560000 	 0.466867000 
2544147 	 -173.461560000 	 0.466867000 
2544337 	 -173.461560000 	 0.466867000 
2544561 	 -173.461560000 	 0.466867000 
2544799 	 -173.461560000 	 0.466867000 
2545053 	 -173.461560000 	 0.466867000 
2545278 	 -173.461560000 	 0.466867000 
2545517 	 -173.461560000 	 0.466867000 
2545752 	 -173.461560000 	 0.466867000 
2545984 	 -173.461560000 	 0.466867000 
2546242 	 -173.461560000 	 0.466867000 
2546483 	 -173.461560000 	 0.466867000 
2546715 	 -173.461560000 	 0.466867000 
2546906 	 -173.461560000 	 0.466867000 
2547104 	 -173.461560000 	 0.466867000 
2547294 	 -173.461560000 	 0.466867000 
2547478 	 -173.461560000 	 0.466867000 
2547672 	 -173.461560000 	 0.466867000 
2547867 	 -173.461560000 	 0.466867000 
2548062 	 -173.461560000 	 0.466867000 
2548243 	 -173.461560000 	 0.466867000 
2548436 	 -173.461560000 	 0.466867000 
2548643 	 -173.461560000 	 0.466867000 
2548864 	 -173.461560000 	 0.466867000 
2549073 	 -173.461560000 	 0.466867000 
2549302 	 -173.461560000 	 0.466867000 
2549537 	 -173.461560000 	 0.466867000 
2549777 	 -173.461560000 	 0.466867000 
2550001 	 -173.461560000 	 0.466867000 
2550220 	 -173.461560000 	 0.466867000 
2550455 	 -173.461560000 	 0.466867000 
2550700 	 -173.461560000 	 0.466867000 
2550920 	 -173.461560000 	 0.466867000 
2551135 	 -173.461560000 	 0.466867000 
2551340 	 -173.461560000 	 0.466867000 
2551563 	 -173.461560000 	 0.466867000 
2551775 	 -173.461560000 	 0.466867000 
2551981 	 -173.461560000 	 0.466867000 
2552187 	 -173.461560000 	 0.466867000 
2552405 	 -173.461560000 	 0.466867000 
2552624 	 -173.461560000 	 0.466867000 
2552825 	 -173.461560000 	 0.466867000 
2553037 	 -173.468320000 	 0.460107000 
2553270 	 -173.468320000 	 0.460107000 
2553508 	 -173.468320000 	 0.460107000 
2553729 	 -173.468320000 	 0.460107000 
2553964 	 -173.468320000 	 0.460107000 
2554173 	 -173.468320000 	 0.460107000 
2554404 	 -173.468320000 	 0.460107000 
2554617 	 -173.468320000 	 0.460107000 
2554857 	 -173.468320000 	 0.460107000 
2555090 	 -173.468320000 	 0.460107000 
2555325 	 -173.468320000 	 0.460107000 
2555530 	 -173.468320000 	 0.460107000 
2555746 	 -173.468320000 	 0.460107000 
2555971 	 -173.468320000 	 0.460107000 
2556194 	 -173.468320000 	 0.460107000 
2556415 	 -173.468320000 	 0.460107000 
2556629 	 -173.468320000 	 0.460107000 
2556837 	 -173.468320000 	 0.460107000 
2557050 	 -173.468320000 	 0.460107000 
2557258 	 -173.468320000 	 0.460107000 
2557465 	 -173.468320000 	 0.460107000 
2557679 	 -173.468320000 	 0.460107000 
2557904 	 -173.468320000 	 0.460107000 
2558139 	 -173.468320000 	 0.460107000 
2558369 	 -173.468320000 	 0.460107000 
2558599 	 -173.468320000 	 0.460107000 
2558845 	 -173.468320000 	 0.460107000 
2559068 	 -173.468320000 	 0.460107000 
2559276 	 -173.468320000 	 0.460107000 
2559491 	 -173.468320000 	 0.460107000 
2559722 	 -173.468320000 	 0.460107000 
2559941 	 -173.468320000 	 0.460107000 
2560162 	 -173.468320000 	 0.460107000 
2560375 	 -173.468320000 	 0.460107000 
2560598 	 -173.468320000 	 0.460107000 
2560802 	 -173.468320000 	 0.460107000 
2561026 	 -173.468320000 	 0.460107000 
2561241 	 -173.468320000 	 0.460107000 
2561466 	 -173.468320000 	 0.460107000 
2561724 	 -173.468320000 	 0.460107000 
2561938 	 -173.468320000 	 0.460107000 
2562148 	 -173.468320000 	 0.460107000 
2562371 	 -173.468320000 	 0.460107000 
2562589 	 -173.468320000 	 0.460107000 
2562812 	 -173.468320000 	 0.460107000 
2563024 	 -173.468320000 	 0.460107000 
2563243 	 -173.468320000 	 0.460107000 
2563465 	 -173.468320000 	 0.460107000 
2563675 	 -173.468320000 	 0.460107000 
2563902 	 -173.468320000 	 0.460107000 
2564114 	 -173.468320000 	 0.460107000 
2564326 	 -173.468320000 	 0.460107000 
2564536 	 -173.468320000 	 0.460107000 
2564768 	 -173.468320000 	 0.460107000 
2564987 	 -173.468320000 	 0.460107000 
2565199 	 -173.468320000 	 0.460107000 
2565418 	 -173.468320000 	 0.460107000 
2565632 	 -173.468320000 	 0.460107000 
2565837 	 -173.468320000 	 0.460107000 
2566036 	 -173.468320000 	 0.460107000 
2566242 	 -173.468320000 	 0.460107000 
2566464 	 -173.468320000 	 0.460107000 
2566692 	 -173.468320000 	 0.460107000 
2566901 	 -173.468320000 	 0.460107000 
2567117 	 -173.468320000 	 0.460107000 
2567342 	 -173.468320000 	 0.460107000 
2567560 	 -173.468320000 	 0.460107000 
2567778 	 -173.468320000 	 0.460107000 
2567983 	 -173.468320000 	 0.460107000 
2568190 	 -173.468320000 	 0.460107000 
2568411 	 -173.468320000 	 0.460107000 
2568639 	 -173.468320000 	 0.460107000 
2568854 	 -173.468320000 	 0.460107000 
2569067 	 -173.468320000 	 0.460107000 
2569301 	 -173.468320000 	 0.460107000 
2569523 	 -173.468320000 	 0.460107000 
2569747 	 -173.468320000 	 0.460107000 
2569969 	 -173.468320000 	 0.460107000 
2570183 	 -173.468320000 	 0.460107000 
2570397 	 -173.468320000 	 0.460107000 
2570614 	 -173.468320000 	 0.460107000 
2570809 	 -173.468320000 	 0.460107000 
2571000 	 -173.468320000 	 0.460107000 
2571188 	 -173.468320000 	 0.460107000 
2571420 	 -173.468320000 	 0.460107000 
2571644 	 -173.468320000 	 0.460107000 
2571865 	 -173.468320000 	 0.460107000 
2572067 	 -173.468320000 	 0.460107000 
2572278 	 -173.468320000 	 0.460107000 
2572472 	 -173.468320000 	 0.460107000 
2572667 	 -173.468320000 	 0.460107000 
2572927 	 -173.468320000 	 0.460107000 
2573188 	 -173.468320000 	 0.460107000 
2573432 	 -173.468320000 	 0.460107000 
2573683 	 -173.468320000 	 0.460107000 
2573936 	 -173.468320000 	 0.460107000 
2574182 	 -173.468320000 	 0.460107000 
2574420 	 -173.468320000 	 0.460107000 
2574679 	 -173.468320000 	 0.460107000 
2574943 	 -173.468320000 	 0.460107000 
2575192 	 -173.468320000 	 0.460107000 
2575394 	 -173.468320000 	 0.460107000 
2575591 	 -173.468320000 	 0.460107000 
2575807 	 -173.468320000 	 0.460107000 
2576011 	 -173.468320000 	 0.460107000 
2576213 	 -173.468320000 	 0.460107000 
2576430 	 -173.468320000 	 0.460107000 
2576640 	 -173.468320000 	 0.460107000 
2576836 	 -173.468320000 	 0.460107000 
2577050 	 -173.468320000 	 0.460107000 
2577259 	 -173.468320000 	 0.460107000 
2577471 	 -173.468320000 	 0.460107000 
2577693 	 -173.468320000 	 0.460107000 
2577922 	 -173.468320000 	 0.460107000 
2578172 	 -173.468320000 	 0.460107000 
2578401 	 -173.468320000 	 0.460107000 
2578617 	 -173.468320000 	 0.460107000 
2578828 	 -173.468320000 	 0.460107000 
2579061 	 -173.475080000 	 0.453347000 
2579284 	 -173.475080000 	 0.453347000 
2579496 	 -173.475080000 	 0.453347000 
2579702 	 -173.475080000 	 0.453347000 
2579897 	 -173.475080000 	 0.453347000 
2580110 	 -173.475080000 	 0.453347000 
2580322 	 -173.475080000 	 0.453347000 
2580519 	 -173.475080000 	 0.453347000 
2580721 	 -173.475080000 	 0.453347000 
2580938 	 -173.475080000 	 0.453347000 
2581160 	 -173.475080000 	 0.453347000 
2581359 	 -173.475080000 	 0.453347000 
2581573 	 -173.475080000 	 0.453347000 
2581806 	 -173.475080000 	 0.453347000 
2582049 	 -173.475080000 	 0.453347000 
2582271 	 -173.475080000 	 0.453347000 
2582529 	 -173.475080000 	 0.453347000 
2582756 	 -173.475080000 	 0.453347000 
2582991 	 -173.475080000 	 0.453347000 
2583223 	 -173.475080000 	 0.453347000 
2583452 	 -173.475080000 	 0.453347000 
2583695 	 -173.475080000 	 0.453347000 
2583929 	 -173.475080000 	 0.453347000 
2584130 	 -173.475080000 	 0.453347000 
2584323 	 -173.475080000 	 0.453347000 
2584523 	 -173.475080000 	 0.453347000 
2584739 	 -173.475080000 	 0.453347000 
2584949 	 -173.475080000 	 0.453347000 
2585153 	 -173.475080000 	 0.453347000 
2585356 	 -173.475080000 	 0.453347000 
2585550 	 -173.475080000 	 0.453347000 
2585760 	 -173.475080000 	 0.453347000 
2585975 	 -173.475080000 	 0.453347000 
2586221 	 -173.475080000 	 0.453347000 
2586461 	 -173.475080000 	 0.453347000 
2586710 	 -173.475080000 	 0.453347000 
2586932 	 -173.475080000 	 0.453347000 
2587169 	 -173.475080000 	 0.453347000 
2587398 	 -173.475080000 	 0.453347000 
2587618 	 -173.475080000 	 0.453347000 
2587861 	 -173.475080000 	 0.453347000 
2588089 	 -173.475080000 	 0.453347000 
2588311 	 -173.475080000 	 0.453347000 
2588510 	 -173.475080000 	 0.453347000 
2588713 	 -173.475080000 	 0.453347000 
2588907 	 -173.475080000 	 0.453347000 
2589096 	 -173.475080000 	 0.453347000 
2589283 	 -173.475080000 	 0.453347000 
2589485 	 -173.475080000 	 0.453347000 
2589694 	 -173.475080000 	 0.453347000 
2589892 	 -173.475080000 	 0.453347000 
2590088 	 -173.475080000 	 0.453347000 
2590298 	 -173.475080000 	 0.453347000 
2590516 	 -173.475080000 	 0.453347000 
2590755 	 -173.475080000 	 0.453347000 
2590990 	 -173.475080000 	 0.453347000 
2591213 	 -173.475080000 	 0.453347000 
2591442 	 -173.475080000 	 0.453347000 
2591678 	 -173.475080000 	 0.453347000 
2591910 	 -173.475080000 	 0.453347000 
2592151 	 -173.475080000 	 0.453347000 
2592379 	 -173.475080000 	 0.453347000 
2592594 	 -173.475080000 	 0.453347000 
2592812 	 -173.475080000 	 0.453347000 
2593024 	 -173.475080000 	 0.453347000 
2593230 	 -173.475080000 	 0.453347000 
2593432 	 -173.475080000 	 0.453347000 
2593636 	 -173.475080000 	 0.453347000 
2593847 	 -173.475080000 	 0.453347000 
2594049 	 -173.475080000 	 0.453347000 
2594248 	 -173.475080000 	 0.453347000 
2594455 	 -173.475080000 	 0.453347000 
2594658 	 -173.475080000 	 0.453347000 
2594873 	 -173.475080000 	 0.453347000 
2595089 	 -173.475080000 	 0.453347000 
2595335 	 -173.475080000 	 0.453347000 
2595571 	 -173.475080000 	 0.453347000 
2595806 	 -173.475080000 	 0.453347000 
2596030 	 -173.475080000 	 0.453347000 
2596266 	 -173.475080000 	 0.453347000 
2596506 	 -173.475080000 	 0.453347000 
2596734 	 -173.475080000 	 0.453347000 
2596965 	 -173.475080000 	 0.453347000 
2597172 	 -173.475080000 	 0.453347000 
2597381 	 -173.475080000 	 0.453347000 
2597599 	 -173.475080000 	 0.453347000 
2597802 	 -173.475080000 	 0.453347000 
2598008 	 -173.475080000 	 0.453347000 
2598226 	 -173.475080000 	 0.453347000 
2598439 	 -173.475080000 	 0.453347000 
2598642 	 -173.475080000 	 0.453347000 
2598838 	 -173.475080000 	 0.453347000 
2599039 	 -173.475080000 	 0.453347000 
2599273 	 -173.475080000 	 0.453347000 
2599491 	 -173.475080000 	 0.453347000 
2599717 	 -173.475080000 	 0.453347000 
2599941 	 -173.475080000 	 0.453347000 
2600163 	 -173.475080000 	 0.453347000 
2600374 	 -173.475080000 	 0.453347000 
2600614 	 -173.475080000 	 0.453347000 
2600830 	 -173.475080000 	 0.453347000 
2601062 	 -173.475080000 	 0.453347000 
2601301 	 -173.475080000 	 0.453347000 
2601481 	 -173.475080000 	 0.453347000 
2601669 	 -173.475080000 	 0.453347000 
2601859 	 -173.475080000 	 0.453347000 
2602045 	 -173.475080000 	 0.453347000 
2602253 	 -173.475080000 	 0.453347000 
2602449 	 -173.475080000 	 0.453347000 
2602639 	 -173.475080000 	 0.453347000 
2602832 	 -173.475080000 	 0.453347000 
2603030 	 -173.475080000 	 0.453347000 
2603228 	 -173.475080000 	 0.453347000 
2603446 	 -173.475080000 	 0.453347000 
2603694 	 -173.475080000 	 0.453347000 
2603924 	 -173.475080000 	 0.453347000 
2604156 	 -173.475080000 	 0.453347000 
2604381 	 -173.475080000 	 0.453347000 
2604605 	 -173.475080000 	 0.453347000 
2604843 	 -173.475080000 	 0.453347000 
2605057 	 -173.475080000 	 0.453347000 
2605279 	 -173.475080000 	 0.453347000 
2605499 	 -173.475080000 	 0.453347000 
2605687 	 -173.475080000 	 0.453347000 
2605884 	 -173.475080000 	 0.453347000 
2606094 	 -173.475080000 	 0.453347000 
2606279 	 -173.475080000 	 0.453347000 
2606488 	 -173.475080000 	 0.453347000 
2606675 	 -173.475080000 	 0.453347000 
2606871 	 -173.475080000 	 0.453347000 
2607070 	 -173.475080000 	 0.453347000 
2607272 	 -173.475080000 	 0.453347000 
2607479 	 -173.475080000 	 0.453347000 
2607698 	 -173.475080000 	 0.453347000 
2607912 	 -173.475080000 	 0.453347000 
2608132 	 -173.475080000 	 0.453347000 
2608350 	 -173.475080000 	 0.453347000 
2608564 	 -173.475080000 	 0.453347000 
2608793 	 -173.475080000 	 0.453347000 
2609021 	 -173.475080000 	 0.453347000 
2609239 	 -173.475080000 	 0.453347000 
2609451 	 -173.475080000 	 0.453347000 
2609673 	 -173.475080000 	 0.453347000 
2609874 	 -173.475080000 	 0.453347000 
2610096 	 -173.475080000 	 0.453347000 
2610318 	 -173.475080000 	 0.453347000 
2610535 	 -173.475080000 	 0.453347000 
2610743 	 -173.475080000 	 0.453347000 
2610967 	 -173.475080000 	 0.453347000 
2611186 	 -173.475080000 	 0.453347000 
2611417 	 -173.475080000 	 0.453347000 
2611624 	 -173.475080000 	 0.453347000 
2611845 	 -173.475080000 	 0.453347000 
2612076 	 -173.475080000 	 0.453347000 
2612292 	 -173.475080000 	 0.453347000 
2612507 	 -173.475080000 	 0.453347000 
2612719 	 -173.475080000 	 0.453347000 
2612915 	 -173.475080000 	 0.453347000 
2613112 	 -173.475080000 	 0.453347000 
2613323 	 -173.475080000 	 0.453347000 
2613537 	 -173.475080000 	 0.453347000 
2613742 	 -173.475080000 	 0.453347000 
2613962 	 -173.475080000 	 0.453347000 
2614203 	 -173.475080000 	 0.453347000 
2614410 	 -173.475080000 	 0.453347000 
2614631 	 -173.475080000 	 0.453347000 
2614860 	 -173.475080000 	 0.453347000 
2615082 	 -173.475080000 	 0.453347000 
2615281 	 -173.475080000 	 0.453347000 
2615499 	 -173.475080000 	 0.453347000 
2615728 	 -173.475080000 	 0.453347000 
2615938 	 -173.475080000 	 0.453347000 
2616156 	 -173.475080000 	 0.453347000 
2616372 	 -173.475080000 	 0.453347000 
2616574 	 -173.475080000 	 0.453347000 
2616791 	 -173.475080000 	 0.453347000 
2617003 	 -173.475080000 	 0.453347000 
2617205 	 -173.475080000 	 0.453347000 
2617416 	 -173.475080000 	 0.453347000 
2617629 	 -173.475080000 	 0.453347000 
2617843 	 -173.475080000 	 0.453347000 
2618065 	 -173.475080000 	 0.453347000 
2618269 	 -173.475080000 	 0.453347000 
2618518 	 -173.475080000 	 0.453347000 
2618760 	 -173.475080000 	 0.453347000 
2618988 	 -173.475080000 	 0.453347000 
2619225 	 -173.475080000 	 0.453347000 
2619450 	 -173.475080000 	 0.453347000 
2619693 	 -173.475080000 	 0.453347000 
2619935 	 -173.475080000 	 0.453347000 
2620159 	 -173.475080000 	 0.453347000 
2620393 	 -173.475080000 	 0.453347000 
2620633 	 -173.475080000 	 0.453347000 
2620828 	 -173.475080000 	 0.453347000 
2621050 	 -173.475080000 	 0.453347000 
2621246 	 -173.475080000 	 0.453347000 
2621449 	 -173.475080000 	 0.453347000 
2621653 	 -173.475080000 	 0.453347000 
2621863 	 -173.475080000 	 0.453347000 
2622060 	 -173.475080000 	 0.453347000 
2622269 	 -173.475080000 	 0.453347000 
2622471 	 -173.475080000 	 0.453347000 
2622694 	 -173.475080000 	 0.453347000 
2622918 	 -173.475080000 	 0.453347000 
2623151 	 -173.475080000 	 0.453347000 
2623385 	 -173.475080000 	 0.453347000 
2623608 	 -173.475080000 	 0.453347000 
2623841 	 -173.475080000 	 0.453347000 
2624072 	 -173.475080000 	 0.453347000 
2624299 	 -173.475080000 	 0.453347000 
2624511 	 -173.475080000 	 0.453347000 
2624740 	 -173.475080000 	 0.453347000 
2624966 	 -173.475080000 	 0.453347000 
2625162 	 -173.475080000 	 0.453347000 
2625364 	 -173.475080000 	 0.453347000 
2625560 	 -173.475080000 	 0.453347000 
2625759 	 -173.475080000 	 0.453347000 
2625950 	 -173.475080000 	 0.453347000 
2626149 	 -173.475080000 	 0.453347000 
2626333 	 -173.475080000 	 0.453347000 
2626522 	 -173.475080000 	 0.453347000 
2626724 	 -173.475080000 	 0.453347000 
2626921 	 -173.475080000 	 0.453347000 
2627158 	 -173.475080000 	 0.453347000 
2627405 	 -173.475080000 	 0.453347000 
2627627 	 -173.475080000 	 0.453347000 
2627881 	 -173.475080000 	 0.453347000 
2628119 	 -173.475080000 	 0.453347000 
2628361 	 -173.475080000 	 0.453347000 
2628601 	 -173.475080000 	 0.453347000 
2628855 	 -173.475080000 	 0.453347000 
2629088 	 -173.475080000 	 0.453347000 
2629357 	 -173.475080000 	 0.453347000 
2629581 	 -173.475080000 	 0.453347000 
2629785 	 -173.475080000 	 0.453347000 
2629987 	 -173.475080000 	 0.453347000 
2630198 	 -173.475080000 	 0.453347000 
2630399 	 -173.475080000 	 0.453347000 
2630597 	 -173.475080000 	 0.453347000 
2630805 	 -173.475080000 	 0.453347000 
2631009 	 -173.475080000 	 0.453347000 
2631213 	 -173.475080000 	 0.453347000 
2631385 	 -173.475080000 	 0.453347000 
2631636 	 -173.475080000 	 0.453347000 
2631873 	 -173.475080000 	 0.453347000 
2632139 	 -173.475080000 	 0.453347000 
2632383 	 -173.475080000 	 0.453347000 
2632638 	 -173.475080000 	 0.453347000 
2632869 	 -173.475080000 	 0.453347000 
2633118 	 -173.475080000 	 0.453347000 
2633350 	 -173.475080000 	 0.453347000 
2633586 	 -173.475080000 	 0.453347000 
2633809 	 -173.475080000 	 0.453347000 
2633981 	 -173.475080000 	 0.453347000 
2634178 	 -173.475080000 	 0.453347000 
2634376 	 -173.475080000 	 0.453347000 
2634564 	 -173.475080000 	 0.453347000 
2634758 	 -173.475080000 	 0.453347000 
2634952 	 -173.475080000 	 0.453347000 
2635138 	 -173.475080000 	 0.453347000 
2635347 	 -173.475080000 	 0.453347000 
2635554 	 -173.475080000 	 0.453347000 
2635748 	 -173.475080000 	 0.453347000 
2635987 	 -173.475080000 	 0.453347000 
2636217 	 -173.475080000 	 0.453347000 
2636437 	 -173.475080000 	 0.453347000 
2636654 	 -173.475080000 	 0.453347000 
2636894 	 -173.475080000 	 0.453347000 
2637129 	 -173.475080000 	 0.453347000 
2637364 	 -173.475080000 	 0.453347000 
2637599 	 -173.475080000 	 0.453347000 
2637837 	 -173.475080000 	 0.453347000 
2638066 	 -173.475080000 	 0.453347000 
2638269 	 -173.475080000 	 0.453347000 
2638467 	 -173.475080000 	 0.453347000 
2638671 	 -173.475080000 	 0.453347000 
2638875 	 -173.475080000 	 0.453347000 
2639063 	 -173.475080000 	 0.453347000 
2639268 	 -173.475080000 	 0.453347000 
2639478 	 -173.475080000 	 0.453347000 
2639694 	 -173.475080000 	 0.453347000 
2639905 	 -173.475080000 	 0.453347000 
2640114 	 -173.475080000 	 0.453347000 
2640353 	 -173.475080000 	 0.453347000 
2640580 	 -173.475080000 	 0.453347000 
2640818 	 -173.475080000 	 0.453347000 
2641039 	 -173.475080000 	 0.453347000 
2641262 	 -173.475080000 	 0.453347000 
2641497 	 -173.475080000 	 0.453347000 
2641737 	 -173.475080000 	 0.453347000 
2641970 	 -173.475080000 	 0.453347000 
2642195 	 -173.475080000 	 0.453347000 
2642420 	 -173.475080000 	 0.453347000 
2642618 	 -173.475080000 	 0.453347000 
2642821 	 -173.475080000 	 0.453347000 
2643032 	 -173.475080000 	 0.453347000 
2643228 	 -173.475080000 	 0.453347000 
2643421 	 -173.475080000 	 0.453347000 
2643638 	 -173.475080000 	 0.453347000 
2643852 	 -173.475080000 	 0.453347000 
2644048 	 -173.475080000 	 0.453347000 
2644257 	 -173.475080000 	 0.453347000 
2644479 	 -173.475080000 	 0.453347000 
2644705 	 -173.475080000 	 0.453347000 
2644934 	 -173.475080000 	 0.453347000 
2645164 	 -173.475080000 	 0.453347000 
2645408 	 -173.475080000 	 0.453347000 
2645630 	 -173.475080000 	 0.453347000 
2645874 	 -173.475080000 	 0.453347000 
2646104 	 -173.475080000 	 0.453347000 
2646339 	 -173.475080000 	 0.453347000 
2646559 	 -173.475080000 	 0.453347000 
2646800 	 -173.475080000 	 0.453347000 
2647021 	 -173.475080000 	 0.453347000 
2647218 	 -173.475080000 	 0.453347000 
2647436 	 -173.475080000 	 0.453347000 
2647646 	 -173.475080000 	 0.453347000 
2647856 	 -173.475080000 	 0.453347000 
2648073 	 -173.475080000 	 0.453347000 
2648281 	 -173.475080000 	 0.453347000 
2648488 	 -173.475080000 	 0.453347000 
2648706 	 -173.475080000 	 0.453347000 
2648936 	 -173.475080000 	 0.453347000 
2649155 	 -173.475080000 	 0.453347000 
2649380 	 -173.475080000 	 0.453347000 
2649617 	 -173.475080000 	 0.453347000 
2649815 	 -173.475080000 	 0.453347000 
2650042 	 -173.475080000 	 0.453347000 
2650267 	 -173.475080000 	 0.453347000 
2650498 	 -173.475080000 	 0.453347000 
2650712 	 -173.475080000 	 0.453347000 
2650929 	 -173.475080000 	 0.453347000 
2651125 	 -173.475080000 	 0.453347000 
2651347 	 -173.475080000 	 0.453347000 
2651570 	 -173.475080000 	 0.453347000 
2651773 	 -173.475080000 	 0.453347000 
2651997 	 -173.475080000 	 0.453347000 
2652225 	 -173.475080000 	 0.453347000 
2652457 	 -173.475080000 	 0.453347000 
2652674 	 -173.475080000 	 0.453347000 
2652877 	 -173.475080000 	 0.453347000 
2653084 	 -173.475080000 	 0.453347000 
2653315 	 -173.475080000 	 0.453347000 
2653540 	 -173.475080000 	 0.453347000 
2653754 	 -173.475080000 	 0.453347000 
2653975 	 -173.475080000 	 0.453347000 
2654198 	 -173.475080000 	 0.453347000 
2654414 	 -173.475080000 	 0.453347000 
2654649 	 -173.475080000 	 0.453347000 
2654851 	 -173.475080000 	 0.453347000 
2655062 	 -173.475080000 	 0.453347000 
2655274 	 -173.475080000 	 0.453347000 
2655480 	 -173.475080000 	 0.453347000 
2655699 	 -173.475080000 	 0.453347000 
2655921 	 -173.475080000 	 0.453347000 
2656133 	 -173.475080000 	 0.453347000 
2656335 	 -173.475080000 	 0.453347000 
2656545 	 -173.475080000 	 0.453347000 
2656751 	 -173.475080000 	 0.453347000 
2656957 	 -173.475080000 	 0.453347000 
2657166 	 -173.475080000 	 0.453347000 
2657379 	 -173.475080000 	 0.453347000 
2657593 	 -173.475080000 	 0.453347000 
2657806 	 -173.475080000 	 0.453347000 
2658011 	 -173.475080000 	 0.453347000 
2658226 	 -173.475080000 	 0.453347000 
2658436 	 -173.475080000 	 0.453347000 
2658637 	 -173.475080000 	 0.453347000 
2658859 	 -173.475080000 	 0.453347000 
2659059 	 -173.475080000 	 0.453347000 
2659275 	 -173.475080000 	 0.453347000 
2659478 	 -173.475080000 	 0.453347000 
2659676 	 -173.475080000 	 0.453347000 
2659887 	 -173.475080000 	 0.453347000 
2660126 	 -173.475080000 	 0.453347000 
2660359 	 -173.475080000 	 0.453347000 
2660620 	 -173.475080000 	 0.453347000 
2660842 	 -173.475080000 	 0.453347000 
2661078 	 -173.475080000 	 0.453347000 
2661315 	 -173.475080000 	 0.453347000 
2661551 	 -173.475080000 	 0.453347000 
2661793 	 -173.475080000 	 0.453347000 
2662025 	 -173.475080000 	 0.453347000 
2662229 	 -173.475080000 	 0.453347000 
2662437 	 -173.475080000 	 0.453347000 
2662640 	 -173.475080000 	 0.453347000 
2662842 	 -173.475080000 	 0.453347000 
2663044 	 -173.475080000 	 0.453347000 
2663247 	 -173.475080000 	 0.453347000 
2663451 	 -173.475080000 	 0.453347000 
2663663 	 -173.475080000 	 0.453347000 
2663878 	 -173.475080000 	 0.453347000 
2664084 	 -173.475080000 	 0.453347000 
2664338 	 -173.475080000 	 0.453347000 
2664555 	 -173.475080000 	 0.453347000 
2664771 	 -173.475080000 	 0.453347000 
2664998 	 -173.475080000 	 0.453347000 
2665208 	 -173.475080000 	 0.453347000 
2665439 	 -173.475080000 	 0.453347000 
2665670 	 -173.475080000 	 0.453347000 
2665899 	 -173.475080000 	 0.453347000 
2666125 	 -173.475080000 	 0.453347000 
2666344 	 -173.475080000 	 0.453347000 
2666536 	 -173.475080000 	 0.453347000 
2666746 	 -173.475080000 	 0.453347000 
2666948 	 -173.475080000 	 0.453347000 
2667149 	 -173.475080000 	 0.453347000 
2667343 	 -173.475080000 	 0.453347000 
2667543 	 -173.475080000 	 0.453347000 
2667727 	 -173.475080000 	 0.453347000 
2667927 	 -173.475080000 	 0.453347000 
2668130 	 -173.475080000 	 0.453347000 
2668309 	 -173.475080000 	 0.453347000 
2668539 	 -173.475080000 	 0.453347000 
2668773 	 -173.475080000 	 0.453347000 
2669013 	 -173.475080000 	 0.453347000 
2669257 	 -173.475080000 	 0.453347000 
2669500 	 -173.475080000 	 0.453347000 
2669741 	 -173.475080000 	 0.453347000 
2669980 	 -173.475080000 	 0.453347000 
2670207 	 -173.475080000 	 0.453347000 
2670457 	 -173.475080000 	 0.453347000 
2670710 	 -173.475080000 	 0.453347000 
2670907 	 -173.475080000 	 0.453347000 
2671124 	 -173.475080000 	 0.453347000 
2671321 	 -173.475080000 	 0.453347000 
2671525 	 -173.475080000 	 0.453347000 
2671722 	 -173.475080000 	 0.453347000 
2671915 	 -173.475080000 	 0.453347000 
2672106 	 -173.475080000 	 0.453347000 
2672299 	 -173.475080000 	 0.453347000 
2672498 	 -173.475080000 	 0.453347000 
2672702 	 -173.475080000 	 0.453347000 
2672946 	 -173.475080000 	 0.453347000 
2673181 	 -173.475080000 	 0.453347000 
2673414 	 -173.475080000 	 0.453347000 
2673663 	 -173.475080000 	 0.453347000 
2673905 	 -173.475080000 	 0.453347000 
2674151 	 -173.475080000 	 0.453347000 
2674393 	 -173.475080000 	 0.453347000 
2674639 	 -173.475080000 	 0.453347000 
2674865 	 -173.475080000 	 0.453347000 
2675108 	 -173.475080000 	 0.453347000 
2675322 	 -173.475080000 	 0.453347000 
2675523 	 -173.475080000 	 0.453347000 
2675737 	 -173.475080000 	 0.453347000 
2675930 	 -173.475080000 	 0.453347000 
2676121 	 -173.475080000 	 0.453347000 
2676317 	 -173.475080000 	 0.453347000 
2676511 	 -173.475080000 	 0.453347000 
2676724 	 -173.475080000 	 0.453347000 
2676937 	 -173.475080000 	 0.453347000 
2677149 	 -173.475080000 	 0.453347000 
2677388 	 -173.475080000 	 0.453347000 
2677602 	 -173.475080000 	 0.453347000 
2677836 	 -173.475080000 	 0.453347000 
2678067 	 -173.475080000 	 0.453347000 
2678303 	 -173.475080000 	 0.453347000 
2678523 	 -173.475080000 	 0.453347000 
2678748 	 -173.475080000 	 0.453347000 
2678964 	 -173.475080000 	 0.453347000 
2679194 	 -173.475080000 	 0.453347000 
2679428 	 -173.475080000 	 0.453347000 
2679635 	 -173.475080000 	 0.453347000 
2679830 	 -173.475080000 	 0.453347000 
2680036 	 -173.475080000 	 0.453347000 
2680226 	 -173.475080000 	 0.453347000 
2680414 	 -173.475080000 	 0.453347000 
2680606 	 -173.475080000 	 0.453347000 
2680797 	 -173.475080000 	 0.453347000 
2681002 	 -173.475080000 	 0.453347000 
2681203 	 -173.475080000 	 0.453347000 
2681409 	 -173.475080000 	 0.453347000 
2681621 	 -173.475080000 	 0.453347000 
2681840 	 -173.475080000 	 0.453347000 
2682084 	 -173.475080000 	 0.453347000 
2682297 	 -173.475080000 	 0.453347000 
2682525 	 -173.475080000 	 0.453347000 
2682767 	 -173.475080000 	 0.453347000 
2683005 	 -173.475080000 	 0.453347000 
2683238 	 -173.475080000 	 0.453347000 
2683471 	 -173.475080000 	 0.453347000 
2683714 	 -173.475080000 	 0.453347000 
2683908 	 -173.475080000 	 0.453347000 
2684091 	 -173.475080000 	 0.453347000 
2684290 	 -173.475080000 	 0.453347000 
2684473 	 -173.475080000 	 0.453347000 
2684669 	 -173.475080000 	 0.453347000 
2684874 	 -173.475080000 	 0.453347000 
2685065 	 -173.475080000 	 0.453347000 
2685254 	 -173.475080000 	 0.453347000 
2685458 	 -173.475080000 	 0.453347000 
2685641 	 -173.475080000 	 0.453347000 
2685870 	 -173.475080000 	 0.453347000 
2686109 	 -173.475080000 	 0.453347000 
2686346 	 -173.475080000 	 0.453347000 
2686566 	 -173.475080000 	 0.453347000 
2686802 	 -173.475080000 	 0.453347000 
2687041 	 -173.475080000 	 0.453347000 
2687298 	 -173.475080000 	 0.453347000 
2687517 	 -173.475080000 	 0.453347000 
2687744 	 -173.475080000 	 0.453347000 
2687977 	 -173.475080000 	 0.453347000 
2688191 	 -173.475080000 	 0.453347000 
2688394 	 -173.475080000 	 0.453347000 
2688603 	 -173.475080000 	 0.453347000 
2688815 	 -173.475080000 	 0.453347000 
2689019 	 -173.475080000 	 0.453347000 
2689225 	 -173.475080000 	 0.453347000 
2689424 	 -173.475080000 	 0.453347000 
2689620 	 -173.475080000 	 0.453347000 
2689817 	 -173.475080000 	 0.453347000 
2690013 	 -173.475080000 	 0.453347000 
2690237 	 -173.475080000 	 0.453347000 
2690450 	 -173.475080000 	 0.453347000 
2690658 	 -173.475080000 	 0.453347000 
2690888 	 -173.475080000 	 0.453347000 
2691122 	 -173.475080000 	 0.453347000 
2691348 	 -173.475080000 	 0.453347000 
2691565 	 -173.475080000 	 0.453347000 
2691802 	 -173.475080000 	 0.453347000 
2692029 	 -173.475080000 	 0.453347000 
2692255 	 -173.475080000 	 0.453347000 
2692464 	 -173.475080000 	 0.453347000 
2692676 	 -173.475080000 	 0.453347000 
2692894 	 -173.475080000 	 0.453347000 
2693135 	 -173.475080000 	 0.453347000 
2693354 	 -173.475080000 	 0.453347000 
2693548 	 -173.475080000 	 0.453347000 
2693748 	 -173.475080000 	 0.453347000 
2693937 	 -173.475080000 	 0.453347000 
2694155 	 -173.475080000 	 0.453347000 
2694364 	 -173.475080000 	 0.453347000 
2694580 	 -173.475080000 	 0.453347000 
2694800 	 -173.475080000 	 0.453347000 
2695022 	 -173.475080000 	 0.453347000 
2695231 	 -173.475080000 	 0.453347000 
2695449 	 -173.475080000 	 0.453347000 
2695643 	 -173.475080000 	 0.453347000 
2695868 	 -173.475080000 	 0.453347000 
2696070 	 -173.475080000 	 0.453347000 
2696303 	 -173.475080000 	 0.453347000 
2696535 	 -173.475080000 	 0.453347000 
2696770 	 -173.475080000 	 0.453347000 
2696982 	 -173.475080000 	 0.453347000 
2697211 	 -173.475080000 	 0.453347000 
2697431 	 -173.475080000 	 0.453347000 
2697641 	 -173.475080000 	 0.453347000 
2697860 	 -173.475080000 	 0.453347000 
2698081 	 -173.475080000 	 0.453347000 
2698311 	 -173.475080000 	 0.453347000 
2698520 	 -173.475080000 	 0.453347000 
2698734 	 -173.475080000 	 0.453347000 
2698958 	 -173.475080000 	 0.453347000 
2699178 	 -173.475080000 	 0.453347000 
2699401 	 -173.475080000 	 0.453347000 
2699623 	 -173.475080000 	 0.453347000 
2699841 	 -173.475080000 	 0.453347000 
2700058 	 -173.475080000 	 0.453347000 
2700265 	 -173.475080000 	 0.453347000 
2700483 	 -173.475080000 	 0.453347000 
2700724 	 -173.475080000 	 0.453347000 
2700931 	 -173.475080000 	 0.453347000 
2701139 	 -173.475080000 	 0.453347000 
2701351 	 -173.475080000 	 0.453347000 
2701549 	 -173.475080000 	 0.453347000 
2701757 	 -173.475080000 	 0.453347000 
2701969 	 -173.475080000 	 0.453347000 
2702205 	 -173.475080000 	 0.453347000 
2702425 	 -173.475080000 	 0.453347000 
2702633 	 -173.475080000 	 0.453347000 
2702854 	 -173.475080000 	 0.453347000 
2703073 	 -173.475080000 	 0.453347000 
2703281 	 -173.475080000 	 0.453347000 
2703488 	 -173.475080000 	 0.453347000 
2703695 	 -173.475080000 	 0.453347000 
2703921 	 -173.475080000 	 0.453347000 
2704130 	 -173.475080000 	 0.453347000 
2704355 	 -173.475080000 	 0.453347000 
2704575 	 -173.475080000 	 0.453347000 
2704798 	 -173.475080000 	 0.453347000 
2705016 	 -173.475080000 	 0.453347000 
2705228 	 -173.475080000 	 0.453347000 
2705450 	 -173.475080000 	 0.453347000 
2705661 	 -173.475080000 	 0.453347000 
2705883 	 -173.475080000 	 0.453347000 
2706102 	 -173.475080000 	 0.453347000 
2706312 	 -173.475080000 	 0.453347000 
2706523 	 -173.475080000 	 0.453347000 
2706733 	 -173.475080000 	 0.453347000 
2706941 	 -173.475080000 	 0.453347000 
2707165 	 -173.475080000 	 0.453347000 
2707387 	 -173.475080000 	 0.453347000 
2707605 	 -173.475080000 	 0.453347000 
2707820 	 -173.475080000 	 0.453347000 
2708033 	 -173.475080000 	 0.453347000 
2708237 	 -173.475080000 	 0.453347000 
2708431 	 -173.475080000 	 0.453347000 
2708637 	 -173.475080000 	 0.453347000 
2708855 	 -173.475080000 	 0.453347000 
2709048 	 -173.475080000 	 0.453347000 
2709245 	 -173.475080000 	 0.453347000 
2709449 	 -173.475080000 	 0.453347000 
2709670 	 -173.475080000 	 0.453347000 
2709891 	 -173.475080000 	 0.453347000 
2710121 	 -173.475080000 	 0.453347000 
2710338 	 -173.475080000 	 0.453347000 
2710569 	 -173.475080000 	 0.453347000 
2710796 	 -173.475080000 	 0.453347000 
2711020 	 -173.475080000 	 0.453347000 
2711240 	 -173.475080000 	 0.453347000 
2711455 	 -173.475080000 	 0.453347000 
2711683 	 -173.475080000 	 0.453347000 
2711890 	 -173.475080000 	 0.453347000 
2712091 	 -173.475080000 	 0.453347000 
2712292 	 -173.475080000 	 0.453347000 
2712483 	 -173.475080000 	 0.453347000 
2712674 	 -173.475080000 	 0.453347000 
2712863 	 -173.475080000 	 0.453347000 
2713060 	 -173.475080000 	 0.453347000 
2713251 	 -173.475080000 	 0.453347000 
2713451 	 -173.475080000 	 0.453347000 
2713646 	 -173.475080000 	 0.453347000 
2713886 	 -173.475080000 	 0.453347000 
2714139 	 -173.475080000 	 0.453347000 
2714377 	 -173.475080000 	 0.453347000 
2714602 	 -173.475080000 	 0.453347000 
2714835 	 -173.475080000 	 0.453347000 
2715083 	 -173.475080000 	 0.453347000 
2715332 	 -173.475080000 	 0.453347000 
2715569 	 -173.475080000 	 0.453347000 
2715811 	 -173.475080000 	 0.453347000 
2716035 	 -173.475080000 	 0.453347000 
2716228 	 -173.475080000 	 0.453347000 
2716422 	 -173.475080000 	 0.453347000 
2716620 	 -173.475080000 	 0.453347000 
2716823 	 -173.475080000 	 0.453347000 
2717019 	 -173.475080000 	 0.453347000 
2717230 	 -173.475080000 	 0.453347000 
2717429 	 -173.475080000 	 0.453347000 
2717612 	 -173.475080000 	 0.453347000 
2717801 	 -173.475080000 	 0.453347000 
2717989 	 -173.475080000 	 0.453347000 
2718217 	 -173.475080000 	 0.453347000 
2718440 	 -173.475080000 	 0.453347000 
2718689 	 -173.475080000 	 0.453347000 
2718940 	 -173.475080000 	 0.453347000 
2719178 	 -173.475080000 	 0.453347000 
2719426 	 -173.475080000 	 0.453347000 
2719676 	 -173.475080000 	 0.453347000 
2719928 	 -173.475080000 	 0.453347000 
2720167 	 -173.475080000 	 0.453347000 
2720398 	 -173.475080000 	 0.453347000 
2720600 	 -173.475080000 	 0.453347000 
2720802 	 -173.475080000 	 0.453347000 
2720995 	 -173.475080000 	 0.453347000 
2721193 	 -173.475080000 	 0.453347000 
2721386 	 -173.475080000 	 0.453347000 
2721606 	 -173.475080000 	 0.453347000 
2721802 	 -173.475080000 	 0.453347000 
2722028 	 -173.475080000 	 0.453347000 
2722233 	 -173.475080000 	 0.453347000 
2722434 	 -173.475080000 	 0.453347000 
2722673 	 -173.475080000 	 0.453347000 
2722912 	 -173.475080000 	 0.453347000 
2723146 	 -173.475080000 	 0.453347000 
2723397 	 -173.475080000 	 0.453347000 
2723648 	 -173.475080000 	 0.453347000 
2723878 	 -173.475080000 	 0.453347000 
2724111 	 -173.475080000 	 0.453347000 
2724347 	 -173.475080000 	 0.453347000 
2724579 	 -173.475080000 	 0.453347000 
2724801 	 -173.475080000 	 0.453347000 
2724987 	 -173.475080000 	 0.453347000 
2725175 	 -173.475080000 	 0.453347000 
2725358 	 -173.475080000 	 0.453347000 
2725544 	 -173.475080000 	 0.453347000 
2725725 	 -173.475080000 	 0.453347000 
2725924 	 -173.475080000 	 0.453347000 
2726119 	 -173.475080000 	 0.453347000 
2726327 	 -173.475080000 	 0.453347000 
2726513 	 -173.475080000 	 0.453347000 
2726708 	 -173.475080000 	 0.453347000 
2726940 	 -173.475080000 	 0.453347000 
2727174 	 -173.475080000 	 0.453347000 
2727403 	 -173.475080000 	 0.453347000 
2727627 	 -173.475080000 	 0.453347000 
2727877 	 -173.475080000 	 0.453347000 
2728120 	 -173.475080000 	 0.453347000 
2728375 	 -173.475080000 	 0.453347000 
2728625 	 -173.475080000 	 0.453347000 
2728876 	 -173.475080000 	 0.453347000 
2729116 	 -173.475080000 	 0.453347000 
2729327 	 -173.475080000 	 0.453347000 
2729519 	 -173.475080000 	 0.453347000 
2729733 	 -173.475080000 	 0.453347000 
2729941 	 -173.475080000 	 0.453347000 
2730151 	 -173.475080000 	 0.453347000 
2730357 	 -173.475080000 	 0.453347000 
2730566 	 -173.475080000 	 0.453347000 
2730778 	 -173.475080000 	 0.453347000 
2731000 	 -173.475080000 	 0.453347000 
2731210 	 -173.475080000 	 0.453347000 
2731430 	 -173.475080000 	 0.453347000 
2731650 	 -173.475080000 	 0.453347000 
2731876 	 -173.475080000 	 0.453347000 
2732095 	 -173.475080000 	 0.453347000 
2732300 	 -173.475080000 	 0.453347000 
2732510 	 -173.475080000 	 0.453347000 
2732719 	 -173.475080000 	 0.453347000 
2732932 	 -173.475080000 	 0.453347000 
2733156 	 -173.475080000 	 0.453347000 
2733373 	 -173.475080000 	 0.453347000 
2733577 	 -173.475080000 	 0.453347000 
2733789 	 -173.475080000 	 0.453347000 
2733989 	 -173.475080000 	 0.453347000 
2734199 	 -173.475080000 	 0.453347000 
2734399 	 -173.475080000 	 0.453347000 
2734595 	 -173.475080000 	 0.453347000 
2734810 	 -173.475080000 	 0.453347000 
2735030 	 -173.475080000 	 0.453347000 
2735246 	 -173.475080000 	 0.453347000 
2735457 	 -173.475080000 	 0.453347000 
2735674 	 -173.475080000 	 0.453347000 
2735885 	 -173.475080000 	 0.453347000 
2736108 	 -173.475080000 	 0.453347000 
2736331 	 -173.475080000 	 0.453347000 
2736551 	 -173.475080000 	 0.453347000 
2736773 	 -173.475080000 	 0.453347000 
2736987 	 -173.475080000 	 0.453347000 
2737206 	 -173.475080000 	 0.453347000 
2737424 	 -173.475080000 	 0.453347000 
2737640 	 -173.475080000 	 0.453347000 
2737862 	 -173.475080000 	 0.453347000 
2738081 	 -173.475080000 	 0.453347000 
2738288 	 -173.475080000 	 0.453347000 
2738502 	 -173.475080000 	 0.453347000 
2738732 	 -173.475080000 	 0.453347000 
2738941 	 -173.475080000 	 0.453347000 
2739169 	 -173.475080000 	 0.453347000 
2739377 	 -173.475080000 	 0.453347000 
2739572 	 -173.475080000 	 0.453347000 
2739777 	 -173.475080000 	 0.453347000 
2739999 	 -173.475080000 	 0.453347000 
2740227 	 -173.475080000 	 0.453347000 
2740444 	 -173.475080000 	 0.453347000 
2740650 	 -173.475080000 	 0.453347000 
2740864 	 -173.475080000 	 0.453347000 
2741057 	 -173.475080000 	 0.453347000 
2741278 	 -173.475080000 	 0.453347000 
2741485 	 -173.475080000 	 0.453347000 
2741689 	 -173.475080000 	 0.453347000 
2741914 	 -173.475080000 	 0.453347000 
2742140 	 -173.475080000 	 0.453347000 
2742361 	 -173.475080000 	 0.453347000 
2742600 	 -173.475080000 	 0.453347000 
2742819 	 -173.475080000 	 0.453347000 
2743048 	 -173.475080000 	 0.453347000 
2743272 	 -173.475080000 	 0.453347000 
2743512 	 -173.475080000 	 0.453347000 
2743729 	 -173.475080000 	 0.453347000 
2743960 	 -173.475080000 	 0.453347000 
2744191 	 -173.475080000 	 0.453347000 
2744389 	 -173.475080000 	 0.453347000 
2744585 	 -173.475080000 	 0.453347000 
2744792 	 -173.475080000 	 0.453347000 
2744994 	 -173.475080000 	 0.453347000 
2745186 	 -173.475080000 	 0.453347000 
2745402 	 -173.475080000 	 0.453347000 
2745621 	 -173.475080000 	 0.453347000 
2745824 	 -173.475080000 	 0.453347000 
2746054 	 -173.475080000 	 0.453347000 
2746269 	 -173.475080000 	 0.453347000 
2746499 	 -173.475080000 	 0.453347000 
2746738 	 -173.475080000 	 0.453347000 
2746962 	 -173.475080000 	 0.453347000 
2747191 	 -173.475080000 	 0.453347000 
2747430 	 -173.475080000 	 0.453347000 
2747664 	 -173.475080000 	 0.453347000 
2747900 	 -173.475080000 	 0.453347000 
2748116 	 -173.475080000 	 0.453347000 
2748345 	 -173.475080000 	 0.453347000 
2748587 	 -173.475080000 	 0.453347000 
2748781 	 -173.475080000 	 0.453347000 
2748998 	 -173.475080000 	 0.453347000 
2749212 	 -173.475080000 	 0.453347000 
2749415 	 -173.475080000 	 0.453347000 
2749606 	 -173.475080000 	 0.453347000 
2749806 	 -173.475080000 	 0.453347000 
2749996 	 -173.475080000 	 0.453347000 
2750204 	 -173.475080000 	 0.453347000 
2750407 	 -173.475080000 	 0.453347000 
2750601 	 -173.475080000 	 0.453347000 
2750848 	 -173.475080000 	 0.453347000 
2751085 	 -173.475080000 	 0.453347000 
2751321 	 -173.475080000 	 0.453347000 
2751544 	 -173.475080000 	 0.453347000 
2751779 	 -173.475080000 	 0.453347000 
2752007 	 -173.475080000 	 0.453347000 
2752225 	 -173.475080000 	 0.453347000 
2752445 	 -173.475080000 	 0.453347000 
2752679 	 -173.475080000 	 0.453347000 
2752915 	 -173.475080000 	 0.453347000 
2753111 	 -173.475080000 	 0.453347000 
2753316 	 -173.475080000 	 0.453347000 
2753528 	 -173.475080000 	 0.453347000 
2753730 	 -173.475080000 	 0.453347000 
2753924 	 -173.475080000 	 0.453347000 
2754122 	 -173.475080000 	 0.453347000 
2754337 	 -173.475080000 	 0.453347000 
2754542 	 -173.475080000 	 0.453347000 
2754760 	 -173.475080000 	 0.453347000 
2754966 	 -173.475080000 	 0.453347000 
2755208 	 -173.475080000 	 0.453347000 
2755435 	 -173.475080000 	 0.453347000 
2755672 	 -173.475080000 	 0.453347000 
2755888 	 -173.475080000 	 0.453347000 
2756112 	 -173.475080000 	 0.453347000 
2756336 	 -173.475080000 	 0.453347000 
2756561 	 -173.475080000 	 0.453347000 
2756781 	 -173.475080000 	 0.453347000 
2757004 	 -173.475080000 	 0.453347000 
2757243 	 -173.475080000 	 0.453347000 
2757439 	 -173.475080000 	 0.453347000 
2757649 	 -173.475080000 	 0.453347000 
2757848 	 -173.475080000 	 0.453347000 
2758050 	 -173.475080000 	 0.453347000 
2758268 	 -173.475080000 	 0.453347000 
2758472 	 -173.475080000 	 0.453347000 
2758679 	 -173.475080000 	 0.453347000 
2758884 	 -173.475080000 	 0.453347000 
2759081 	 -173.475080000 	 0.453347000 
2759297 	 -173.475080000 	 0.453347000 
2759513 	 -173.475080000 	 0.453347000 
2759732 	 -173.475080000 	 0.453347000 
2759962 	 -173.475080000 	 0.453347000 
2760187 	 -173.475080000 	 0.453347000 
2760415 	 -173.475080000 	 0.453347000 
2760639 	 -173.475080000 	 0.453347000 
2760869 	 -173.475080000 	 0.453347000 
2761088 	 -173.475080000 	 0.453347000 
2761322 	 -173.475080000 	 0.453347000 
2761531 	 -173.475080000 	 0.453347000 
2761723 	 -173.475080000 	 0.453347000 
2761936 	 -173.475080000 	 0.453347000 
2762124 	 -173.475080000 	 0.453347000 
2762316 	 -173.475080000 	 0.453347000 
2762497 	 -173.475080000 	 0.453347000 
2762693 	 -173.475080000 	 0.453347000 
2762892 	 -173.475080000 	 0.453347000 
2763081 	 -173.475080000 	 0.453347000 
2763283 	 -173.475080000 	 0.453347000 
2763484 	 -173.475080000 	 0.453347000 
2763707 	 -173.475080000 	 0.453347000 
2763944 	 -173.475080000 	 0.453347000 
2764191 	 -173.475080000 	 0.453347000 
2764421 	 -173.475080000 	 0.453347000 
2764678 	 -173.475080000 	 0.453347000 
2764906 	 -173.475080000 	 0.453347000 
2765136 	 -173.475080000 	 0.453347000 
2765365 	 -173.475080000 	 0.453347000 
2765585 	 -173.475080000 	 0.453347000 
2765833 	 -173.475080000 	 0.453347000 
2766042 	 -173.475080000 	 0.453347000 
2766235 	 -173.475080000 	 0.453347000 
2766429 	 -173.475080000 	 0.453347000 
2766621 	 -173.475080000 	 0.453347000 
2766819 	 -173.475080000 	 0.453347000 
2767025 	 -173.475080000 	 0.453347000 
2767224 	 -173.475080000 	 0.453347000 
2767413 	 -173.475080000 	 0.453347000 
2767604 	 -173.475080000 	 0.453347000 
2767798 	 -173.475080000 	 0.453347000 
2768036 	 -173.475080000 	 0.453347000 
2768266 	 -173.475080000 	 0.453347000 
2768492 	 -173.475080000 	 0.453347000 
2768736 	 -173.475080000 	 0.453347000 
2768970 	 -173.475080000 	 0.453347000 
2769199 	 -173.475080000 	 0.453347000 
2769419 	 -173.475080000 	 0.453347000 
2769635 	 -173.475080000 	 0.453347000 
2769892 	 -173.475080000 	 0.453347000 
2770113 	 -173.475080000 	 0.453347000 
2770303 	 -173.475080000 	 0.453347000 
2770507 	 -173.475080000 	 0.453347000 
2770732 	 -173.475080000 	 0.453347000 
2770946 	 -173.475080000 	 0.453347000 
2771157 	 -173.475080000 	 0.453347000 
2771370 	 -173.475080000 	 0.453347000 
2771578 	 -173.475080000 	 0.453347000 
2771791 	 -173.475080000 	 0.453347000 
2771978 	 -173.475080000 	 0.453347000 
2772194 	 -173.475080000 	 0.453347000 
2772422 	 -173.475080000 	 0.453347000 
2772640 	 -173.475080000 	 0.453347000 
2772875 	 -173.475080000 	 0.453347000 
2773094 	 -173.475080000 	 0.453347000 
2773309 	 -173.475080000 	 0.453347000 
2773530 	 -173.475080000 	 0.453347000 
2773769 	 -173.475080000 	 0.453347000 
2773999 	 -173.475080000 	 0.453347000 
2774233 	 -173.475080000 	 0.453347000 
2774459 	 -173.475080000 	 0.453347000 
2774681 	 -173.475080000 	 0.453347000 
2774877 	 -173.475080000 	 0.453347000 
2775069 	 -173.475080000 	 0.453347000 
2775268 	 -173.475080000 	 0.453347000 
2775465 	 -173.475080000 	 0.453347000 
2775677 	 -173.475080000 	 0.453347000 
2775905 	 -173.475080000 	 0.453347000 
2776102 	 -173.475080000 	 0.453347000 
2776304 	 -173.475080000 	 0.453347000 
2776504 	 -173.475080000 	 0.453347000 
2776734 	 -173.475080000 	 0.453347000 
2776960 	 -173.475080000 	 0.453347000 
2777194 	 -173.475080000 	 0.453347000 
2777415 	 -173.475080000 	 0.453347000 
2777635 	 -173.475080000 	 0.453347000 
2777860 	 -173.475080000 	 0.453347000 
2778091 	 -173.475080000 	 0.453347000 
2778313 	 -173.475080000 	 0.453347000 
2778531 	 -173.475080000 	 0.453347000 
2778747 	 -173.475080000 	 0.453347000 
2778935 	 -173.475080000 	 0.453347000 
2779155 	 -173.475080000 	 0.453347000 
2779365 	 -173.475080000 	 0.453347000 
2779569 	 -173.475080000 	 0.453347000 
2779782 	 -173.475080000 	 0.453347000 
2779996 	 -173.475080000 	 0.453347000 
2780193 	 -173.475080000 	 0.453347000 
2780407 	 -173.475080000 	 0.453347000 
2780620 	 -173.475080000 	 0.453347000 
2780824 	 -173.475080000 	 0.453347000 
2781047 	 -173.475080000 	 0.453347000 
2781263 	 -173.475080000 	 0.453347000 
2781468 	 -173.475080000 	 0.453347000 
2781700 	 -173.475080000 	 0.453347000 
2781940 	 -173.475080000 	 0.453347000 
2782159 	 -173.475080000 	 0.453347000 
2782397 	 -173.475080000 	 0.453347000 
2782614 	 -173.475080000 	 0.453347000 
2782841 	 -173.475080000 	 0.453347000 
2783051 	 -173.475080000 	 0.453347000 
2783262 	 -173.475080000 	 0.453347000 
2783463 	 -173.475080000 	 0.453347000 
2783678 	 -173.475080000 	 0.453347000 
2783897 	 -173.475080000 	 0.453347000 
2784118 	 -173.475080000 	 0.453347000 
2784322 	 -173.475080000 	 0.453347000 
2784528 	 -173.475080000 	 0.453347000 
2784742 	 -173.475080000 	 0.453347000 
2784962 	 -173.475080000 	 0.453347000 
2785167 	 -173.475080000 	 0.453347000 
2785389 	 -173.475080000 	 0.453347000 
2785606 	 -173.475080000 	 0.453347000 
2785839 	 -173.475080000 	 0.453347000 
2786045 	 -173.475080000 	 0.453347000 
2786234 	 -173.475080000 	 0.453347000 
2786437 	 -173.475080000 	 0.453347000 
2786651 	 -173.475080000 	 0.453347000 
2786860 	 -173.475080000 	 0.453347000 
2787072 	 -173.475080000 	 0.453347000 
2787295 	 -173.475080000 	 0.453347000 
2787523 	 -173.475080000 	 0.453347000 
2787739 	 -173.475080000 	 0.453347000 
2787951 	 -173.475080000 	 0.453347000 
2788171 	 -173.475080000 	 0.453347000 
2788394 	 -173.475080000 	 0.453347000 
2788615 	 -173.475080000 	 0.453347000 
2788829 	 -173.475080000 	 0.453347000 
2789052 	 -173.475080000 	 0.453347000 
2789282 	 -173.475080000 	 0.453347000 
2789505 	 -173.475080000 	 0.453347000 
2789705 	 -173.475080000 	 0.453347000 
2789927 	 -173.475080000 	 0.453347000 
2790132 	 -173.475080000 	 0.453347000 
2790358 	 -173.475080000 	 0.453347000 
2790557 	 -173.475080000 	 0.453347000 
2790760 	 -173.475080000 	 0.453347000 
2790985 	 -173.475080000 	 0.453347000 
2791187 	 -173.475080000 	 0.453347000 
2791394 	 -173.475080000 	 0.453347000 
2791587 	 -173.475080000 	 0.453347000 
2791813 	 -173.475080000 	 0.453347000 
2792022 	 -173.475080000 	 0.453347000 
2792249 	 -173.475080000 	 0.453347000 
2792471 	 -173.475080000 	 0.453347000 
2792687 	 -173.475080000 	 0.453347000 
2792910 	 -173.475080000 	 0.453347000 
2793143 	 -173.475080000 	 0.453347000 
2793366 	 -173.475080000 	 0.453347000 
2793574 	 -173.475080000 	 0.453347000 
2793812 	 -173.475080000 	 0.453347000 
2794001 	 -173.475080000 	 0.453347000 
2794196 	 -173.475080000 	 0.453347000 
2794402 	 -173.475080000 	 0.453347000 
2794594 	 -173.475080000 	 0.453347000 
2794797 	 -173.475080000 	 0.453347000 
2795005 	 -173.475080000 	 0.453347000 
2795224 	 -173.475080000 	 0.453347000 
2795439 	 -173.475080000 	 0.453347000 
2795649 	 -173.475080000 	 0.453347000 
2795857 	 -173.475080000 	 0.453347000 
2796093 	 -173.475080000 	 0.453347000 
2796312 	 -173.475080000 	 0.453347000 
2796544 	 -173.475080000 	 0.453347000 
2796797 	 -173.475080000 	 0.453347000 
2797024 	 -173.475080000 	 0.453347000 
2797272 	 -173.475080000 	 0.453347000 
2797505 	 -173.475080000 	 0.453347000 
2797746 	 -173.475080000 	 0.453347000 
2797985 	 -173.475080000 	 0.453347000 
2798201 	 -173.475080000 	 0.453347000 
2798397 	 -173.475080000 	 0.453347000 
2798597 	 -173.475080000 	 0.453347000 
2798797 	 -173.475080000 	 0.453347000 
2799004 	 -173.475080000 	 0.453347000 
2799201 	 -173.475080000 	 0.453347000 
2799399 	 -173.475080000 	 0.453347000 
2799610 	 -173.481840000 	 0.446587000 
2799813 	 -173.481840000 	 0.446587000 
2800019 	 -173.481840000 	 0.446587000 
2800210 	 -173.481840000 	 0.446587000 
2800442 	 -173.481840000 	 0.446587000 
2800660 	 -173.481840000 	 0.446587000 
2800899 	 -173.481840000 	 0.446587000 
2801144 	 -173.481840000 	 0.446587000 
2801405 	 -173.481840000 	 0.446587000 
2801646 	 -173.481840000 	 0.446587000 
2801877 	 -173.481840000 	 0.446587000 
2802109 	 -173.481840000 	 0.446587000 
2802352 	 -173.481840000 	 0.446587000 
2802583 	 -173.481840000 	 0.446587000 
2802814 	 -173.481840000 	 0.446587000 
2803008 	 -173.481840000 	 0.446587000 
2803219 	 -173.481840000 	 0.446587000 
2803410 	 -173.481840000 	 0.446587000 
2803619 	 -173.481840000 	 0.446587000 
2803808 	 -173.481840000 	 0.446587000 
2804006 	 -173.481840000 	 0.446587000 
2804226 	 -173.481840000 	 0.446587000 
2804437 	 -173.481840000 	 0.446587000 
2804626 	 -173.481840000 	 0.446587000 
2804876 	 -173.481840000 	 0.446587000 
2805133 	 -173.481840000 	 0.446587000 
2805361 	 -173.481840000 	 0.446587000 
2805593 	 -173.481840000 	 0.446587000 
2805820 	 -173.481840000 	 0.446587000 
2806050 	 -173.481840000 	 0.446587000 
2806292 	 -173.481840000 	 0.446587000 
2806537 	 -173.481840000 	 0.446587000 
2806780 	 -173.481840000 	 0.446587000 
2807018 	 -173.481840000 	 0.446587000 
2807203 	 -173.481840000 	 0.446587000 
2807394 	 -173.481840000 	 0.446587000 
2807602 	 -173.481840000 	 0.446587000 
2807798 	 -173.481840000 	 0.446587000 
2807980 	 -173.481840000 	 0.446587000 
2808182 	 -173.481840000 	 0.446587000 
2808384 	 -173.481840000 	 0.446587000 
2808582 	 -173.481840000 	 0.446587000 
2808782 	 -173.481840000 	 0.446587000 
2808980 	 -173.481840000 	 0.446587000 
2809211 	 -173.481840000 	 0.446587000 
2809453 	 -173.481840000 	 0.446587000 
2809689 	 -173.481840000 	 0.446587000 
2809925 	 -173.481840000 	 0.446587000 
2810162 	 -173.481840000 	 0.446587000 
2810399 	 -173.481840000 	 0.446587000 
2810644 	 -173.481840000 	 0.446587000 
2810871 	 -173.481840000 	 0.446587000 
2811131 	 -173.481840000 	 0.446587000 
2811371 	 -173.481840000 	 0.446587000 
2811548 	 -173.481840000 	 0.446587000 
2811746 	 -173.481840000 	 0.446587000 
2811946 	 -173.481840000 	 0.446587000 
2812123 	 -173.481840000 	 0.446587000 
2812309 	 -173.481840000 	 0.446587000 
2812493 	 -173.481840000 	 0.446587000 
2812681 	 -173.481840000 	 0.446587000 
2812876 	 -173.481840000 	 0.446587000 
2813067 	 -173.481840000 	 0.446587000 
2813269 	 -173.481840000 	 0.446587000 
2813482 	 -173.481840000 	 0.446587000 
2813719 	 -173.481840000 	 0.446587000 
2813954 	 -173.481840000 	 0.446587000 
2814175 	 -173.481840000 	 0.446587000 
2814403 	 -173.481840000 	 0.446587000 
2814631 	 -173.481840000 	 0.446587000 
2814865 	 -173.481840000 	 0.446587000 
2815087 	 -173.481840000 	 0.446587000 
2815319 	 -173.481840000 	 0.446587000 
2815544 	 -173.481840000 	 0.446587000 
2815743 	 -173.481840000 	 0.446587000 
2815944 	 -173.481840000 	 0.446587000 
2816139 	 -173.481840000 	 0.446587000 
2816337 	 -173.481840000 	 0.446587000 
2816534 	 -173.481840000 	 0.446587000 
2816750 	 -173.481840000 	 0.446587000 
2816955 	 -173.481840000 	 0.446587000 
2817161 	 -173.481840000 	 0.446587000 
2817365 	 -173.481840000 	 0.446587000 
2817578 	 -173.481840000 	 0.446587000 
2817806 	 -173.481840000 	 0.446587000 
2818030 	 -173.481840000 	 0.446587000 
2818253 	 -173.481840000 	 0.446587000 
2818481 	 -173.481840000 	 0.446587000 
2818706 	 -173.481840000 	 0.446587000 
2818926 	 -173.481840000 	 0.446587000 
2819160 	 -173.481840000 	 0.446587000 
2819391 	 -173.481840000 	 0.446587000 
2819629 	 -173.481840000 	 0.446587000 
2819853 	 -173.481840000 	 0.446587000 
2820063 	 -173.481840000 	 0.446587000 
2820273 	 -173.481840000 	 0.446587000 
2820491 	 -173.481840000 	 0.446587000 
2820701 	 -173.481840000 	 0.446587000 
2820904 	 -173.481840000 	 0.446587000 
2821116 	 -173.481840000 	 0.446587000 
2821331 	 -173.481840000 	 0.446587000 
2821539 	 -173.481840000 	 0.446587000 
2821738 	 -173.481840000 	 0.446587000 
2821937 	 -173.481840000 	 0.446587000 
2822175 	 -173.481840000 	 0.446587000 
2822384 	 -173.481840000 	 0.446587000 
2822617 	 -173.481840000 	 0.446587000 
2822839 	 -173.481840000 	 0.446587000 
2823063 	 -173.481840000 	 0.446587000 
2823275 	 -173.481840000 	 0.446587000 
2823495 	 -173.481840000 	 0.446587000 
2823713 	 -173.481840000 	 0.446587000 
2823931 	 -173.481840000 	 0.446587000 
2824165 	 -173.481840000 	 0.446587000 
2824380 	 -173.481840000 	 0.446587000 
2824577 	 -173.481840000 	 0.446587000 
2824773 	 -173.481840000 	 0.446587000 
2824976 	 -173.481840000 	 0.446587000 
2825178 	 -173.481840000 	 0.446587000 
2825386 	 -173.481840000 	 0.446587000 
2825590 	 -173.481840000 	 0.446587000 
2825793 	 -173.481840000 	 0.446587000 
2826004 	 -173.481840000 	 0.446587000 
2826194 	 -173.481840000 	 0.446587000 
2826418 	 -173.481840000 	 0.446587000 
2826643 	 -173.481840000 	 0.446587000 
2826870 	 -173.481840000 	 0.446587000 
2827093 	 -173.481840000 	 0.446587000 
2827311 	 -173.481840000 	 0.446587000 
2827516 	 -173.481840000 	 0.446587000 
2827725 	 -173.481840000 	 0.446587000 
2827950 	 -173.481840000 	 0.446587000 
2828173 	 -173.481840000 	 0.446587000 
2828397 	 -173.481840000 	 0.446587000 
2828620 	 -173.481840000 	 0.446587000 
2828836 	 -173.481840000 	 0.446587000 
2829063 	 -173.481840000 	 0.446587000 
2829280 	 -173.481840000 	 0.446587000 
2829498 	 -173.481840000 	 0.446587000 
2829709 	 -173.481840000 	 0.446587000 
2829918 	 -173.481840000 	 0.446587000 
2830140 	 -173.481840000 	 0.446587000 
2830352 	 -173.481840000 	 0.446587000 
2830550 	 -173.481840000 	 0.446587000 
2830777 	 -173.481840000 	 0.446587000 
2830988 	 -173.481840000 	 0.446587000 
2831199 	 -173.481840000 	 0.446587000 
2831416 	 -173.481840000 	 0.446587000 
2831617 	 -173.481840000 	 0.446587000 
2831821 	 -173.481840000 	 0.446587000 
2832036 	 -173.481840000 	 0.446587000 
2832253 	 -173.481840000 	 0.446587000 
2832464 	 -173.481840000 	 0.446587000 
2832678 	 -173.481840000 	 0.446587000 
2832904 	 -173.481840000 	 0.446587000 
2833122 	 -173.481840000 	 0.446587000 
2833336 	 -173.481840000 	 0.446587000 
2833560 	 -173.481840000 	 0.446587000 
2833779 	 -173.481840000 	 0.446587000 
2833999 	 -173.481840000 	 0.446587000 
2834231 	 -173.481840000 	 0.446587000 
2834455 	 -173.481840000 	 0.446587000 
2834663 	 -173.481840000 	 0.446587000 
2834873 	 -173.481840000 	 0.446587000 
2835090 	 -173.481840000 	 0.446587000 
2835312 	 -173.481840000 	 0.446587000 
2835527 	 -173.481840000 	 0.446587000 
2835748 	 -173.481840000 	 0.446587000 
2835965 	 -173.481840000 	 0.446587000 
2836181 	 -173.481840000 	 0.446587000 
2836400 	 -173.481840000 	 0.446587000 
2836619 	 -173.481840000 	 0.446587000 
2836820 	 -173.481840000 	 0.446587000 
2837028 	 -173.481840000 	 0.446587000 
2837270 	 -173.481840000 	 0.446587000 
2837506 	 -173.481840000 	 0.446587000 
2837713 	 -173.481840000 	 0.446587000 
2837934 	 -173.481840000 	 0.446587000 
2838160 	 -173.481840000 	 0.446587000 
2838379 	 -173.481840000 	 0.446587000 
2838598 	 -173.481840000 	 0.446587000 
2838820 	 -173.481840000 	 0.446587000 
2839029 	 -173.481840000 	 0.446587000 
2839237 	 -173.481840000 	 0.446587000 
2839447 	 -173.481840000 	 0.446587000 
2839645 	 -173.481840000 	 0.446587000 
2839843 	 -173.481840000 	 0.446587000 
2840042 	 -173.481840000 	 0.446587000 
2840263 	 -173.481840000 	 0.446587000 
2840475 	 -173.481840000 	 0.446587000 
2840684 	 -173.481840000 	 0.446587000 
2840890 	 -173.481840000 	 0.446587000 
2841101 	 -173.481840000 	 0.446587000 
2841301 	 -173.481840000 	 0.446587000 
2841552 	 -173.481840000 	 0.446587000 
2841796 	 -173.481840000 	 0.446587000 
2842040 	 -173.481840000 	 0.446587000 
2842279 	 -173.481840000 	 0.446587000 
2842509 	 -173.481840000 	 0.446587000 
2842743 	 -173.481840000 	 0.446587000 
2842992 	 -173.481840000 	 0.446587000 
2843237 	 -173.481840000 	 0.446587000 
2843473 	 -173.481840000 	 0.446587000 
2843706 	 -173.481840000 	 0.446587000 
2843904 	 -173.481840000 	 0.446587000 
2844107 	 -173.481840000 	 0.446587000 
2844304 	 -173.481840000 	 0.446587000 
2844510 	 -173.481840000 	 0.446587000 
2844723 	 -173.481840000 	 0.446587000 
2844932 	 -173.481840000 	 0.446587000 
2845119 	 -173.481840000 	 0.446587000 
2845307 	 -173.481840000 	 0.446587000 
2845503 	 -173.481840000 	 0.446587000 
2845712 	 -173.481840000 	 0.446587000 
2845952 	 -173.481840000 	 0.446587000 
2846193 	 -173.481840000 	 0.446587000 
2846429 	 -173.481840000 	 0.446587000 
2846659 	 -173.481840000 	 0.446587000 
2846881 	 -173.481840000 	 0.446587000 
2847113 	 -173.481840000 	 0.446587000 
2847338 	 -173.481840000 	 0.446587000 
2847565 	 -173.481840000 	 0.446587000 
2847791 	 -173.481840000 	 0.446587000 
2848036 	 -173.481840000 	 0.446587000 
2848222 	 -173.481840000 	 0.446587000 
2848437 	 -173.481840000 	 0.446587000 
2848636 	 -173.481840000 	 0.446587000 
2848827 	 -173.481840000 	 0.446587000 
2849028 	 -173.481840000 	 0.446587000 
2849223 	 -173.481840000 	 0.446587000 
2849425 	 -173.481840000 	 0.446587000 
2849614 	 -173.481840000 	 0.446587000 
2849800 	 -173.481840000 	 0.446587000 
2850012 	 -173.481840000 	 0.446587000 
2850231 	 -173.481840000 	 0.446587000 
2850463 	 -173.481840000 	 0.446587000 
2850689 	 -173.481840000 	 0.446587000 
2850901 	 -173.481840000 	 0.446587000 
2851134 	 -173.481840000 	 0.446587000 
2851369 	 -173.481840000 	 0.446587000 
2851580 	 -173.481840000 	 0.446587000 
2851810 	 -173.481840000 	 0.446587000 
2852030 	 -173.481840000 	 0.446587000 
2852267 	 -173.481840000 	 0.446587000 
2852465 	 -173.481840000 	 0.446587000 
2852666 	 -173.481840000 	 0.446587000 
2852870 	 -173.481840000 	 0.446587000 
2853076 	 -173.481840000 	 0.446587000 
2853275 	 -173.481840000 	 0.446587000 
2853473 	 -173.481840000 	 0.446587000 
2853671 	 -173.481840000 	 0.446587000 
2853886 	 -173.481840000 	 0.446587000 
2854078 	 -173.481840000 	 0.446587000 
2854280 	 -173.481840000 	 0.446587000 
2854513 	 -173.481840000 	 0.446587000 
2854731 	 -173.481840000 	 0.446587000 
2854964 	 -173.481840000 	 0.446587000 
2855191 	 -173.481840000 	 0.446587000 
2855426 	 -173.481840000 	 0.446587000 
2855669 	 -173.481840000 	 0.446587000 
2855894 	 -173.481840000 	 0.446587000 
2856123 	 -173.481840000 	 0.446587000 
2856332 	 -173.481840000 	 0.446587000 
2856554 	 -173.481840000 	 0.446587000 
2856767 	 -173.481840000 	 0.446587000 
2856954 	 -173.481840000 	 0.446587000 
2857172 	 -173.481840000 	 0.446587000 
2857371 	 -173.481840000 	 0.446587000 
2857576 	 -173.481840000 	 0.446587000 
2857770 	 -173.481840000 	 0.446587000 
2857969 	 -173.481840000 	 0.446587000 
2858171 	 -173.481840000 	 0.446587000 
2858364 	 -173.481840000 	 0.446587000 
2858555 	 -173.481840000 	 0.446587000 
2858783 	 -173.481840000 	 0.446587000 
2859010 	 -173.481840000 	 0.446587000 
2859244 	 -173.481840000 	 0.446587000 
2859459 	 -173.481840000 	 0.446587000 
2859680 	 -173.481840000 	 0.446587000 
2859904 	 -173.481840000 	 0.446587000 
2860123 	 -173.481840000 	 0.446587000 
2860341 	 -173.481840000 	 0.446587000 
2860561 	 -173.481840000 	 0.446587000 
2860788 	 -173.481840000 	 0.446587000 
2860985 	 -173.481840000 	 0.446587000 
2861192 	 -173.481840000 	 0.446587000 
2861397 	 -173.481840000 	 0.446587000 
2861593 	 -173.481840000 	 0.446587000 
2861810 	 -173.481840000 	 0.446587000 
2862018 	 -173.481840000 	 0.446587000 
2862222 	 -173.481840000 	 0.446587000 
2862435 	 -173.481840000 	 0.446587000 
2862646 	 -173.481840000 	 0.446587000 
2862848 	 -173.481840000 	 0.446587000 
2863071 	 -173.481840000 	 0.446587000 
2863287 	 -173.481840000 	 0.446587000 
2863514 	 -173.481840000 	 0.446587000 
2863727 	 -173.481840000 	 0.446587000 
2863947 	 -173.481840000 	 0.446587000 
2864166 	 -173.481840000 	 0.446587000 
2864412 	 -173.481840000 	 0.446587000 
2864628 	 -173.481840000 	 0.446587000 
2864864 	 -173.481840000 	 0.446587000 
2865088 	 -173.481840000 	 0.446587000 
2865296 	 -173.481840000 	 0.446587000 
2865508 	 -173.481840000 	 0.446587000 
2865724 	 -173.481840000 	 0.446587000 
2865926 	 -173.481840000 	 0.446587000 
2866142 	 -173.481840000 	 0.446587000 
2866344 	 -173.481840000 	 0.446587000 
2866562 	 -173.481840000 	 0.446587000 
2866781 	 -173.481840000 	 0.446587000 
2866981 	 -173.481840000 	 0.446587000 
2867173 	 -173.481840000 	 0.446587000 
2867407 	 -173.481840000 	 0.446587000 
2867627 	 -173.481840000 	 0.446587000 
2867865 	 -173.481840000 	 0.446587000 
2868099 	 -173.481840000 	 0.446587000 
2868325 	 -173.481840000 	 0.446587000 
2868541 	 -173.481840000 	 0.446587000 
2868748 	 -173.481840000 	 0.446587000 
2868976 	 -173.481840000 	 0.446587000 
2869185 	 -173.481840000 	 0.446587000 
2869403 	 -173.481840000 	 0.446587000 
2869607 	 -173.481840000 	 0.446587000 
2869807 	 -173.481840000 	 0.446587000 
2870003 	 -173.481840000 	 0.446587000 
2870219 	 -173.481840000 	 0.446587000 
2870427 	 -173.481840000 	 0.446587000 
2870637 	 -173.481840000 	 0.446587000 
2870839 	 -173.481840000 	 0.446587000 
2871049 	 -173.481840000 	 0.446587000 
2871242 	 -173.481840000 	 0.446587000 
2871445 	 -173.481840000 	 0.446587000 
2871655 	 -173.481840000 	 0.446587000 
2871858 	 -173.481840000 	 0.446587000 
2872067 	 -173.481840000 	 0.446587000 
2872278 	 -173.481840000 	 0.446587000 
2872485 	 -173.481840000 	 0.446587000 
2872702 	 -173.481840000 	 0.446587000 
2872933 	 -173.481840000 	 0.446587000 
2873132 	 -173.481840000 	 0.446587000 
2873354 	 -173.481840000 	 0.446587000 
2873560 	 -173.481840000 	 0.446587000 
2873770 	 -173.481840000 	 0.446587000 
2873981 	 -173.481840000 	 0.446587000 
2874199 	 -173.481840000 	 0.446587000 
2874422 	 -173.481840000 	 0.446587000 
2874617 	 -173.481840000 	 0.446587000 
2874829 	 -173.481840000 	 0.446587000 
2875029 	 -173.481840000 	 0.446587000 
2875220 	 -173.481840000 	 0.446587000 
2875419 	 -173.481840000 	 0.446587000 
2875637 	 -173.481840000 	 0.446587000 
2875834 	 -173.481840000 	 0.446587000 
2876033 	 -173.481840000 	 0.446587000 
2876223 	 -173.481840000 	 0.446587000 
2876451 	 -173.481840000 	 0.446587000 
2876656 	 -173.481840000 	 0.446587000 
2876864 	 -173.481840000 	 0.446587000 
2877065 	 -173.481840000 	 0.446587000 
2877269 	 -173.481840000 	 0.446587000 
2877468 	 -173.481840000 	 0.446587000 
2877683 	 -173.481840000 	 0.446587000 
2877922 	 -173.481840000 	 0.446587000 
2878149 	 -173.481840000 	 0.446587000 
2878373 	 -173.481840000 	 0.446587000 
2878615 	 -173.481840000 	 0.446587000 
2878841 	 -173.481840000 	 0.446587000 
2879066 	 -173.481840000 	 0.446587000 
2879299 	 -173.481840000 	 0.446587000 
2879518 	 -173.481840000 	 0.446587000 
2879744 	 -173.481840000 	 0.446587000 
2879982 	 -173.481840000 	 0.446587000 
2880177 	 -173.481840000 	 0.446587000 
2880415 	 -173.481840000 	 0.446587000 
2880609 	 -173.481840000 	 0.446587000 
2880827 	 -173.481840000 	 0.446587000 
2881044 	 -173.481840000 	 0.446587000 
2881253 	 -173.481840000 	 0.446587000 
2881435 	 -173.481840000 	 0.446587000 
2881636 	 -173.481840000 	 0.446587000 
2881848 	 -173.481840000 	 0.446587000 
2882059 	 -173.481840000 	 0.446587000 
2882275 	 -173.481840000 	 0.446587000 
2882513 	 -173.481840000 	 0.446587000 
2882741 	 -173.481840000 	 0.446587000 
2882970 	 -173.481840000 	 0.446587000 
2883194 	 -173.481840000 	 0.446587000 
2883432 	 -173.481840000 	 0.446587000 
2883660 	 -173.481840000 	 0.446587000 
2883889 	 -173.481840000 	 0.446587000 
2884102 	 -173.481840000 	 0.446587000 
2884353 	 -173.481840000 	 0.446587000 
2884556 	 -173.481840000 	 0.446587000 
2884766 	 -173.481840000 	 0.446587000 
2884976 	 -173.481840000 	 0.446587000 
2885176 	 -173.481840000 	 0.446587000 
2885376 	 -173.481840000 	 0.446587000 
2885578 	 -173.481840000 	 0.446587000 
2885783 	 -173.481840000 	 0.446587000 
2885986 	 -173.481840000 	 0.446587000 
2886191 	 -173.481840000 	 0.446587000 
2886381 	 -173.481840000 	 0.446587000 
2886621 	 -173.481840000 	 0.446587000 
2886882 	 -173.481840000 	 0.446587000 
2887125 	 -173.481840000 	 0.446587000 
2887370 	 -173.481840000 	 0.446587000 
2887606 	 -173.481840000 	 0.446587000 
2887843 	 -173.481840000 	 0.446587000 
2888097 	 -173.481840000 	 0.446587000 
2888331 	 -173.481840000 	 0.446587000 
2888587 	 -173.481840000 	 0.446587000 
2888830 	 -173.481840000 	 0.446587000 
2889012 	 -173.481840000 	 0.446587000 
2889214 	 -173.481840000 	 0.446587000 
2889421 	 -173.481840000 	 0.446587000 
2889606 	 -173.481840000 	 0.446587000 
2889803 	 -173.481840000 	 0.446587000 
2890008 	 -173.481840000 	 0.446587000 
2890209 	 -173.481840000 	 0.446587000 
2890414 	 -173.481840000 	 0.446587000 
2890602 	 -173.481840000 	 0.446587000 
2890803 	 -173.481840000 	 0.446587000 
2891035 	 -173.481840000 	 0.446587000 
2891259 	 -173.481840000 	 0.446587000 
2891464 	 -173.481840000 	 0.446587000 
2891694 	 -173.481840000 	 0.446587000 
2891919 	 -173.481840000 	 0.446587000 
2892157 	 -173.481840000 	 0.446587000 
2892399 	 -173.481840000 	 0.446587000 
2892630 	 -173.481840000 	 0.446587000 
2892852 	 -173.481840000 	 0.446587000 
2893084 	 -173.481840000 	 0.446587000 
2893269 	 -173.481840000 	 0.446587000 
2893456 	 -173.481840000 	 0.446587000 
2893670 	 -173.481840000 	 0.446587000 
2893871 	 -173.481840000 	 0.446587000 
2894081 	 -173.481840000 	 0.446587000 
2894286 	 -173.481840000 	 0.446587000 
2894491 	 -173.481840000 	 0.446587000 
2894696 	 -173.481840000 	 0.446587000 
2894895 	 -173.481840000 	 0.446587000 
2895111 	 -173.481840000 	 0.446587000 
2895339 	 -173.481840000 	 0.446587000 
2895551 	 -173.481840000 	 0.446587000 
2895773 	 -173.481840000 	 0.446587000 
2896001 	 -173.481840000 	 0.446587000 
2896229 	 -173.481840000 	 0.446587000 
2896469 	 -173.481840000 	 0.446587000 
2896713 	 -173.481840000 	 0.446587000 
2896948 	 -173.481840000 	 0.446587000 
2897173 	 -173.481840000 	 0.446587000 
2897397 	 -173.481840000 	 0.446587000 
2897570 	 -173.481840000 	 0.446587000 
2897750 	 -173.481840000 	 0.446587000 
2897938 	 -173.481840000 	 0.446587000 
2898142 	 -173.481840000 	 0.446587000 
2898340 	 -173.481840000 	 0.446587000 
2898544 	 -173.481840000 	 0.446587000 
2898730 	 -173.481840000 	 0.446587000 
2898933 	 -173.481840000 	 0.446587000 
2899129 	 -173.481840000 	 0.446587000 
2899316 	 -173.481840000 	 0.446587000 
2899551 	 -173.481840000 	 0.446587000 
2899788 	 -173.481840000 	 0.446587000 
2900022 	 -173.481840000 	 0.446587000 
2900256 	 -173.481840000 	 0.446587000 
2900513 	 -173.481840000 	 0.446587000 
2900761 	 -173.481840000 	 0.446587000 
2900994 	 -173.481840000 	 0.446587000 
2901250 	 -173.481840000 	 0.446587000 
2901472 	 -173.481840000 	 0.446587000 
2901721 	 -173.481840000 	 0.446587000 
2901928 	 -173.481840000 	 0.446587000 
2902139 	 -173.481840000 	 0.446587000 
2902342 	 -173.481840000 	 0.446587000 
2902542 	 -173.481840000 	 0.446587000 
2902746 	 -173.481840000 	 0.446587000 
2902951 	 -173.481840000 	 0.446587000 
2903152 	 -173.481840000 	 0.446587000 
2903355 	 -173.481840000 	 0.446587000 
2903562 	 -173.481840000 	 0.446587000 
2903765 	 -173.481840000 	 0.446587000 
2903989 	 -173.481840000 	 0.446587000 
2904228 	 -173.481840000 	 0.446587000 
2904460 	 -173.481840000 	 0.446587000 
2904700 	 -173.481840000 	 0.446587000 
2904934 	 -173.481840000 	 0.446587000 
2905154 	 -173.481840000 	 0.446587000 
2905386 	 -173.481840000 	 0.446587000 
2905619 	 -173.481840000 	 0.446587000 
2905850 	 -173.481840000 	 0.446587000 
2906076 	 -173.481840000 	 0.446587000 
2906288 	 -173.481840000 	 0.446587000 
2906496 	 -173.481840000 	 0.446587000 
2906701 	 -173.481840000 	 0.446587000 
2906918 	 -173.481840000 	 0.446587000 
2907120 	 -173.481840000 	 0.446587000 
2907327 	 -173.481840000 	 0.446587000 
2907543 	 -173.481840000 	 0.446587000 
2907762 	 -173.481840000 	 0.446587000 
2907968 	 -173.481840000 	 0.446587000 
2908183 	 -173.481840000 	 0.446587000 
2908401 	 -173.481840000 	 0.446587000 
2908639 	 -173.481840000 	 0.446587000 
2908845 	 -173.481840000 	 0.446587000 
2909063 	 -173.481840000 	 0.446587000 
2909288 	 -173.481840000 	 0.446587000 
2909518 	 -173.481840000 	 0.446587000 
2909729 	 -173.481840000 	 0.446587000 
2909965 	 -173.481840000 	 0.446587000 
2910186 	 -173.481840000 	 0.446587000 
2910411 	 -173.481840000 	 0.446587000 
2910623 	 -173.481840000 	 0.446587000 
2910838 	 -173.481840000 	 0.446587000 
2911051 	 -173.481840000 	 0.446587000 
2911270 	 -173.481840000 	 0.446587000 
2911475 	 -173.481840000 	 0.446587000 
2911703 	 -173.481840000 	 0.446587000 
2911924 	 -173.481840000 	 0.446587000 
2912143 	 -173.481840000 	 0.446587000 
2912362 	 -173.481840000 	 0.446587000 
2912575 	 -173.481840000 	 0.446587000 
2912783 	 -173.481840000 	 0.446587000 
2913014 	 -173.481840000 	 0.446587000 
2913233 	 -173.481840000 	 0.446587000 
2913449 	 -173.481840000 	 0.446587000 
2913658 	 -173.481840000 	 0.446587000 
2913885 	 -173.481840000 	 0.446587000 
2914117 	 -173.481840000 	 0.446587000 
2914359 	 -173.481840000 	 0.446587000 
2914569 	 -173.481840000 	 0.446587000 
2914792 	 -173.481840000 	 0.446587000 
2915006 	 -173.481840000 	 0.446587000 
2915220 	 -173.481840000 	 0.446587000 
2915458 	 -173.481840000 	 0.446587000 
2915690 	 -173.481840000 	 0.446587000 
2915925 	 -173.481840000 	 0.446587000 
2916152 	 -173.481840000 	 0.446587000 
2916383 	 -173.481840000 	 0.446587000 
2916596 	 -173.481840000 	 0.446587000 
2916821 	 -173.481840000 	 0.446587000 
2917055 	 -173.481840000 	 0.446587000 
2917260 	 -173.481840000 	 0.446587000 
2917454 	 -173.481840000 	 0.446587000 
2917669 	 -173.481840000 	 0.446587000 
2917878 	 -173.481840000 	 0.446587000 
2918087 	 -173.481840000 	 0.446587000 
2918283 	 -173.481840000 	 0.446587000 
2918500 	 -173.481840000 	 0.446587000 
2918718 	 -173.481840000 	 0.446587000 
2918928 	 -173.481840000 	 0.446587000 
2919131 	 -173.481840000 	 0.446587000 
2919370 	 -173.481840000 	 0.446587000 
2919618 	 -173.481840000 	 0.446587000 
2919850 	 -173.481840000 	 0.446587000 
2920075 	 -173.481840000 	 0.446587000 
2920292 	 -173.481840000 	 0.446587000 
2920514 	 -173.481840000 	 0.446587000 
2920741 	 -173.481840000 	 0.446587000 
2920961 	 -173.481840000 	 0.446587000 
2921186 	 -173.481840000 	 0.446587000 
2921401 	 -173.481840000 	 0.446587000 
2921618 	 -173.481840000 	 0.446587000 
2921840 	 -173.481840000 	 0.446587000 
2922056 	 -173.481840000 	 0.446587000 
2922250 	 -173.481840000 	 0.446587000 
2922455 	 -173.481840000 	 0.446587000 
2922657 	 -173.481840000 	 0.446587000 
2922862 	 -173.481840000 	 0.446587000 
2923083 	 -173.481840000 	 0.446587000 
2923297 	 -173.481840000 	 0.446587000 
2923501 	 -173.481840000 	 0.446587000 
2923716 	 -173.481840000 	 0.446587000 
2923953 	 -173.481840000 	 0.446587000 
2924195 	 -173.481840000 	 0.446587000 
2924414 	 -173.481840000 	 0.446587000 
2924645 	 -173.481840000 	 0.446587000 
2924867 	 -173.481840000 	 0.446587000 
2925103 	 -173.481840000 	 0.446587000 
2925335 	 -173.481840000 	 0.446587000 
2925574 	 -173.481840000 	 0.446587000 
2925814 	 -173.481840000 	 0.446587000 
2926016 	 -173.481840000 	 0.446587000 
2926219 	 -173.481840000 	 0.446587000 
2926429 	 -173.481840000 	 0.446587000 
2926638 	 -173.481840000 	 0.446587000 
2926856 	 -173.481840000 	 0.446587000 
2927051 	 -173.481840000 	 0.446587000 
2927275 	 -173.481840000 	 0.446587000 
2927485 	 -173.481840000 	 0.446587000 
2927673 	 -173.481840000 	 0.446587000 
2927867 	 -173.481840000 	 0.446587000 
2928101 	 -173.481840000 	 0.446587000 
2928323 	 -173.481840000 	 0.446587000 
2928539 	 -173.481840000 	 0.446587000 
2928758 	 -173.481840000 	 0.446587000 
2928997 	 -173.481840000 	 0.446587000 
2929223 	 -173.481840000 	 0.446587000 
2929457 	 -173.481840000 	 0.446587000 
2929679 	 -173.481840000 	 0.446587000 
2929889 	 -173.481840000 	 0.446587000 
2930117 	 -173.481840000 	 0.446587000 
2930321 	 -173.481840000 	 0.446587000 
2930532 	 -173.481840000 	 0.446587000 
2930743 	 -173.481840000 	 0.446587000 
2930942 	 -173.481840000 	 0.446587000 
2931152 	 -173.481840000 	 0.446587000 
2931342 	 -173.481840000 	 0.446587000 
2931524 	 -173.481840000 	 0.446587000 
2931724 	 -173.481840000 	 0.446587000 
2931925 	 -173.481840000 	 0.446587000 
2932121 	 -173.481840000 	 0.446587000 
2932340 	 -173.481840000 	 0.446587000 
2932576 	 -173.481840000 	 0.446587000 
2932804 	 -173.481840000 	 0.446587000 
2933034 	 -173.481840000 	 0.446587000 
2933265 	 -173.481840000 	 0.446587000 
2933487 	 -173.481840000 	 0.446587000 
2933702 	 -173.481840000 	 0.446587000 
2933968 	 -173.481840000 	 0.446587000 
2934227 	 -173.481840000 	 0.446587000 
2934465 	 -173.481840000 	 0.446587000 
2934649 	 -173.481840000 	 0.446587000 
2934858 	 -173.481840000 	 0.446587000 
2935058 	 -173.481840000 	 0.446587000 
2935259 	 -173.481840000 	 0.446587000 
2935447 	 -173.481840000 	 0.446587000 
2935655 	 -173.481840000 	 0.446587000 
2935855 	 -173.481840000 	 0.446587000 
2936040 	 -173.481840000 	 0.446587000 
2936225 	 -173.481840000 	 0.446587000 
2936426 	 -173.481840000 	 0.446587000 
2936661 	 -173.481840000 	 0.446587000 
2936883 	 -173.481840000 	 0.446587000 
2937120 	 -173.481840000 	 0.446587000 
2937361 	 -173.481840000 	 0.446587000 
2937603 	 -173.481840000 	 0.446587000 
2937826 	 -173.481840000 	 0.446587000 
2938059 	 -173.481840000 	 0.446587000 
2938298 	 -173.481840000 	 0.446587000 
2938516 	 -173.481840000 	 0.446587000 
2938745 	 -173.481840000 	 0.446587000 
2938951 	 -173.481840000 	 0.446587000 
2939136 	 -173.481840000 	 0.446587000 
2939351 	 -173.481840000 	 0.446587000 
2939576 	 -173.481840000 	 0.446587000 
2939777 	 -173.481840000 	 0.446587000 
2939979 	 -173.481840000 	 0.446587000 
2940191 	 -173.481840000 	 0.446587000 
2940408 	 -173.481840000 	 0.446587000 
2940612 	 -173.481840000 	 0.446587000 
2940823 	 -173.481840000 	 0.446587000 
2941071 	 -173.481840000 	 0.446587000 
2941289 	 -173.481840000 	 0.446587000 
2941515 	 -173.481840000 	 0.446587000 
2941743 	 -173.481840000 	 0.446587000 
2941982 	 -173.481840000 	 0.446587000 
2942219 	 -173.481840000 	 0.446587000 
2942439 	 -173.481840000 	 0.446587000 
2942682 	 -173.481840000 	 0.446587000 
2942918 	 -173.481840000 	 0.446587000 
2943144 	 -173.481840000 	 0.446587000 
2943330 	 -173.481840000 	 0.446587000 
2943524 	 -173.481840000 	 0.446587000 
2943732 	 -173.481840000 	 0.446587000 
2943917 	 -173.481840000 	 0.446587000 
2944103 	 -173.481840000 	 0.446587000 
2944314 	 -173.481840000 	 0.446587000 
2944504 	 -173.481840000 	 0.446587000 
2944715 	 -173.481840000 	 0.446587000 
2944901 	 -173.481840000 	 0.446587000 
2945099 	 -173.481840000 	 0.446587000 
2945338 	 -173.481840000 	 0.446587000 
2945563 	 -173.481840000 	 0.446587000 
2945786 	 -173.481840000 	 0.446587000 
2946018 	 -173.481840000 	 0.446587000 
2946254 	 -173.481840000 	 0.446587000 
2946487 	 -173.481840000 	 0.446587000 
2946717 	 -173.481840000 	 0.446587000 
2946950 	 -173.481840000 	 0.446587000 
2947178 	 -173.481840000 	 0.446587000 
2947400 	 -173.481840000 	 0.446587000 
2947632 	 -173.481840000 	 0.446587000 
2947841 	 -173.481840000 	 0.446587000 
2948048 	 -173.481840000 	 0.446587000 
2948250 	 -173.481840000 	 0.446587000 
2948439 	 -173.481840000 	 0.446587000 
2948659 	 -173.481840000 	 0.446587000 
2948869 	 -173.481840000 	 0.446587000 
2949081 	 -173.481840000 	 0.446587000 
2949281 	 -173.481840000 	 0.446587000 
2949487 	 -173.481840000 	 0.446587000 
2949723 	 -173.481840000 	 0.446587000 
2949954 	 -173.481840000 	 0.446587000 
2950192 	 -173.481840000 	 0.446587000 
2950427 	 -173.481840000 	 0.446587000 
2950653 	 -173.481840000 	 0.446587000 
2950863 	 -173.481840000 	 0.446587000 
2951072 	 -173.481840000 	 0.446587000 
2951314 	 -173.481840000 	 0.446587000 
2951572 	 -173.481840000 	 0.446587000 
2951785 	 -173.481840000 	 0.446587000 
2952009 	 -173.481840000 	 0.446587000 
2952201 	 -173.481840000 	 0.446587000 
2952406 	 -173.481840000 	 0.446587000 
2952603 	 -173.481840000 	 0.446587000 
2952812 	 -173.481840000 	 0.446587000 
2953031 	 -173.481840000 	 0.446587000 
2953232 	 -173.481840000 	 0.446587000 
2953434 	 -173.481840000 	 0.446587000 
2953647 	 -173.481840000 	 0.446587000 
2953864 	 -173.481840000 	 0.446587000 
2954087 	 -173.481840000 	 0.446587000 
2954311 	 -173.481840000 	 0.446587000 
2954526 	 -173.481840000 	 0.446587000 
2954748 	 -173.481840000 	 0.446587000 
2954974 	 -173.481840000 	 0.446587000 
2955190 	 -173.481840000 	 0.446587000 
2955386 	 -173.481840000 	 0.446587000 
2955597 	 -173.481840000 	 0.446587000 
2955808 	 -173.481840000 	 0.446587000 
2956014 	 -173.481840000 	 0.446587000 
2956215 	 -173.481840000 	 0.446587000 
2956413 	 -173.481840000 	 0.446587000 
2956621 	 -173.481840000 	 0.446587000 
2956832 	 -173.481840000 	 0.446587000 
2957037 	 -173.481840000 	 0.446587000 
2957243 	 -173.481840000 	 0.446587000 
2957461 	 -173.481840000 	 0.446587000 
2957659 	 -173.481840000 	 0.446587000 
2957867 	 -173.481840000 	 0.446587000 
2958069 	 -173.481840000 	 0.446587000 
2958276 	 -173.481840000 	 0.446587000 
2958480 	 -173.481840000 	 0.446587000 
2958689 	 -173.481840000 	 0.446587000 
2958910 	 -173.481840000 	 0.446587000 
2959120 	 -173.481840000 	 0.446587000 
2959334 	 -173.481840000 	 0.446587000 
2959532 	 -173.481840000 	 0.446587000 
2959755 	 -173.481840000 	 0.446587000 
2959986 	 -173.481840000 	 0.446587000 
2960196 	 -173.481840000 	 0.446587000 
2960405 	 -173.481840000 	 0.446587000 
2960651 	 -173.481840000 	 0.446587000 
2960877 	 -173.481840000 	 0.446587000 
2961113 	 -173.481840000 	 0.446587000 
2961352 	 -173.481840000 	 0.446587000 
2961575 	 -173.481840000 	 0.446587000 
2961803 	 -173.481840000 	 0.446587000 
2962036 	 -173.481840000 	 0.446587000 
2962252 	 -173.481840000 	 0.446587000 
2962486 	 -173.481840000 	 0.446587000 
2962697 	 -173.481840000 	 0.446587000 
2962906 	 -173.481840000 	 0.446587000 
2963117 	 -173.481840000 	 0.446587000 
2963319 	 -173.481840000 	 0.446587000 
2963518 	 -173.481840000 	 0.446587000 
2963710 	 -173.481840000 	 0.446587000 
2963907 	 -173.481840000 	 0.446587000 
2964109 	 -173.481840000 	 0.446587000 
2964303 	 -173.481840000 	 0.446587000 
2964519 	 -173.481840000 	 0.446587000 
2964759 	 -173.481840000 	 0.446587000 
2964986 	 -173.481840000 	 0.446587000 
2965234 	 -173.481840000 	 0.446587000 
2965468 	 -173.481840000 	 0.446587000 
2965709 	 -173.481840000 	 0.446587000 
2965958 	 -173.481840000 	 0.446587000 
2966193 	 -173.481840000 	 0.446587000 
2966430 	 -173.481840000 	 0.446587000 
2966659 	 -173.481840000 	 0.446587000 
2966890 	 -173.481840000 	 0.446587000 
2967095 	 -173.481840000 	 0.446587000 
2967310 	 -173.481840000 	 0.446587000 
2967516 	 -173.481840000 	 0.446587000 
2967726 	 -173.481840000 	 0.446587000 
2967924 	 -173.481840000 	 0.446587000 
2968136 	 -173.481840000 	 0.446587000 
2968337 	 -173.481840000 	 0.446587000 
2968536 	 -173.481840000 	 0.446587000 
2968747 	 -173.481840000 	 0.446587000 
2968949 	 -173.481840000 	 0.446587000 
2969178 	 -173.481840000 	 0.446587000 
2969408 	 -173.481840000 	 0.446587000 
2969647 	 -173.481840000 	 0.446587000 
2969862 	 -173.481840000 	 0.446587000 
2970061 	 -173.481840000 	 0.446587000 
2970275 	 -173.481840000 	 0.446587000 
2970507 	 -173.481840000 	 0.446587000 
2970731 	 -173.481840000 	 0.446587000 
2970963 	 -173.481840000 	 0.446587000 
2971180 	 -173.481840000 	 0.446587000 
2971366 	 -173.481840000 	 0.446587000 
2971572 	 -173.481840000 	 0.446587000 
2971777 	 -173.481840000 	 0.446587000 
2971979 	 -173.481840000 	 0.446587000 
2972167 	 -173.481840000 	 0.446587000 
2972372 	 -173.481840000 	 0.446587000 
2972571 	 -173.481840000 	 0.446587000 
2972754 	 -173.481840000 	 0.446587000 
2972944 	 -173.481840000 	 0.446587000 
2973154 	 -173.481840000 	 0.446587000 
2973398 	 -173.481840000 	 0.446587000 
2973635 	 -173.481840000 	 0.446587000 
2973863 	 -173.481840000 	 0.446587000 
2974104 	 -173.481840000 	 0.446587000 
2974348 	 -173.481840000 	 0.446587000 
2974586 	 -173.481840000 	 0.446587000 
2974816 	 -173.481840000 	 0.446587000 
2975066 	 -173.481840000 	 0.446587000 
2975316 	 -173.481840000 	 0.446587000 
2975546 	 -173.481840000 	 0.446587000 
2975753 	 -173.481840000 	 0.446587000 
2975950 	 -173.481840000 	 0.446587000 
2976144 	 -173.481840000 	 0.446587000 
2976335 	 -173.481840000 	 0.446587000 
2976527 	 -173.481840000 	 0.446587000 
2976722 	 -173.481840000 	 0.446587000 
2976911 	 -173.481840000 	 0.446587000 
2977103 	 -173.481840000 	 0.446587000 
2977320 	 -173.481840000 	 0.446587000 
2977536 	 -173.481840000 	 0.446587000 
2977751 	 -173.481840000 	 0.446587000 
2977979 	 -173.481840000 	 0.446587000 
2978212 	 -173.481840000 	 0.446587000 
2978458 	 -173.481840000 	 0.446587000 
2978691 	 -173.481840000 	 0.446587000 
2978914 	 -173.481840000 	 0.446587000 
2979138 	 -173.481840000 	 0.446587000 
2979372 	 -173.481840000 	 0.446587000 
2979606 	 -173.481840000 	 0.446587000 
2979851 	 -173.481840000 	 0.446587000 
2980051 	 -173.481840000 	 0.446587000 
2980237 	 -173.481840000 	 0.446587000 
2980425 	 -173.481840000 	 0.446587000 
2980628 	 -173.481840000 	 0.446587000 
2980818 	 -173.481840000 	 0.446587000 
2981021 	 -173.481840000 	 0.446587000 
2981208 	 -173.481840000 	 0.446587000 
2981412 	 -173.481840000 	 0.446587000 
2981598 	 -173.481840000 	 0.446587000 
2981793 	 -173.481840000 	 0.446587000 
2982032 	 -173.481840000 	 0.446587000 
2982259 	 -173.481840000 	 0.446587000 
2982506 	 -173.481840000 	 0.446587000 
2982732 	 -173.481840000 	 0.446587000 
2982963 	 -173.481840000 	 0.446587000 
2983193 	 -173.481840000 	 0.446587000 
2983429 	 -173.481840000 	 0.446587000 
2983650 	 -173.481840000 	 0.446587000 
2983898 	 -173.481840000 	 0.446587000 
2984126 	 -173.481840000 	 0.446587000 
2984332 	 -173.481840000 	 0.446587000 
2984532 	 -173.481840000 	 0.446587000 
2984746 	 -173.481840000 	 0.446587000 
2984955 	 -173.481840000 	 0.446587000 
2985152 	 -173.481840000 	 0.446587000 
2985369 	 -173.481840000 	 0.446587000 
2985580 	 -173.481840000 	 0.446587000 
2985791 	 -173.481840000 	 0.446587000 
2985996 	 -173.481840000 	 0.446587000 
2986206 	 -173.481840000 	 0.446587000 
2986419 	 -173.481840000 	 0.446587000 
2986639 	 -173.481840000 	 0.446587000 
2986864 	 -173.481840000 	 0.446587000 
2987077 	 -173.481840000 	 0.446587000 
2987303 	 -173.481840000 	 0.446587000 
2987520 	 -173.481840000 	 0.446587000 
2987737 	 -173.481840000 	 0.446587000 
2987960 	 -173.481840000 	 0.446587000 
2988184 	 -173.481840000 	 0.446587000 
2988413 	 -173.481840000 	 0.446587000 
2988631 	 -173.481840000 	 0.446587000 
2988830 	 -173.481840000 	 0.446587000 
2989040 	 -173.481840000 	 0.446587000 
2989259 	 -173.481840000 	 0.446587000 
2989462 	 -173.481840000 	 0.446587000 
2989665 	 -173.481840000 	 0.446587000 
2989873 	 -173.481840000 	 0.446587000 
2990064 	 -173.481840000 	 0.446587000 
2990275 	 -173.481840000 	 0.446587000 
2990488 	 -173.481840000 	 0.446587000 
2990695 	 -173.481840000 	 0.446587000 
2990916 	 -173.481840000 	 0.446587000 
2991136 	 -173.481840000 	 0.446587000 
2991363 	 -173.481840000 	 0.446587000 
2991590 	 -173.481840000 	 0.446587000 
2991806 	 -173.481840000 	 0.446587000 
2992038 	 -173.481840000 	 0.446587000 
2992268 	 -173.481840000 	 0.446587000 
2992478 	 -173.481840000 	 0.446587000 
2992692 	 -173.481840000 	 0.446587000 
2992908 	 -173.481840000 	 0.446587000 
2993106 	 -173.481840000 	 0.446587000 
2993288 	 -173.481840000 	 0.446587000 
2993495 	 -173.481840000 	 0.446587000 
2993690 	 -173.481840000 	 0.446587000 
2993888 	 -173.481840000 	 0.446587000 
2994089 	 -173.481840000 	 0.446587000 
2994286 	 -173.481840000 	 0.446587000 
2994482 	 -173.481840000 	 0.446587000 
2994694 	 -173.481840000 	 0.446587000 
2994897 	 -173.481840000 	 0.446587000 
2995123 	 -173.481840000 	 0.446587000 
2995353 	 -173.481840000 	 0.446587000 
2995575 	 -173.481840000 	 0.446587000 
2995810 	 -173.481840000 	 0.446587000 
2996044 	 -173.481840000 	 0.446587000 
2996269 	 -173.481840000 	 0.446587000 
2996497 	 -173.481840000 	 0.446587000 
2996710 	 -173.481840000 	 0.446587000 
2996933 	 -173.481840000 	 0.446587000 
2997138 	 -173.481840000 	 0.446587000 
2997341 	 -173.481840000 	 0.446587000 
2997552 	 -173.481840000 	 0.446587000 
2997764 	 -173.481840000 	 0.446587000 
2997970 	 -173.481840000 	 0.446587000 
2998184 	 -173.481840000 	 0.446587000 
2998378 	 -173.481840000 	 0.446587000 
2998594 	 -173.481840000 	 0.446587000 
2998804 	 -173.481840000 	 0.446587000 
2999015 	 -173.481840000 	 0.446587000 
2999249 	 -173.481840000 	 0.446587000 
2999451 	 -173.481840000 	 0.446587000 
2999662 	 -173.481840000 	 0.446587000 
2999897 	 -173.481840000 	 0.446587000 
3000108 	 -173.481840000 	 0.446587000 
3000297 	 -173.481840000 	 0.446587000 
3000521 	 -173.481840000 	 0.446587000 
3000731 	 -173.481840000 	 0.446587000 
3000952 	 -173.481840000 	 0.446587000 
3001160 	 -173.481840000 	 0.446587000 
3001395 	 -173.481840000 	 0.446587000 
3001627 	 -173.481840000 	 0.446587000 
3001864 	 -173.481840000 	 0.446587000 
3002089 	 -173.481840000 	 0.446587000 
3002319 	 -173.481840000 	 0.446587000 
3002546 	 -173.481840000 	 0.446587000 
3002776 	 -173.481840000 	 0.446587000 
3003010 	 -173.481840000 	 0.446587000 
3003243 	 -173.481840000 	 0.446587000 
3003474 	 -173.481840000 	 0.446587000 
3003684 	 -173.481840000 	 0.446587000 
3003925 	 -173.481840000 	 0.446587000 
3004151 	 -173.481840000 	 0.446587000 
3004364 	 -173.481840000 	 0.446587000 
3004562 	 -173.481840000 	 0.446587000 
3004770 	 -173.481840000 	 0.446587000 
3004985 	 -173.481840000 	 0.446587000 
3005195 	 -173.481840000 	 0.446587000 
3005414 	 -173.481840000 	 0.446587000 
3005625 	 -173.481840000 	 0.446587000 
3005860 	 -173.481840000 	 0.446587000 
3006080 	 -173.481840000 	 0.446587000 
3006300 	 -173.481840000 	 0.446587000 
3006517 	 -173.481840000 	 0.446587000 
3006727 	 -173.481840000 	 0.446587000 
3006954 	 -173.481840000 	 0.446587000 
3007169 	 -173.481840000 	 0.446587000 
3007384 	 -173.481840000 	 0.446587000 
3007596 	 -173.481840000 	 0.446587000 
3007788 	 -173.481840000 	 0.446587000 
3007982 	 -173.481840000 	 0.446587000 
3008184 	 -173.481840000 	 0.446587000 
3008394 	 -173.481840000 	 0.446587000 
3008585 	 -173.481840000 	 0.446587000 
3008813 	 -173.481840000 	 0.446587000 
3009006 	 -173.481840000 	 0.446587000 
3009210 	 -173.481840000 	 0.446587000 
3009412 	 -173.481840000 	 0.446587000 
3009614 	 -173.481840000 	 0.446587000 
3009820 	 -173.481840000 	 0.446587000 
3010074 	 -173.481840000 	 0.446587000 
3010302 	 -173.481840000 	 0.446587000 
3010528 	 -173.481840000 	 0.446587000 
3010765 	 -173.481840000 	 0.446587000 
3010999 	 -173.481840000 	 0.446587000 
3011245 	 -173.481840000 	 0.446587000 
3011497 	 -173.481840000 	 0.446587000 
3011748 	 -173.481840000 	 0.446587000 
3011985 	 -173.481840000 	 0.446587000 
3012227 	 -173.481840000 	 0.446587000 
3012436 	 -173.481840000 	 0.446587000 
3012641 	 -173.481840000 	 0.446587000 
3012848 	 -173.481840000 	 0.446587000 
3013035 	 -173.481840000 	 0.446587000 
3013251 	 -173.481840000 	 0.446587000 
3013453 	 -173.481840000 	 0.446587000 
3013674 	 -173.481840000 	 0.446587000 
3013863 	 -173.481840000 	 0.446587000 
3014069 	 -173.481840000 	 0.446587000 
3014273 	 -173.481840000 	 0.446587000 
3014491 	 -173.481840000 	 0.446587000 
3014720 	 -173.481840000 	 0.446587000 
3014957 	 -173.481840000 	 0.446587000 
3015193 	 -173.481840000 	 0.446587000 
3015413 	 -173.481840000 	 0.446587000 
3015648 	 -173.481840000 	 0.446587000 
3015883 	 -173.481840000 	 0.446587000 
3016121 	 -173.481840000 	 0.446587000 
3016348 	 -173.481840000 	 0.446587000 
3016584 	 -173.481840000 	 0.446587000 
3016770 	 -173.481840000 	 0.446587000 
3016955 	 -173.481840000 	 0.446587000 
3017154 	 -173.481840000 	 0.446587000 
3017335 	 -173.481840000 	 0.446587000 
3017527 	 -173.481840000 	 0.446587000 
3017724 	 -173.481840000 	 0.446587000 
3017920 	 -173.481840000 	 0.446587000 
3018108 	 -173.481840000 	 0.446587000 
3018309 	 -173.481840000 	 0.446587000 
3018497 	 -173.481840000 	 0.446587000 
3018763 	 -173.481840000 	 0.446587000 
3019003 	 -173.481840000 	 0.446587000 
3019238 	 -173.481840000 	 0.446587000 
3019486 	 -173.481840000 	 0.446587000 
3019730 	 -173.481840000 	 0.446587000 
3019950 	 -173.481840000 	 0.446587000 
3020207 	 -173.481840000 	 0.446587000 
3020438 	 -173.481840000 	 0.446587000 
3020671 	 -173.481840000 	 0.446587000 
3020909 	 -173.481840000 	 0.446587000 
3021116 	 -173.481840000 	 0.446587000 
3021321 	 -173.481840000 	 0.446587000 
3021518 	 -173.481840000 	 0.446587000 
3021733 	 -173.481840000 	 0.446587000 
3021944 	 -173.481840000 	 0.446587000 
3022145 	 -173.481840000 	 0.446587000 
3022352 	 -173.481840000 	 0.446587000 
3022559 	 -173.481840000 	 0.446587000 
3022765 	 -173.481840000 	 0.446587000 
3022972 	 -173.481840000 	 0.446587000 
3023189 	 -173.481840000 	 0.446587000 
3023416 	 -173.481840000 	 0.446587000 
3023637 	 -173.481840000 	 0.446587000 
3023878 	 -173.481840000 	 0.446587000 
3024107 	 -173.481840000 	 0.446587000 
3024356 	 -173.481840000 	 0.446587000 
3024594 	 -173.481840000 	 0.446587000 
3024831 	 -173.481840000 	 0.446587000 
3025071 	 -173.481840000 	 0.446587000 
3025299 	 -173.481840000 	 0.446587000 
3025504 	 -173.481840000 	 0.446587000 
3025704 	 -173.481840000 	 0.446587000 
3025921 	 -173.481840000 	 0.446587000 
3026119 	 -173.481840000 	 0.446587000 
3026327 	 -173.481840000 	 0.446587000 
3026528 	 -173.481840000 	 0.446587000 
3026738 	 -173.481840000 	 0.446587000 
3026941 	 -173.481840000 	 0.446587000 
3027150 	 -173.481840000 	 0.446587000 
3027368 	 -173.481840000 	 0.446587000 
3027587 	 -173.481840000 	 0.446587000 
3027816 	 -173.481840000 	 0.446587000 
3028064 	 -173.481840000 	 0.446587000 
3028287 	 -173.481840000 	 0.446587000 
3028508 	 -173.481840000 	 0.446587000 
3028757 	 -173.481840000 	 0.446587000 
3028987 	 -173.481840000 	 0.446587000 
3029237 	 -173.481840000 	 0.446587000 
3029471 	 -173.481840000 	 0.446587000 
3029708 	 -173.481840000 	 0.446587000 
3029915 	 -173.481840000 	 0.446587000 
3030122 	 -173.481840000 	 0.446587000 
3030338 	 -173.481840000 	 0.446587000 
3030545 	 -173.481840000 	 0.446587000 
3030754 	 -173.481840000 	 0.446587000 
3030957 	 -173.481840000 	 0.446587000 
3031150 	 -173.481840000 	 0.446587000 
3031359 	 -173.481840000 	 0.446587000 
3031558 	 -173.481840000 	 0.446587000 
3031761 	 -173.481840000 	 0.446587000 
3032006 	 -173.481840000 	 0.446587000 
3032234 	 -173.481840000 	 0.446587000 
3032471 	 -173.481840000 	 0.446587000 
3032694 	 -173.481840000 	 0.446587000 
3032928 	 -173.481840000 	 0.446587000 
3033155 	 -173.481840000 	 0.446587000 
3033386 	 -173.481840000 	 0.446587000 
3033606 	 -173.481840000 	 0.446587000 
3033829 	 -173.481840000 	 0.446587000 
3034039 	 -173.481840000 	 0.446587000 
3034259 	 -173.481840000 	 0.446587000 
3034472 	 -173.481840000 	 0.446587000 
3034687 	 -173.481840000 	 0.446587000 
3034886 	 -173.481840000 	 0.446587000 
3035105 	 -173.481840000 	 0.446587000 
3035328 	 -173.481840000 	 0.446587000 
3035549 	 -173.481840000 	 0.446587000 
3035761 	 -173.481840000 	 0.446587000 
3035994 	 -173.481840000 	 0.446587000 
3036201 	 -173.481840000 	 0.446587000 
3036425 	 -173.481840000 	 0.446587000 
3036640 	 -173.481840000 	 0.446587000 
3036876 	 -173.481840000 	 0.446587000 
3037092 	 -173.481840000 	 0.446587000 
3037316 	 -173.481840000 	 0.446587000 
3037554 	 -173.481840000 	 0.446587000 
3037765 	 -173.481840000 	 0.446587000 
3037993 	 -173.481840000 	 0.446587000 
3038217 	 -173.481840000 	 0.446587000 
3038438 	 -173.481840000 	 0.446587000 
3038659 	 -173.481840000 	 0.446587000 
3038873 	 -173.481840000 	 0.446587000 
3039093 	 -173.481840000 	 0.446587000 
3039310 	 -173.481840000 	 0.446587000 
3039533 	 -173.481840000 	 0.446587000 
3039764 	 -173.481840000 	 0.446587000 
3039989 	 -173.481840000 	 0.446587000 
3040220 	 -173.481840000 	 0.446587000 
3040431 	 -173.481840000 	 0.446587000 
3040650 	 -173.481840000 	 0.446587000 
3040863 	 -173.481840000 	 0.446587000 
3041079 	 -173.481840000 	 0.446587000 
3041298 	 -173.481840000 	 0.446587000 
3041491 	 -173.481840000 	 0.446587000 
3041707 	 -173.481840000 	 0.446587000 
3041920 	 -173.481840000 	 0.446587000 
3042127 	 -173.481840000 	 0.446587000 
3042354 	 -173.481840000 	 0.446587000 
3042567 	 -173.481840000 	 0.446587000 
3042780 	 -173.481840000 	 0.446587000 
3043022 	 -173.481840000 	 0.446587000 
3043252 	 -173.481840000 	 0.446587000 
3043489 	 -173.481840000 	 0.446587000 
3043712 	 -173.481840000 	 0.446587000 
3043945 	 -173.481840000 	 0.446587000 
3044166 	 -173.481840000 	 0.446587000 
3044393 	 -173.481840000 	 0.446587000 
3044608 	 -173.481840000 	 0.446587000 
3044831 	 -173.481840000 	 0.446587000 
3045046 	 -173.481840000 	 0.446587000 
3045268 	 -173.481840000 	 0.446587000 
3045475 	 -173.481840000 	 0.446587000 
3045687 	 -173.481840000 	 0.446587000 
3045910 	 -173.481840000 	 0.446587000 
3046126 	 -173.481840000 	 0.446587000 
3046338 	 -173.481840000 	 0.446587000 
3046558 	 -173.481840000 	 0.446587000 
3046756 	 -173.481840000 	 0.446587000 
3046980 	 -173.481840000 	 0.446587000 
3047167 	 -173.481840000 	 0.446587000 
3047383 	 -173.481840000 	 0.446587000 
3047616 	 -173.481840000 	 0.446587000 
3047833 	 -173.481840000 	 0.446587000 
3048053 	 -173.481840000 	 0.446587000 
3048265 	 -173.481840000 	 0.446587000 
3048491 	 -173.481840000 	 0.446587000 
3048722 	 -173.481840000 	 0.446587000 
3048950 	 -173.481840000 	 0.446587000 
3049164 	 -173.481840000 	 0.446587000 
3049392 	 -173.481840000 	 0.446587000 
3049597 	 -173.481840000 	 0.446587000 
3049803 	 -173.481840000 	 0.446587000 
3050010 	 -173.481840000 	 0.446587000 
3050216 	 -173.481840000 	 0.446587000 
3050417 	 -173.481840000 	 0.446587000 
3050627 	 -173.481840000 	 0.446587000 
3050840 	 -173.481840000 	 0.446587000 
3051050 	 -173.481840000 	 0.446587000 
3051253 	 -173.481840000 	 0.446587000 
3051448 	 -173.481840000 	 0.446587000 
3051668 	 -173.481840000 	 0.446587000 
3051903 	 -173.481840000 	 0.446587000 
3052133 	 -173.481840000 	 0.446587000 
3052381 	 -173.481840000 	 0.446587000 
3052589 	 -173.481840000 	 0.446587000 
3052817 	 -173.481840000 	 0.446587000 
3053050 	 -173.481840000 	 0.446587000 
3053280 	 -173.481840000 	 0.446587000 
3053532 	 -173.481840000 	 0.446587000 
3053770 	 -173.481840000 	 0.446587000 
3053973 	 -173.481840000 	 0.446587000 
3054180 	 -173.481840000 	 0.446587000 
3054387 	 -173.481840000 	 0.446587000 
3054590 	 -173.481840000 	 0.446587000 
3054794 	 -173.481840000 	 0.446587000 
3054991 	 -173.481840000 	 0.446587000 
3055202 	 -173.481840000 	 0.446587000 
3055405 	 -173.481840000 	 0.446587000 
3055607 	 -173.481840000 	 0.446587000 
3055799 	 -173.481840000 	 0.446587000 
3056015 	 -173.481840000 	 0.446587000 
3056233 	 -173.481840000 	 0.446587000 
3056473 	 -173.481840000 	 0.446587000 
3056692 	 -173.481840000 	 0.446587000 
3056918 	 -173.481840000 	 0.446587000 
3057128 	 -173.481840000 	 0.446587000 
3057356 	 -173.481840000 	 0.446587000 
3057606 	 -173.481840000 	 0.446587000 
3057836 	 -173.481840000 	 0.446587000 
3058090 	 -173.481840000 	 0.446587000 
3058304 	 -173.481840000 	 0.446587000 
3058506 	 -173.481840000 	 0.446587000 
3058713 	 -173.481840000 	 0.446587000 
3058907 	 -173.481840000 	 0.446587000 
3059118 	 -173.481840000 	 0.446587000 
3059327 	 -173.481840000 	 0.446587000 
3059529 	 -173.481840000 	 0.446587000 
3059732 	 -173.481840000 	 0.446587000 
3059952 	 -173.481840000 	 0.446587000 
3060155 	 -173.481840000 	 0.446587000 
3060381 	 -173.481840000 	 0.446587000 
3060624 	 -173.481840000 	 0.446587000 
3060873 	 -173.481840000 	 0.446587000 
3061106 	 -173.481840000 	 0.446587000 
3061338 	 -173.481840000 	 0.446587000 
3061576 	 -173.481840000 	 0.446587000 
3061800 	 -173.481840000 	 0.446587000 
3062018 	 -173.481840000 	 0.446587000 
3062260 	 -173.481840000 	 0.446587000 
3062490 	 -173.481840000 	 0.446587000 
3062701 	 -173.481840000 	 0.446587000 
3062897 	 -173.481840000 	 0.446587000 
3063098 	 -173.481840000 	 0.446587000 
3063296 	 -173.481840000 	 0.446587000 
3063503 	 -173.481840000 	 0.446587000 
3063701 	 -173.481840000 	 0.446587000 
3063898 	 -173.481840000 	 0.446587000 
3064099 	 -173.481840000 	 0.446587000 
3064312 	 -173.481840000 	 0.446587000 
3064526 	 -173.481840000 	 0.446587000 
3064767 	 -173.481840000 	 0.446587000 
3064999 	 -173.481840000 	 0.446587000 
3065236 	 -173.481840000 	 0.446587000 
3065468 	 -173.481840000 	 0.446587000 
3065698 	 -173.481840000 	 0.446587000 
3065944 	 -173.481840000 	 0.446587000 
3066182 	 -173.481840000 	 0.446587000 
3066415 	 -173.481840000 	 0.446587000 
3066653 	 -173.481840000 	 0.446587000 
3066906 	 -173.481840000 	 0.446587000 
3067113 	 -173.481840000 	 0.446587000 
3067309 	 -173.481840000 	 0.446587000 
3067505 	 -173.481840000 	 0.446587000 
3067708 	 -173.481840000 	 0.446587000 
3067905 	 -173.481840000 	 0.446587000 
3068096 	 -173.481840000 	 0.446587000 
3068303 	 -173.481840000 	 0.446587000 
3068508 	 -173.481840000 	 0.446587000 
3068689 	 -173.481840000 	 0.446587000 
3068869 	 -173.481840000 	 0.446587000 
3069100 	 -173.481840000 	 0.446587000 
3069342 	 -173.481840000 	 0.446587000 
3069579 	 -173.481840000 	 0.446587000 
3069814 	 -173.481840000 	 0.446587000 
3070062 	 -173.481840000 	 0.446587000 
3070292 	 -173.481840000 	 0.446587000 
3070543 	 -173.481840000 	 0.446587000 
3070779 	 -173.481840000 	 0.446587000 
3071019 	 -173.481840000 	 0.446587000 
3071254 	 -173.481840000 	 0.446587000 
3071458 	 -173.481840000 	 0.446587000 
3071643 	 -173.481840000 	 0.446587000 
3071832 	 -173.481840000 	 0.446587000 
3072027 	 -173.481840000 	 0.446587000 
3072214 	 -173.481840000 	 0.446587000 
3072414 	 -173.481840000 	 0.446587000 
3072603 	 -173.481840000 	 0.446587000 
3072794 	 -173.481840000 	 0.446587000 
3072988 	 -173.481840000 	 0.446587000 
3073191 	 -173.481840000 	 0.446587000 
3073435 	 -173.481840000 	 0.446587000 
3073679 	 -173.481840000 	 0.446587000 
3073892 	 -173.481840000 	 0.446587000 
3074128 	 -173.481840000 	 0.446587000 
3074362 	 -173.481840000 	 0.446587000 
3074613 	 -173.481840000 	 0.446587000 
3074856 	 -173.481840000 	 0.446587000 
3075076 	 -173.481840000 	 0.446587000 
3075306 	 -173.481840000 	 0.446587000 
3075547 	 -173.481840000 	 0.446587000 
3075740 	 -173.481840000 	 0.446587000 
3075935 	 -173.481840000 	 0.446587000 
3076139 	 -173.481840000 	 0.446587000 
3076338 	 -173.481840000 	 0.446587000 
3076558 	 -173.481840000 	 0.446587000 
3076770 	 -173.481840000 	 0.446587000 
3076988 	 -173.481840000 	 0.446587000 
3077181 	 -173.481840000 	 0.446587000 
3077387 	 -173.481840000 	 0.446587000 
3077574 	 -173.481840000 	 0.446587000 
3077785 	 -173.481840000 	 0.446587000 
3077999 	 -173.481840000 	 0.446587000 
3078209 	 -173.481840000 	 0.446587000 
3078443 	 -173.481840000 	 0.446587000 
3078658 	 -173.481840000 	 0.446587000 
3078887 	 -173.481840000 	 0.446587000 
3079121 	 -173.481840000 	 0.446587000 
3079358 	 -173.481840000 	 0.446587000 
3079573 	 -173.481840000 	 0.446587000 
3079798 	 -173.481840000 	 0.446587000 
3080005 	 -173.481840000 	 0.446587000 
3080218 	 -173.481840000 	 0.446587000 
3080418 	 -173.481840000 	 0.446587000 
3080635 	 -173.481840000 	 0.446587000 
3080828 	 -173.481840000 	 0.446587000 
3081039 	 -173.481840000 	 0.446587000 
3081249 	 -173.481840000 	 0.446587000 
3081453 	 -173.481840000 	 0.446587000 
3081648 	 -173.481840000 	 0.446587000 
3081855 	 -173.481840000 	 0.446587000 
3082073 	 -173.481840000 	 0.446587000 
3082301 	 -173.481840000 	 0.446587000 
3082523 	 -173.481840000 	 0.446587000 
3082752 	 -173.481840000 	 0.446587000 
3082986 	 -173.481840000 	 0.446587000 
3083216 	 -173.481840000 	 0.446587000 
3083433 	 -173.481840000 	 0.446587000 
3083654 	 -173.481840000 	 0.446587000 
3083879 	 -173.481840000 	 0.446587000 
3084101 	 -173.481840000 	 0.446587000 
3084303 	 -173.481840000 	 0.446587000 
3084515 	 -173.481840000 	 0.446587000 
3084736 	 -173.481840000 	 0.446587000 
3084968 	 -173.481840000 	 0.446587000 
3085174 	 -173.481840000 	 0.446587000 
3085386 	 -173.481840000 	 0.446587000 
3085607 	 -173.481840000 	 0.446587000 
3085822 	 -173.481840000 	 0.446587000 
3086041 	 -173.481840000 	 0.446587000 
3086247 	 -173.481840000 	 0.446587000 
3086466 	 -173.481840000 	 0.446587000 
3086683 	 -173.481840000 	 0.446587000 
3086886 	 -173.481840000 	 0.446587000 
3087089 	 -173.481840000 	 0.446587000 
3087299 	 -173.481840000 	 0.446587000 
3087526 	 -173.481840000 	 0.446587000 
3087731 	 -173.481840000 	 0.446587000 
3087959 	 -173.481840000 	 0.446587000 
3088179 	 -173.481840000 	 0.446587000 
3088389 	 -173.481840000 	 0.446587000 
3088617 	 -173.481840000 	 0.446587000 
3088854 	 -173.481840000 	 0.446587000 
3089082 	 -173.481840000 	 0.446587000 
3089291 	 -173.481840000 	 0.446587000 
3089525 	 -173.481840000 	 0.446587000 
3089751 	 -173.481840000 	 0.446587000 
3089969 	 -173.481840000 	 0.446587000 
3090197 	 -173.481840000 	 0.446587000 
3090414 	 -173.481840000 	 0.446587000 
3090645 	 -173.481840000 	 0.446587000 
3090859 	 -173.481840000 	 0.446587000 
3091084 	 -173.481840000 	 0.446587000 
3091287 	 -173.481840000 	 0.446587000 
3091484 	 -173.481840000 	 0.446587000 
3091713 	 -173.481840000 	 0.446587000 
3091933 	 -173.481840000 	 0.446587000 
3092135 	 -173.481840000 	 0.446587000 
3092350 	 -173.481840000 	 0.446587000 
3092559 	 -173.481840000 	 0.446587000 
3092763 	 -173.481840000 	 0.446587000 
3092984 	 -173.481840000 	 0.446587000 
3093211 	 -173.481840000 	 0.446587000 
3093445 	 -173.481840000 	 0.446587000 
3093694 	 -173.481840000 	 0.446587000 
3093914 	 -173.481840000 	 0.446587000 
3094131 	 -173.481840000 	 0.446587000 
3094367 	 -173.481840000 	 0.446587000 
3094592 	 -173.481840000 	 0.446587000 
3094820 	 -173.481840000 	 0.446587000 
3095063 	 -173.481840000 	 0.446587000 
3095277 	 -173.481840000 	 0.446587000 
3095470 	 -173.481840000 	 0.446587000 
3095672 	 -173.481840000 	 0.446587000 
3095878 	 -173.481840000 	 0.446587000 
3096090 	 -173.481840000 	 0.446587000 
3096311 	 -173.481840000 	 0.446587000 
3096498 	 -173.481840000 	 0.446587000 
3096697 	 -173.481840000 	 0.446587000 
3096910 	 -173.481840000 	 0.446587000 
3097118 	 -173.481840000 	 0.446587000 
3097352 	 -173.481840000 	 0.446587000 
3097592 	 -173.481840000 	 0.446587000 
3097807 	 -173.481840000 	 0.446587000 
3098039 	 -173.481840000 	 0.446587000 
3098250 	 -173.481840000 	 0.446587000 
3098469 	 -173.481840000 	 0.446587000 
3098701 	 -173.481840000 	 0.446587000 
3098937 	 -173.481840000 	 0.446587000 
3099151 	 -173.481840000 	 0.446587000 
3099379 	 -173.481840000 	 0.446587000 
3099574 	 -173.481840000 	 0.446587000 
3099780 	 -173.481840000 	 0.446587000 
3099995 	 -173.481840000 	 0.446587000 
3100210 	 -173.481840000 	 0.446587000 
3100411 	 -173.481840000 	 0.446587000 
3100606 	 -173.481840000 	 0.446587000 
3100812 	 -173.481840000 	 0.446587000 
3101021 	 -173.481840000 	 0.446587000 
3101212 	 -173.481840000 	 0.446587000 
3101402 	 -173.481840000 	 0.446587000 
3101639 	 -173.481840000 	 0.446587000 
3101882 	 -173.481840000 	 0.446587000 
3102127 	 -173.481840000 	 0.446587000 
3102354 	 -173.481840000 	 0.446587000 
3102604 	 -173.481840000 	 0.446587000 
3102834 	 -173.481840000 	 0.446587000 
3103061 	 -173.481840000 	 0.446587000 
3103303 	 -173.481840000 	 0.446587000 
3103525 	 -173.481840000 	 0.446587000 
3103759 	 -173.481840000 	 0.446587000 
3103968 	 -173.481840000 	 0.446587000 
3104169 	 -173.481840000 	 0.446587000 
3104357 	 -173.481840000 	 0.446587000 
3104562 	 -173.481840000 	 0.446587000 
3104770 	 -173.481840000 	 0.446587000 
3104963 	 -173.481840000 	 0.446587000 
3105167 	 -173.481840000 	 0.446587000 
3105373 	 -173.481840000 	 0.446587000 
3105588 	 -173.481840000 	 0.446587000 
3105804 	 -173.481840000 	 0.446587000 
3106039 	 -173.481840000 	 0.446587000 
3106266 	 -173.481840000 	 0.446587000 
3106494 	 -173.481840000 	 0.446587000 
3106720 	 -173.481840000 	 0.446587000 
3106956 	 -173.481840000 	 0.446587000 
3107195 	 -173.481840000 	 0.446587000 
3107450 	 -173.481840000 	 0.446587000 
3107674 	 -173.481840000 	 0.446587000 
3107909 	 -173.481840000 	 0.446587000 
3108137 	 -173.481840000 	 0.446587000 
3108333 	 -173.481840000 	 0.446587000 
3108530 	 -173.481840000 	 0.446587000 
3108719 	 -173.481840000 	 0.446587000 
3108911 	 -173.481840000 	 0.446587000 
3109126 	 -173.481840000 	 0.446587000 
3109315 	 -173.481840000 	 0.446587000 
3109512 	 -173.481840000 	 0.446587000 
3109718 	 -173.481840000 	 0.446587000 
3109912 	 -173.481840000 	 0.446587000 
3110116 	 -173.481840000 	 0.446587000 
3110348 	 -173.481840000 	 0.446587000 
3110569 	 -173.481840000 	 0.446587000 
3110807 	 -173.481840000 	 0.446587000 
3111045 	 -173.481840000 	 0.446587000 
3111273 	 -173.481840000 	 0.446587000 
3111508 	 -173.481840000 	 0.446587000 
3111734 	 -173.481840000 	 0.446587000 
3111957 	 -173.481840000 	 0.446587000 
3112183 	 -173.481840000 	 0.446587000 
3112409 	 -173.481840000 	 0.446587000 
3112613 	 -173.481840000 	 0.446587000 
3112797 	 -173.481840000 	 0.446587000 
3112996 	 -173.481840000 	 0.446587000 
3113185 	 -173.481840000 	 0.446587000 
3113383 	 -173.481840000 	 0.446587000 
3113583 	 -173.481840000 	 0.446587000 
3113779 	 -173.481840000 	 0.446587000 
3113978 	 -173.481840000 	 0.446587000 
3114176 	 -173.481840000 	 0.446587000 
3114364 	 -173.481840000 	 0.446587000 
3114607 	 -173.481840000 	 0.446587000 
3114839 	 -173.481840000 	 0.446587000 
3115056 	 -173.481840000 	 0.446587000 
3115307 	 -173.481840000 	 0.446587000 
3115552 	 -173.481840000 	 0.446587000 
3115771 	 -173.481840000 	 0.446587000 
3116014 	 -173.481840000 	 0.446587000 
3116253 	 -173.481840000 	 0.446587000 
3116504 	 -173.481840000 	 0.446587000 
3116763 	 -173.481840000 	 0.446587000 
3116959 	 -173.481840000 	 0.446587000 
3117144 	 -173.481840000 	 0.446587000 
3117328 	 -173.481840000 	 0.446587000 
3117531 	 -173.481840000 	 0.446587000 
3117740 	 -173.481840000 	 0.446587000 
3117916 	 -173.481840000 	 0.446587000 
3118096 	 -173.481840000 	 0.446587000 
3118289 	 -173.481840000 	 0.446587000 
3118471 	 -173.481840000 	 0.446587000 
3118666 	 -173.481840000 	 0.446587000 
3118910 	 -173.481840000 	 0.446587000 
3119128 	 -173.481840000 	 0.446587000 
3119365 	 -173.481840000 	 0.446587000 
3119596 	 -173.481840000 	 0.446587000 
3119819 	 -173.481840000 	 0.446587000 
3120035 	 -173.481840000 	 0.446587000 
3120258 	 -173.481840000 	 0.446587000 
3120480 	 -173.481840000 	 0.446587000 
3120695 	 -173.481840000 	 0.446587000 
3120939 	 -173.481840000 	 0.446587000 
3121123 	 -173.481840000 	 0.446587000 
3121322 	 -173.481840000 	 0.446587000 
3121531 	 -173.481840000 	 0.446587000 
3121731 	 -173.481840000 	 0.446587000 
3121925 	 -173.481840000 	 0.446587000 
3122136 	 -173.481840000 	 0.446587000 
3122349 	 -173.481840000 	 0.446587000 
3122546 	 -173.481840000 	 0.446587000 
3122751 	 -173.481840000 	 0.446587000 
3122962 	 -173.481840000 	 0.446587000 
3123183 	 -173.481840000 	 0.446587000 
3123394 	 -173.481840000 	 0.446587000 
3123621 	 -173.481840000 	 0.446587000 
3123842 	 -173.481840000 	 0.446587000 
3124073 	 -173.481840000 	 0.446587000 
3124298 	 -173.481840000 	 0.446587000 
3124535 	 -173.481840000 	 0.446587000 
3124756 	 -173.481840000 	 0.446587000 
3124980 	 -173.481840000 	 0.446587000 
3125201 	 -173.481840000 	 0.446587000 
3125409 	 -173.481840000 	 0.446587000 
3125625 	 -173.481840000 	 0.446587000 
3125831 	 -173.481840000 	 0.446587000 
3126034 	 -173.481840000 	 0.446587000 
3126249 	 -173.481840000 	 0.446587000 
3126444 	 -173.481840000 	 0.446587000 
3126647 	 -173.481840000 	 0.446587000 
3126854 	 -173.481840000 	 0.446587000 
3127053 	 -173.481840000 	 0.446587000 
3127243 	 -173.481840000 	 0.446587000 
3127461 	 -173.481840000 	 0.446587000 
3127671 	 -173.481840000 	 0.446587000 
3127888 	 -173.481840000 	 0.446587000 
3128084 	 -173.481840000 	 0.446587000 
3128298 	 -173.481840000 	 0.446587000 
3128510 	 -173.481840000 	 0.446587000 
3128744 	 -173.481840000 	 0.446587000 
3128977 	 -173.481840000 	 0.446587000 
3129186 	 -173.481840000 	 0.446587000 
3129397 	 -173.481840000 	 0.446587000 
3129625 	 -173.481840000 	 0.446587000 
3129844 	 -173.481840000 	 0.446587000 
3130056 	 -173.481840000 	 0.446587000 
3130266 	 -173.481840000 	 0.446587000 
3130479 	 -173.481840000 	 0.446587000 
3130681 	 -173.481840000 	 0.446587000 
3130887 	 -173.481840000 	 0.446587000 
3131106 	 -173.481840000 	 0.446587000 
3131320 	 -173.481840000 	 0.446587000 
3131519 	 -173.481840000 	 0.446587000 
3131735 	 -173.481840000 	 0.446587000 
3131945 	 -173.481840000 	 0.446587000 
3132157 	 -173.481840000 	 0.446587000 
3132370 	 -173.481840000 	 0.446587000 
3132580 	 -173.481840000 	 0.446587000 
3132787 	 -173.481840000 	 0.446587000 
3133019 	 -173.481840000 	 0.446587000 
3133230 	 -173.481840000 	 0.446587000 
3133457 	 -173.481840000 	 0.446587000 
3133670 	 -173.481840000 	 0.446587000 
3133882 	 -173.481840000 	 0.446587000 
3134090 	 -173.481840000 	 0.446587000 
3134313 	 -173.481840000 	 0.446587000 
3134533 	 -173.481840000 	 0.446587000 
3134743 	 -173.481840000 	 0.446587000 
3134957 	 -173.481840000 	 0.446587000 
3135172 	 -173.481840000 	 0.446587000 
3135367 	 -173.481840000 	 0.446587000 
3135578 	 -173.481840000 	 0.446587000 
3135805 	 -173.481840000 	 0.446587000 
3136035 	 -173.481840000 	 0.446587000 
3136253 	 -173.481840000 	 0.446587000 
3136474 	 -173.481840000 	 0.446587000 
3136693 	 -173.481840000 	 0.446587000 
3136901 	 -173.481840000 	 0.446587000 
3137120 	 -173.481840000 	 0.446587000 
3137331 	 -173.481840000 	 0.446587000 
3137546 	 -173.481840000 	 0.446587000 
3137751 	 -173.481840000 	 0.446587000 
3137958 	 -173.481840000 	 0.446587000 
3138198 	 -173.481840000 	 0.446587000 
3138421 	 -173.481840000 	 0.446587000 
3138627 	 -173.481840000 	 0.446587000 
3138842 	 -173.481840000 	 0.446587000 
3139071 	 -173.481840000 	 0.446587000 
3139286 	 -173.481840000 	 0.446587000 
3139517 	 -173.481840000 	 0.446587000 
3139746 	 -173.481840000 	 0.446587000 
3139964 	 -173.481840000 	 0.446587000 
3140194 	 -173.481840000 	 0.446587000 
3140395 	 -173.481840000 	 0.446587000 
3140600 	 -173.481840000 	 0.446587000 
3140814 	 -173.481840000 	 0.446587000 
3141016 	 -173.481840000 	 0.446587000 
3141212 	 -173.481840000 	 0.446587000 
3141397 	 -173.481840000 	 0.446587000 
3141591 	 -173.481840000 	 0.446587000 
3141797 	 -173.481840000 	 0.446587000 
3141987 	 -173.481840000 	 0.446587000 
3142195 	 -173.481840000 	 0.446587000 
3142430 	 -173.481840000 	 0.446587000 
3142672 	 -173.481840000 	 0.446587000 
3142904 	 -173.481840000 	 0.446587000 
3143138 	 -173.481840000 	 0.446587000 
3143367 	 -173.481840000 	 0.446587000 
3143589 	 -173.481840000 	 0.446587000 
3143823 	 -173.481840000 	 0.446587000 
3144053 	 -173.481840000 	 0.446587000 
3144296 	 -173.481840000 	 0.446587000 
3144521 	 -173.481840000 	 0.446587000 
3144726 	 -173.481840000 	 0.446587000 
3144920 	 -173.481840000 	 0.446587000 
3145119 	 -173.481840000 	 0.446587000 
3145330 	 -173.481840000 	 0.446587000 
3145542 	 -173.481840000 	 0.446587000 
3145758 	 -173.481840000 	 0.446587000 
3145983 	 -173.481840000 	 0.446587000 
3146189 	 -173.481840000 	 0.446587000 
3146383 	 -173.481840000 	 0.446587000 
3146575 	 -173.481840000 	 0.446587000 
3146812 	 -173.481840000 	 0.446587000 
3147052 	 -173.481840000 	 0.446587000 
3147268 	 -173.481840000 	 0.446587000 
3147511 	 -173.481840000 	 0.446587000 
3147741 	 -173.481840000 	 0.446587000 
3147966 	 -173.481840000 	 0.446587000 
3148186 	 -173.481840000 	 0.446587000 
3148412 	 -173.481840000 	 0.446587000 
3148649 	 -173.481840000 	 0.446587000 
3148879 	 -173.481840000 	 0.446587000 
3149063 	 -173.481840000 	 0.446587000 
3149253 	 -173.481840000 	 0.446587000 
3149463 	 -173.481840000 	 0.446587000 
3149671 	 -173.481840000 	 0.446587000 
3149866 	 -173.481840000 	 0.446587000 
3150071 	 -173.481840000 	 0.446587000 
3150258 	 -173.481840000 	 0.446587000 
3150476 	 -173.481840000 	 0.446587000 
3150686 	 -173.481840000 	 0.446587000 
3150867 	 -173.481840000 	 0.446587000 
3151098 	 -173.481840000 	 0.446587000 
3151316 	 -173.481840000 	 0.446587000 
3151534 	 -173.481840000 	 0.446587000 
3151774 	 -173.481840000 	 0.446587000 
3152012 	 -173.481840000 	 0.446587000 
3152227 	 -173.481840000 	 0.446587000 
3152453 	 -173.481840000 	 0.446587000 
3152679 	 -173.481840000 	 0.446587000 
3152892 	 -173.481840000 	 0.446587000 
3153137 	 -173.481840000 	 0.446587000 
3153326 	 -173.481840000 	 0.446587000 
3153546 	 -173.481840000 	 0.446587000 
3153752 	 -173.481840000 	 0.446587000 
3153940 	 -173.481840000 	 0.446587000 
3154142 	 -173.481840000 	 0.446587000 
3154350 	 -173.481840000 	 0.446587000 
3154544 	 -173.481840000 	 0.446587000 
3154734 	 -173.481840000 	 0.446587000 
3154941 	 -173.481840000 	 0.446587000 
3155136 	 -173.481840000 	 0.446587000 
3155378 	 -173.481840000 	 0.446587000 
3155600 	 -173.481840000 	 0.446587000 
3155825 	 -173.481840000 	 0.446587000 
3156042 	 -173.481840000 	 0.446587000 
3156282 	 -173.481840000 	 0.446587000 
3156510 	 -173.481840000 	 0.446587000 
3156750 	 -173.481840000 	 0.446587000 
3156971 	 -173.481840000 	 0.446587000 
3157203 	 -173.481840000 	 0.446587000 
3157444 	 -173.481840000 	 0.446587000 
3157651 	 -173.481840000 	 0.446587000 
3157857 	 -173.481840000 	 0.446587000 
3158054 	 -173.481840000 	 0.446587000 
3158261 	 -173.481840000 	 0.446587000 
3158452 	 -173.481840000 	 0.446587000 
3158665 	 -173.481840000 	 0.446587000 
3158883 	 -173.481840000 	 0.446587000 
3159089 	 -173.481840000 	 0.446587000 
3159303 	 -173.481840000 	 0.446587000 
3159490 	 -173.481840000 	 0.446587000 
3159732 	 -173.481840000 	 0.446587000 
3159950 	 -173.481840000 	 0.446587000 
3160179 	 -173.481840000 	 0.446587000 
3160403 	 -173.481840000 	 0.446587000 
3160628 	 -173.481840000 	 0.446587000 
3160860 	 -173.481840000 	 0.446587000 
3161096 	 -173.481840000 	 0.446587000 
3161325 	 -173.481840000 	 0.446587000 
3161562 	 -173.481840000 	 0.446587000 
3161798 	 -173.481840000 	 0.446587000 
3162002 	 -173.481840000 	 0.446587000 
3162190 	 -173.481840000 	 0.446587000 
3162380 	 -173.481840000 	 0.446587000 
3162566 	 -173.481840000 	 0.446587000 
3162774 	 -173.481840000 	 0.446587000 
3162965 	 -173.481840000 	 0.446587000 
3163186 	 -173.481840000 	 0.446587000 
3163379 	 -173.481840000 	 0.446587000 
3163565 	 -173.481840000 	 0.446587000 
3163763 	 -173.481840000 	 0.446587000 
3163986 	 -173.481840000 	 0.446587000 
3164235 	 -173.481840000 	 0.446587000 
3164466 	 -173.481840000 	 0.446587000 
3164682 	 -173.481840000 	 0.446587000 
3164897 	 -173.481840000 	 0.446587000 
3165107 	 -173.481840000 	 0.446587000 
3165352 	 -173.481840000 	 0.446587000 
3165581 	 -173.481840000 	 0.446587000 
3165842 	 -173.481840000 	 0.446587000 
3166071 	 -173.481840000 	 0.446587000 
3166284 	 -173.481840000 	 0.446587000 
3166492 	 -173.481840000 	 0.446587000 
3166698 	 -173.481840000 	 0.446587000 
3166905 	 -173.481840000 	 0.446587000 
3167110 	 -173.481840000 	 0.446587000 
3167321 	 -173.481840000 	 0.446587000 
3167518 	 -173.481840000 	 0.446587000 
3167724 	 -173.481840000 	 0.446587000 
3167928 	 -173.481840000 	 0.446587000 
3168140 	 -173.481840000 	 0.446587000 
3168354 	 -173.481840000 	 0.446587000 
3168584 	 -173.481840000 	 0.446587000 
3168806 	 -173.481840000 	 0.446587000 
3169035 	 -173.481840000 	 0.446587000 
3169262 	 -173.481840000 	 0.446587000 
3169473 	 -173.481840000 	 0.446587000 
3169689 	 -173.481840000 	 0.446587000 
3169912 	 -173.481840000 	 0.446587000 
3170125 	 -173.481840000 	 0.446587000 
3170351 	 -173.481840000 	 0.446587000 
3170565 	 -173.481840000 	 0.446587000 
3170761 	 -173.481840000 	 0.446587000 
3170967 	 -173.481840000 	 0.446587000 
3171167 	 -173.481840000 	 0.446587000 
3171380 	 -173.481840000 	 0.446587000 
3171592 	 -173.481840000 	 0.446587000 
3171789 	 -173.481840000 	 0.446587000 
3171997 	 -173.481840000 	 0.446587000 
3172200 	 -173.481840000 	 0.446587000 
3172405 	 -173.481840000 	 0.446587000 
3172623 	 -173.481840000 	 0.446587000 
3172850 	 -173.481840000 	 0.446587000 
3173078 	 -173.481840000 	 0.446587000 
3173306 	 -173.481840000 	 0.446587000 
3173518 	 -173.481840000 	 0.446587000 
3173739 	 -173.481840000 	 0.446587000 
3173953 	 -173.481840000 	 0.446587000 
3174171 	 -173.481840000 	 0.446587000 
3174387 	 -173.481840000 	 0.446587000 
3174616 	 -173.481840000 	 0.446587000 
3174822 	 -173.481840000 	 0.446587000 
3175034 	 -173.481840000 	 0.446587000 
3175241 	 -173.481840000 	 0.446587000 
3175462 	 -173.481840000 	 0.446587000 
3175682 	 -173.481840000 	 0.446587000 
3175898 	 -173.481840000 	 0.446587000 
3176111 	 -173.481840000 	 0.446587000 
3176322 	 -173.481840000 	 0.446587000 
3176520 	 -173.481840000 	 0.446587000 
3176731 	 -173.481840000 	 0.446587000 
3176919 	 -173.481840000 	 0.446587000 
3177116 	 -173.481840000 	 0.446587000 
3177334 	 -173.481840000 	 0.446587000 
3177539 	 -173.481840000 	 0.446587000 
3177744 	 -173.481840000 	 0.446587000 
3177942 	 -173.481840000 	 0.446587000 
3178146 	 -173.481840000 	 0.446587000 
3178364 	 -173.481840000 	 0.446587000 
3178577 	 -173.481840000 	 0.446587000 
3178789 	 -173.481840000 	 0.446587000 
3178997 	 -173.481840000 	 0.446587000 
3179218 	 -173.481840000 	 0.446587000 
3179458 	 -173.481840000 	 0.446587000 
3179672 	 -173.481840000 	 0.446587000 
3179896 	 -173.481840000 	 0.446587000 
3180099 	 -173.481840000 	 0.446587000 
3180334 	 -173.481840000 	 0.446587000 
3180563 	 -173.481840000 	 0.446587000 
3180788 	 -173.481840000 	 0.446587000 
3181012 	 -173.481840000 	 0.446587000 
3181219 	 -173.481840000 	 0.446587000 
3181430 	 -173.481840000 	 0.446587000 
3181622 	 -173.481840000 	 0.446587000 
3181826 	 -173.481840000 	 0.446587000 
3182021 	 -173.481840000 	 0.446587000 
3182225 	 -173.481840000 	 0.446587000 
3182424 	 -173.481840000 	 0.446587000 
3182635 	 -173.481840000 	 0.446587000 
3182839 	 -173.481840000 	 0.446587000 
3183050 	 -173.481840000 	 0.446587000 
3183280 	 -173.481840000 	 0.446587000 
3183508 	 -173.481840000 	 0.446587000 
3183747 	 -173.481840000 	 0.446587000 
3183967 	 -173.481840000 	 0.446587000 
3184195 	 -173.481840000 	 0.446587000 
3184425 	 -173.481840000 	 0.446587000 
3184665 	 -173.481840000 	 0.446587000 
3184899 	 -173.481840000 	 0.446587000 
3185126 	 -173.481840000 	 0.446587000 
3185365 	 -173.481840000 	 0.446587000 
3185569 	 -173.481840000 	 0.446587000 
3185777 	 -173.481840000 	 0.446587000 
3185983 	 -173.481840000 	 0.446587000 
3186171 	 -173.481840000 	 0.446587000 
3186371 	 -173.481840000 	 0.446587000 
3186596 	 -173.481840000 	 0.446587000 
3186810 	 -173.481840000 	 0.446587000 
3187040 	 -173.481840000 	 0.446587000 
3187235 	 -173.481840000 	 0.446587000 
3187428 	 -173.481840000 	 0.446587000 
3187642 	 -173.481840000 	 0.446587000 
3187858 	 -173.481840000 	 0.446587000 
3188096 	 -173.481840000 	 0.446587000 
3188326 	 -173.481840000 	 0.446587000 
3188547 	 -173.481840000 	 0.446587000 
3188771 	 -173.481840000 	 0.446587000 
3189012 	 -173.481840000 	 0.446587000 
3189232 	 -173.481840000 	 0.446587000 
3189456 	 -173.481840000 	 0.446587000 
3189683 	 -173.481840000 	 0.446587000 
3189873 	 -173.481840000 	 0.446587000 
3190071 	 -173.481840000 	 0.446587000 
3190278 	 -173.481840000 	 0.446587000 
3190481 	 -173.481840000 	 0.446587000 
3190694 	 -173.481840000 	 0.446587000 
3190889 	 -173.481840000 	 0.446587000 
3191084 	 -173.481840000 	 0.446587000 
3191289 	 -173.481840000 	 0.446587000 
3191482 	 -173.481840000 	 0.446587000 
3191681 	 -173.481840000 	 0.446587000 
3191945 	 -173.481840000 	 0.446587000 
3192192 	 -173.481840000 	 0.446587000 
3192429 	 -173.481840000 	 0.446587000 
3192671 	 -173.481840000 	 0.446587000 
3192909 	 -173.481840000 	 0.446587000 
3193143 	 -173.481840000 	 0.446587000 
3193384 	 -173.481840000 	 0.446587000 
3193627 	 -173.481840000 	 0.446587000 
3193877 	 -173.481840000 	 0.446587000 
3194117 	 -173.481840000 	 0.446587000 
3194303 	 -173.481840000 	 0.446587000 
3194500 	 -173.481840000 	 0.446587000 
3194689 	 -173.481840000 	 0.446587000 
3194872 	 -173.481840000 	 0.446587000 
3195070 	 -173.481840000 	 0.446587000 
3195254 	 -173.481840000 	 0.446587000 
3195452 	 -173.481840000 	 0.446587000 
3195645 	 -173.481840000 	 0.446587000 
3195826 	 -173.481840000 	 0.446587000 
3196015 	 -173.481840000 	 0.446587000 
3196247 	 -173.481840000 	 0.446587000 
3196478 	 -173.481840000 	 0.446587000 
3196689 	 -173.481840000 	 0.446587000 
3196921 	 -173.481840000 	 0.446587000 
3197166 	 -173.481840000 	 0.446587000 
3197403 	 -173.481840000 	 0.446587000 
3197661 	 -173.481840000 	 0.446587000 
3197895 	 -173.481840000 	 0.446587000 
3198123 	 -173.481840000 	 0.446587000 
3198362 	 -173.481840000 	 0.446587000 
3198560 	 -173.481840000 	 0.446587000 
3198753 	 -173.481840000 	 0.446587000 
3198950 	 -173.481840000 	 0.446587000 
3199156 	 -173.481840000 	 0.446587000 
3199351 	 -173.481840000 	 0.446587000 
3199555 	 -173.481840000 	 0.446587000 
3199744 	 -173.481840000 	 0.446587000 
3199941 	 -173.481840000 	 0.446587000 
3200146 	 -173.481840000 	 0.446587000 
3200344 	 -173.481840000 	 0.446587000 
3200581 	 -173.481840000 	 0.446587000 
3200836 	 -173.481840000 	 0.446587000 
3201078 	 -173.481840000 	 0.446587000 
3201304 	 -173.481840000 	 0.446587000 
3201535 	 -173.481840000 	 0.446587000 
3201776 	 -173.481840000 	 0.446587000 
3202017 	 -173.481840000 	 0.446587000 
3202251 	 -173.481840000 	 0.446587000 
3202490 	 -173.481840000 	 0.446587000 
3202713 	 -173.481840000 	 0.446587000 
3202923 	 -173.481840000 	 0.446587000 
3203118 	 -173.481840000 	 0.446587000 
3203301 	 -173.481840000 	 0.446587000 
3203511 	 -173.481840000 	 0.446587000 
3203708 	 -173.481840000 	 0.446587000 
3203890 	 -173.481840000 	 0.446587000 
3204065 	 -173.481840000 	 0.446587000 
3204256 	 -173.481840000 	 0.446587000 
3204457 	 -173.481840000 	 0.446587000 
3204643 	 -173.481840000 	 0.446587000 
3204858 	 -173.481840000 	 0.446587000 
3205078 	 -173.481840000 	 0.446587000 
3205299 	 -173.481840000 	 0.446587000 
3205529 	 -173.481840000 	 0.446587000 
3205778 	 -173.481840000 	 0.446587000 
3206007 	 -173.481840000 	 0.446587000 
3206224 	 -173.481840000 	 0.446587000 
3206470 	 -173.481840000 	 0.446587000 
3206705 	 -173.481840000 	 0.446587000 
3206929 	 -173.481840000 	 0.446587000 
3207130 	 -173.481840000 	 0.446587000 
3207334 	 -173.481840000 	 0.446587000 
3207529 	 -173.481840000 	 0.446587000 
3207720 	 -173.481840000 	 0.446587000 
3207919 	 -173.481840000 	 0.446587000 
3208120 	 -173.481840000 	 0.446587000 
3208323 	 -173.481840000 	 0.446587000 
3208527 	 -173.481840000 	 0.446587000 
3208730 	 -173.481840000 	 0.446587000 
3208941 	 -173.481840000 	 0.446587000 
3209169 	 -173.481840000 	 0.446587000 
3209398 	 -173.481840000 	 0.446587000 
3209622 	 -173.481840000 	 0.446587000 
3209839 	 -173.481840000 	 0.446587000 
3210059 	 -173.481840000 	 0.446587000 
3210285 	 -173.481840000 	 0.446587000 
3210500 	 -173.481840000 	 0.446587000 
3210712 	 -173.481840000 	 0.446587000 
3210962 	 -173.481840000 	 0.446587000 
3211191 	 -173.481840000 	 0.446587000 
3211407 	 -173.481840000 	 0.446587000 
3211624 	 -173.481840000 	 0.446587000 
3211827 	 -173.481840000 	 0.446587000 
3212045 	 -173.481840000 	 0.446587000 
3212281 	 -173.481840000 	 0.446587000 
3212496 	 -173.481840000 	 0.446587000 
3212706 	 -173.481840000 	 0.446587000 
3212928 	 -173.481840000 	 0.446587000 
3213148 	 -173.481840000 	 0.446587000 
3213376 	 -173.481840000 	 0.446587000 
3213587 	 -173.481840000 	 0.446587000 
3213800 	 -173.481840000 	 0.446587000 
3214016 	 -173.481840000 	 0.446587000 
3214223 	 -173.481840000 	 0.446587000 
3214449 	 -173.481840000 	 0.446587000 
3214672 	 -173.481840000 	 0.446587000 
3214904 	 -173.481840000 	 0.446587000 
3215128 	 -173.481840000 	 0.446587000 
3215344 	 -173.481840000 	 0.446587000 
3215574 	 -173.481840000 	 0.446587000 
3215789 	 -173.481840000 	 0.446587000 
3216020 	 -173.481840000 	 0.446587000 
3216236 	 -173.481840000 	 0.446587000 
3216458 	 -173.481840000 	 0.446587000 
3216680 	 -173.481840000 	 0.446587000 
3216892 	 -173.481840000 	 0.446587000 
3217113 	 -173.481840000 	 0.446587000 
3217328 	 -173.481840000 	 0.446587000 
3217546 	 -173.481840000 	 0.446587000 
3217761 	 -173.481840000 	 0.446587000 
3217970 	 -173.481840000 	 0.446587000 
3218179 	 -173.481840000 	 0.446587000 
3218400 	 -173.481840000 	 0.446587000 
3218613 	 -173.481840000 	 0.446587000 
3218845 	 -173.481840000 	 0.446587000 
3219065 	 -173.481840000 	 0.446587000 
3219285 	 -173.481840000 	 0.446587000 
3219493 	 -173.481840000 	 0.446587000 
3219698 	 -173.481840000 	 0.446587000 
3219901 	 -173.481840000 	 0.446587000 
3220125 	 -173.481840000 	 0.446587000 
3220360 	 -173.481840000 	 0.446587000 
3220597 	 -173.481840000 	 0.446587000 
3220819 	 -173.481840000 	 0.446587000 
3221043 	 -173.481840000 	 0.446587000 
3221265 	 -173.481840000 	 0.446587000 
3221498 	 -173.481840000 	 0.446587000 
3221724 	 -173.481840000 	 0.446587000 
3221935 	 -173.481840000 	 0.446587000 
3222154 	 -173.481840000 	 0.446587000 
3222366 	 -173.481840000 	 0.446587000 
3222574 	 -173.481840000 	 0.446587000 
3222782 	 -173.481840000 	 0.446587000 
3222994 	 -173.481840000 	 0.446587000 
3223200 	 -173.481840000 	 0.446587000 
3223418 	 -173.481840000 	 0.446587000 
3223647 	 -173.481840000 	 0.446587000 
3223858 	 -173.481840000 	 0.446587000 
3224053 	 -173.481840000 	 0.446587000 
3224269 	 -173.481840000 	 0.446587000 
3224502 	 -173.481840000 	 0.446587000 
3224729 	 -173.481840000 	 0.446587000 
3224944 	 -173.481840000 	 0.446587000 
3225190 	 -173.481840000 	 0.446587000 
3225426 	 -173.481840000 	 0.446587000 
3225657 	 -173.481840000 	 0.446587000 
3225888 	 -173.481840000 	 0.446587000 
3226115 	 -173.481840000 	 0.446587000 
3226370 	 -173.481840000 	 0.446587000 
3226607 	 -173.481840000 	 0.446587000 
3226813 	 -173.481840000 	 0.446587000 
3227027 	 -173.481840000 	 0.446587000 
3227215 	 -173.481840000 	 0.446587000 
3227390 	 -173.481840000 	 0.446587000 
3227589 	 -173.481840000 	 0.446587000 
3227785 	 -173.481840000 	 0.446587000 
3227993 	 -173.481840000 	 0.446587000 
3228194 	 -173.481840000 	 0.446587000 
3228383 	 -173.481840000 	 0.446587000 
3228591 	 -173.481840000 	 0.446587000 
3228818 	 -173.481840000 	 0.446587000 
3229056 	 -173.481840000 	 0.446587000 
3229299 	 -173.481840000 	 0.446587000 
3229521 	 -173.481840000 	 0.446587000 
3229758 	 -173.481840000 	 0.446587000 
3229986 	 -173.481840000 	 0.446587000 
3230214 	 -173.481840000 	 0.446587000 
3230444 	 -173.481840000 	 0.446587000 
3230672 	 -173.481840000 	 0.446587000 
3230914 	 -173.481840000 	 0.446587000 
3231119 	 -173.481840000 	 0.446587000 
3231309 	 -173.481840000 	 0.446587000 
3231510 	 -173.481840000 	 0.446587000 
3231714 	 -173.481840000 	 0.446587000 
3231912 	 -173.481840000 	 0.446587000 
3232131 	 -173.481840000 	 0.446587000 
3232315 	 -173.481840000 	 0.446587000 
3232523 	 -173.481840000 	 0.446587000 
3232715 	 -173.481840000 	 0.446587000 
3232926 	 -173.481840000 	 0.446587000 
3233153 	 -173.481840000 	 0.446587000 
3233381 	 -173.481840000 	 0.446587000 
3233631 	 -173.481840000 	 0.446587000 
3233881 	 -173.481840000 	 0.446587000 
3234093 	 -173.481840000 	 0.446587000 
3234320 	 -173.481840000 	 0.446587000 
3234535 	 -173.481840000 	 0.446587000 
3234771 	 -173.481840000 	 0.446587000 
3235013 	 -173.481840000 	 0.446587000 
3235252 	 -173.481840000 	 0.446587000 
3235444 	 -173.481840000 	 0.446587000 
3235634 	 -173.481840000 	 0.446587000 
3235811 	 -173.481840000 	 0.446587000 
3236009 	 -173.481840000 	 0.446587000 
3236214 	 -173.481840000 	 0.446587000 
3236404 	 -173.481840000 	 0.446587000 
3236593 	 -173.481840000 	 0.446587000 
3236780 	 -173.481840000 	 0.446587000 
3236984 	 -173.481840000 	 0.446587000 
3237178 	 -173.481840000 	 0.446587000 
3237410 	 -173.481840000 	 0.446587000 
3237637 	 -173.481840000 	 0.446587000 
3237867 	 -173.481840000 	 0.446587000 
3238087 	 -173.481840000 	 0.446587000 
3238322 	 -173.481840000 	 0.446587000 
3238557 	 -173.481840000 	 0.446587000 
3238795 	 -173.481840000 	 0.446587000 
3239030 	 -173.481840000 	 0.446587000 
3239277 	 -173.481840000 	 0.446587000 
3239493 	 -173.481840000 	 0.446587000 
3239700 	 -173.481840000 	 0.446587000 
3239922 	 -173.481840000 	 0.446587000 
3240120 	 -173.481840000 	 0.446587000 
3240334 	 -173.481840000 	 0.446587000 
3240554 	 -173.481840000 	 0.446587000 
3240775 	 -173.481840000 	 0.446587000 
3240964 	 -173.481840000 	 0.446587000 
3241174 	 -173.481840000 	 0.446587000 
3241385 	 -173.481840000 	 0.446587000 
3241589 	 -173.481840000 	 0.446587000 
3241807 	 -173.481840000 	 0.446587000 
3242045 	 -173.481840000 	 0.446587000 
3242254 	 -173.481840000 	 0.446587000 
3242497 	 -173.481840000 	 0.446587000 
3242715 	 -173.481840000 	 0.446587000 
3242951 	 -173.481840000 	 0.446587000 
3243172 	 -173.481840000 	 0.446587000 
3243395 	 -173.481840000 	 0.446587000 
3243643 	 -173.481840000 	 0.446587000 
3243857 	 -173.481840000 	 0.446587000 
3244044 	 -173.481840000 	 0.446587000 
3244227 	 -173.481840000 	 0.446587000 
3244433 	 -173.481840000 	 0.446587000 
3244621 	 -173.481840000 	 0.446587000 
3244818 	 -173.481840000 	 0.446587000 
3245017 	 -173.481840000 	 0.446587000 
3245222 	 -173.481840000 	 0.446587000 
3245412 	 -173.481840000 	 0.446587000 
3245615 	 -173.481840000 	 0.446587000 
3245809 	 -173.481840000 	 0.446587000 
3246049 	 -173.481840000 	 0.446587000 
3246268 	 -173.481840000 	 0.446587000 
3246498 	 -173.481840000 	 0.446587000 
3246713 	 -173.481840000 	 0.446587000 
3246950 	 -173.481840000 	 0.446587000 
3247157 	 -173.481840000 	 0.446587000 
3247387 	 -173.481840000 	 0.446587000 
3247621 	 -173.481840000 	 0.446587000 
3247840 	 -173.481840000 	 0.446587000 
3248061 	 -173.481840000 	 0.446587000 
3248282 	 -173.481840000 	 0.446587000 
3248492 	 -173.481840000 	 0.446587000 
3248703 	 -173.481840000 	 0.446587000 
3248911 	 -173.481840000 	 0.446587000 
3249119 	 -173.481840000 	 0.446587000 
3249328 	 -173.481840000 	 0.446587000 
3249524 	 -173.481840000 	 0.446587000 
3249727 	 -173.481840000 	 0.446587000 
3249935 	 -173.481840000 	 0.446587000 
3250131 	 -173.481840000 	 0.446587000 
3250344 	 -173.481840000 	 0.446587000 
3250581 	 -173.481840000 	 0.446587000 
3250817 	 -173.481840000 	 0.446587000 
3251046 	 -173.481840000 	 0.446587000 
3251257 	 -173.481840000 	 0.446587000 
3251491 	 -173.481840000 	 0.446587000 
3251720 	 -173.481840000 	 0.446587000 
3251943 	 -173.481840000 	 0.446587000 
3252175 	 -173.481840000 	 0.446587000 
3252419 	 -173.481840000 	 0.446587000 
3252619 	 -173.481840000 	 0.446587000 
3252823 	 -173.481840000 	 0.446587000 
3253022 	 -173.481840000 	 0.446587000 
3253219 	 -173.481840000 	 0.446587000 
3253423 	 -173.481840000 	 0.446587000 
3253625 	 -173.481840000 	 0.446587000 
3253833 	 -173.481840000 	 0.446587000 
3254048 	 -173.481840000 	 0.446587000 
3254242 	 -173.481840000 	 0.446587000 
3254445 	 -173.481840000 	 0.446587000 
3254669 	 -173.481840000 	 0.446587000 
3254880 	 -173.481840000 	 0.446587000 
3255097 	 -173.481840000 	 0.446587000 
3255308 	 -173.481840000 	 0.446587000 
3255518 	 -173.481840000 	 0.446587000 
3255740 	 -173.481840000 	 0.446587000 
3255956 	 -173.481840000 	 0.446587000 
3256184 	 -173.481840000 	 0.446587000 
3256395 	 -173.481840000 	 0.446587000 
3256614 	 -173.481840000 	 0.446587000 
3256805 	 -173.481840000 	 0.446587000 
3257024 	 -173.481840000 	 0.446587000 
3257230 	 -173.481840000 	 0.446587000 
3257432 	 -173.481840000 	 0.446587000 
3257629 	 -173.481840000 	 0.446587000 
3257820 	 -173.481840000 	 0.446587000 
3258015 	 -173.481840000 	 0.446587000 
3258207 	 -173.481840000 	 0.446587000 
3258416 	 -173.481840000 	 0.446587000 
3258609 	 -173.481840000 	 0.446587000 
3258866 	 -173.481840000 	 0.446587000 
3259071 	 -173.481840000 	 0.446587000 
3259271 	 -173.481840000 	 0.446587000 
3259492 	 -173.481840000 	 0.446587000 
3259704 	 -173.481840000 	 0.446587000 
3259937 	 -173.481840000 	 0.446587000 
3260138 	 -173.488600000 	 0.439827000 
3260361 	 -173.488600000 	 0.439827000 
3260569 	 -173.488600000 	 0.439827000 
3260799 	 -173.488600000 	 0.439827000 
3260985 	 -173.488600000 	 0.439827000 
3261210 	 -173.488600000 	 0.439827000 
3261419 	 -173.488600000 	 0.439827000 
3261620 	 -173.488600000 	 0.439827000 
3261828 	 -173.488600000 	 0.439827000 
3262049 	 -173.488600000 	 0.439827000 
3262266 	 -173.488600000 	 0.439827000 
3262484 	 -173.488600000 	 0.439827000 
3262705 	 -173.488600000 	 0.439827000 
3262912 	 -173.488600000 	 0.439827000 
3263122 	 -173.488600000 	 0.439827000 
3263356 	 -173.488600000 	 0.439827000 
3263553 	 -173.488600000 	 0.439827000 
3263768 	 -173.488600000 	 0.439827000 
3263969 	 -173.488600000 	 0.439827000 
3264175 	 -173.488600000 	 0.439827000 
3264394 	 -173.488600000 	 0.439827000 
3264601 	 -173.488600000 	 0.439827000 
3264813 	 -173.488600000 	 0.439827000 
3265015 	 -173.488600000 	 0.439827000 
3265240 	 -173.488600000 	 0.439827000 
3265458 	 -173.488600000 	 0.439827000 
3265679 	 -173.488600000 	 0.439827000 
3265910 	 -173.488600000 	 0.439827000 
3266134 	 -173.488600000 	 0.439827000 
3266346 	 -173.488600000 	 0.439827000 
3266578 	 -173.488600000 	 0.439827000 
3266796 	 -173.488600000 	 0.439827000 
3267016 	 -173.488600000 	 0.439827000 
3267239 	 -173.488600000 	 0.439827000 
3267444 	 -173.488600000 	 0.439827000 
3267646 	 -173.488600000 	 0.439827000 
3267838 	 -173.488600000 	 0.439827000 
3268055 	 -173.488600000 	 0.439827000 
3268279 	 -173.488600000 	 0.439827000 
3268472 	 -173.488600000 	 0.439827000 
3268678 	 -173.488600000 	 0.439827000 
3268881 	 -173.488600000 	 0.439827000 
3269090 	 -173.488600000 	 0.439827000 
3269293 	 -173.488600000 	 0.439827000 
3269505 	 -173.488600000 	 0.439827000 
3269731 	 -173.488600000 	 0.439827000 
3269949 	 -173.488600000 	 0.439827000 
3270160 	 -173.488600000 	 0.439827000 
3270387 	 -173.488600000 	 0.439827000 
3270630 	 -173.488600000 	 0.439827000 
3270860 	 -173.488600000 	 0.439827000 
3271085 	 -173.488600000 	 0.439827000 
3271293 	 -173.488600000 	 0.439827000 
3271526 	 -173.488600000 	 0.439827000 
3271712 	 -173.488600000 	 0.439827000 
3271919 	 -173.488600000 	 0.439827000 
3272105 	 -173.488600000 	 0.439827000 
3272309 	 -173.488600000 	 0.439827000 
3272503 	 -173.488600000 	 0.439827000 
3272713 	 -173.488600000 	 0.439827000 
3272907 	 -173.488600000 	 0.439827000 
3273098 	 -173.488600000 	 0.439827000 
3273289 	 -173.488600000 	 0.439827000 
3273472 	 -173.488600000 	 0.439827000 
3273699 	 -173.488600000 	 0.439827000 
3273930 	 -173.488600000 	 0.439827000 
3274166 	 -173.488600000 	 0.439827000 
3274407 	 -173.488600000 	 0.439827000 
3274649 	 -173.488600000 	 0.439827000 
3274901 	 -173.488600000 	 0.439827000 
3275139 	 -173.488600000 	 0.439827000 
3275366 	 -173.488600000 	 0.439827000 
3275616 	 -173.488600000 	 0.439827000 
3275857 	 -173.488600000 	 0.439827000 
3276064 	 -173.488600000 	 0.439827000 
3276256 	 -173.488600000 	 0.439827000 
3276463 	 -173.488600000 	 0.439827000 
3276656 	 -173.488600000 	 0.439827000 
3276851 	 -173.488600000 	 0.439827000 
3277025 	 -173.488600000 	 0.439827000 
3277216 	 -173.488600000 	 0.439827000 
3277416 	 -173.488600000 	 0.439827000 
3277611 	 -173.488600000 	 0.439827000 
3277813 	 -173.488600000 	 0.439827000 
3278054 	 -173.488600000 	 0.439827000 
3278294 	 -173.488600000 	 0.439827000 
3278533 	 -173.488600000 	 0.439827000 
3278778 	 -173.488600000 	 0.439827000 
3279016 	 -173.488600000 	 0.439827000 
3279252 	 -173.488600000 	 0.439827000 
3279476 	 -173.488600000 	 0.439827000 
3279724 	 -173.488600000 	 0.439827000 
3279940 	 -173.488600000 	 0.439827000 
3280187 	 -173.488600000 	 0.439827000 
3280374 	 -173.488600000 	 0.439827000 
3280568 	 -173.488600000 	 0.439827000 
3280766 	 -173.488600000 	 0.439827000 
3280968 	 -173.488600000 	 0.439827000 
3281154 	 -173.488600000 	 0.439827000 
3281355 	 -173.488600000 	 0.439827000 
3281572 	 -173.488600000 	 0.439827000 
3281760 	 -173.488600000 	 0.439827000 
3281956 	 -173.488600000 	 0.439827000 
3282156 	 -173.488600000 	 0.439827000 
